
> loongark@0.0.0 storybook:build /workspace/loongark
> storybook build --config-dir .storybook

Unable to save global settings file to /home/agent/.storybook/settings.json
Reason: ENOENT: no such file or directory, mkdir '/home/agent/.storybook'

┌  Building storybook v10.3.6
│
◇  Cleaning outputDir: storybook-static
│
◇  Loading presets
│
◇  Building manager..
│
●  Building preview..
│  Vite vite v7.2.6 building client environment for production...
│  Vite transforming...
[baseline-browser-mapping] The data in this module is over two months old.  To ensure accurate Baseline data, please update: `npm i baseline-browser-mapping@latest -D`
│
▲  Vite
│  node_modules/.pnpm/@ark-ui+react@5.39.2_react-dom@19.2.1_react@19.2.1__react@19.2.1/node_modules/@ark-ui/react/dist/components/color-picker/color-picker.anatomy.js
│  (1:0): Module level directives cause errors when bundled, "use client"
│  in
│  "node_modules/.pnpm/@ark-ui+react@5.39.2_react-dom@19.2.1_react@19.2.1__react@19.2.1/node_modules/@ark-ui/react/dist/components/color-picker/color-picker.anatomy.js"
│  was ignored.
│
▲  Vite
│  node_modules/.pnpm/@ark-ui+react@5.39.2_react-dom@19.2.1_react@19.2.1__react@19.2.1/node_modules/@ark-ui/react/dist/components/color-picker/use-color-picker-context.js
│  (1:0): Module level directives cause errors when bundled, "use client"
│  in
│  "node_modules/.pnpm/@ark-ui+react@5.39.2_react-dom@19.2.1_react@19.2.1__react@19.2.1/node_modules/@ark-ui/react/dist/components/color-picker/use-color-picker-context.js"
│  was ignored.
│
▲  Vite
│  node_modules/.pnpm/@ark-ui+react@5.39.2_react-dom@19.2.1_react@19.2.1__react@19.2.1/node_modules/@ark-ui/react/dist/components/color-picker/color-picker-area.js
│  (1:0): Module level directives cause errors when bundled, "use client"
│  in
│  "node_modules/.pnpm/@ark-ui+react@5.39.2_react-dom@19.2.1_react@19.2.1__react@19.2.1/node_modules/@ark-ui/react/dist/components/color-picker/color-picker-area.js"
│  was ignored.
│
▲  Vite
│  node_modules/.pnpm/@ark-ui+react@5.39.2_react-dom@19.2.1_react@19.2.1__react@19.2.1/node_modules/@ark-ui/react/dist/components/color-picker/color-picker-area-background.js
│  (1:0): Module level directives cause errors when bundled, "use client"
│  in
│  "node_modules/.pnpm/@ark-ui+react@5.39.2_react-dom@19.2.1_react@19.2.1__react@19.2.1/node_modules/@ark-ui/react/dist/components/color-picker/color-picker-area-background.js"
│  was ignored.
│
▲  Vite
│  node_modules/.pnpm/@ark-ui+react@5.39.2_react-dom@19.2.1_react@19.2.1__react@19.2.1/node_modules/@ark-ui/react/dist/components/color-picker/color-picker-area-thumb.js
│  (1:0): Module level directives cause errors when bundled, "use client"
│  in
│  "node_modules/.pnpm/@ark-ui+react@5.39.2_react-dom@19.2.1_react@19.2.1__react@19.2.1/node_modules/@ark-ui/react/dist/components/color-picker/color-picker-area-thumb.js"
│  was ignored.
│
▲  Vite
│  node_modules/.pnpm/@ark-ui+react@5.39.2_react-dom@19.2.1_react@19.2.1__react@19.2.1/node_modules/@ark-ui/react/dist/components/color-picker/color-picker-channel-input.js
│  (1:0): Module level directives cause errors when bundled, "use client"
│  in
│  "node_modules/.pnpm/@ark-ui+react@5.39.2_react-dom@19.2.1_react@19.2.1__react@19.2.1/node_modules/@ark-ui/react/dist/components/color-picker/color-picker-channel-input.js"
│  was ignored.
│
▲  Vite
│  node_modules/.pnpm/@ark-ui+react@5.39.2_react-dom@19.2.1_react@19.2.1__react@19.2.1/node_modules/@ark-ui/react/dist/components/color-picker/color-picker-channel-slider.js
│  (1:0): Module level directives cause errors when bundled, "use client"
│  in
│  "node_modules/.pnpm/@ark-ui+react@5.39.2_react-dom@19.2.1_react@19.2.1__react@19.2.1/node_modules/@ark-ui/react/dist/components/color-picker/color-picker-channel-slider.js"
│  was ignored.
│
▲  Vite
│  node_modules/.pnpm/@ark-ui+react@5.39.2_react-dom@19.2.1_react@19.2.1__react@19.2.1/node_modules/@ark-ui/react/dist/components/color-picker/color-picker-channel-slider-label.js
│  (1:0): Module level directives cause errors when bundled, "use client"
│  in
│  "node_modules/.pnpm/@ark-ui+react@5.39.2_react-dom@19.2.1_react@19.2.1__react@19.2.1/node_modules/@ark-ui/react/dist/components/color-picker/color-picker-channel-slider-label.js"
│  was ignored.
│
▲  Vite
│  node_modules/.pnpm/@ark-ui+react@5.39.2_react-dom@19.2.1_react@19.2.1__react@19.2.1/node_modules/@ark-ui/react/dist/components/color-picker/color-picker-channel-slider-thumb.js
│  (1:0): Module level directives cause errors when bundled, "use client"
│  in
│  "node_modules/.pnpm/@ark-ui+react@5.39.2_react-dom@19.2.1_react@19.2.1__react@19.2.1/node_modules/@ark-ui/react/dist/components/color-picker/color-picker-channel-slider-thumb.js"
│  was ignored.
│
▲  Vite
│  node_modules/.pnpm/@ark-ui+react@5.39.2_react-dom@19.2.1_react@19.2.1__react@19.2.1/node_modules/@ark-ui/react/dist/components/color-picker/color-picker-channel-slider-track.js
│  (1:0): Module level directives cause errors when bundled, "use client"
│  in
│  "node_modules/.pnpm/@ark-ui+react@5.39.2_react-dom@19.2.1_react@19.2.1__react@19.2.1/node_modules/@ark-ui/react/dist/components/color-picker/color-picker-channel-slider-track.js"
│  was ignored.
│
▲  Vite
│  node_modules/.pnpm/@ark-ui+react@5.39.2_react-dom@19.2.1_react@19.2.1__react@19.2.1/node_modules/@ark-ui/react/dist/components/color-picker/color-picker-channel-slider-value-text.js
│  (1:0): Module level directives cause errors when bundled, "use client"
│  in
│  "node_modules/.pnpm/@ark-ui+react@5.39.2_react-dom@19.2.1_react@19.2.1__react@19.2.1/node_modules/@ark-ui/react/dist/components/color-picker/color-picker-channel-slider-value-text.js"
│  was ignored.
│
▲  Vite
│  node_modules/.pnpm/@ark-ui+react@5.39.2_react-dom@19.2.1_react@19.2.1__react@19.2.1/node_modules/@ark-ui/react/dist/components/color-picker/color-picker-content.js
│  (1:0): Module level directives cause errors when bundled, "use client"
│  in
│  "node_modules/.pnpm/@ark-ui+react@5.39.2_react-dom@19.2.1_react@19.2.1__react@19.2.1/node_modules/@ark-ui/react/dist/components/color-picker/color-picker-content.js"
│  was ignored.
│
▲  Vite
│  node_modules/.pnpm/@ark-ui+react@5.39.2_react-dom@19.2.1_react@19.2.1__react@19.2.1/node_modules/@ark-ui/react/dist/components/color-picker/color-picker-context.js
│  (1:0): Module level directives cause errors when bundled, "use client"
│  in
│  "node_modules/.pnpm/@ark-ui+react@5.39.2_react-dom@19.2.1_react@19.2.1__react@19.2.1/node_modules/@ark-ui/react/dist/components/color-picker/color-picker-context.js"
│  was ignored.
│
▲  Vite
│  node_modules/.pnpm/@ark-ui+react@5.39.2_react-dom@19.2.1_react@19.2.1__react@19.2.1/node_modules/@ark-ui/react/dist/components/color-picker/color-picker-control.js
│  (1:0): Module level directives cause errors when bundled, "use client"
│  in
│  "node_modules/.pnpm/@ark-ui+react@5.39.2_react-dom@19.2.1_react@19.2.1__react@19.2.1/node_modules/@ark-ui/react/dist/components/color-picker/color-picker-control.js"
│  was ignored.
│
▲  Vite
│  node_modules/.pnpm/@ark-ui+react@5.39.2_react-dom@19.2.1_react@19.2.1__react@19.2.1/node_modules/@ark-ui/react/dist/components/color-picker/color-picker-eye-dropper-trigger.js
│  (1:0): Module level directives cause errors when bundled, "use client"
│  in
│  "node_modules/.pnpm/@ark-ui+react@5.39.2_react-dom@19.2.1_react@19.2.1__react@19.2.1/node_modules/@ark-ui/react/dist/components/color-picker/color-picker-eye-dropper-trigger.js"
│  was ignored.
│
▲  Vite
│  node_modules/.pnpm/@ark-ui+react@5.39.2_react-dom@19.2.1_react@19.2.1__react@19.2.1/node_modules/@ark-ui/react/dist/components/color-picker/color-picker-format-select.js
│  (1:0): Module level directives cause errors when bundled, "use client"
│  in
│  "node_modules/.pnpm/@ark-ui+react@5.39.2_react-dom@19.2.1_react@19.2.1__react@19.2.1/node_modules/@ark-ui/react/dist/components/color-picker/color-picker-format-select.js"
│  was ignored.
│
▲  Vite
│  node_modules/.pnpm/@ark-ui+react@5.39.2_react-dom@19.2.1_react@19.2.1__react@19.2.1/node_modules/@ark-ui/react/dist/components/color-picker/color-picker-format-trigger.js
│  (1:0): Module level directives cause errors when bundled, "use client"
│  in
│  "node_modules/.pnpm/@ark-ui+react@5.39.2_react-dom@19.2.1_react@19.2.1__react@19.2.1/node_modules/@ark-ui/react/dist/components/color-picker/color-picker-format-trigger.js"
│  was ignored.
│
▲  Vite
│  node_modules/.pnpm/@ark-ui+react@5.39.2_react-dom@19.2.1_react@19.2.1__react@19.2.1/node_modules/@ark-ui/react/dist/components/color-picker/color-picker-hidden-input.js
│  (1:0): Module level directives cause errors when bundled, "use client"
│  in
│  "node_modules/.pnpm/@ark-ui+react@5.39.2_react-dom@19.2.1_react@19.2.1__react@19.2.1/node_modules/@ark-ui/react/dist/components/color-picker/color-picker-hidden-input.js"
│  was ignored.
│
▲  Vite
│  node_modules/.pnpm/@ark-ui+react@5.39.2_react-dom@19.2.1_react@19.2.1__react@19.2.1/node_modules/@ark-ui/react/dist/components/color-picker/color-picker-label.js
│  (1:0): Module level directives cause errors when bundled, "use client"
│  in
│  "node_modules/.pnpm/@ark-ui+react@5.39.2_react-dom@19.2.1_react@19.2.1__react@19.2.1/node_modules/@ark-ui/react/dist/components/color-picker/color-picker-label.js"
│  was ignored.
│
▲  Vite
│  node_modules/.pnpm/@ark-ui+react@5.39.2_react-dom@19.2.1_react@19.2.1__react@19.2.1/node_modules/@ark-ui/react/dist/components/color-picker/color-picker-positioner.js
│  (1:0): Module level directives cause errors when bundled, "use client"
│  in
│  "node_modules/.pnpm/@ark-ui+react@5.39.2_react-dom@19.2.1_react@19.2.1__react@19.2.1/node_modules/@ark-ui/react/dist/components/color-picker/color-picker-positioner.js"
│  was ignored.
│
▲  Vite
│  node_modules/.pnpm/@ark-ui+react@5.39.2_react-dom@19.2.1_react@19.2.1__react@19.2.1/node_modules/@ark-ui/react/dist/components/color-picker/color-picker-root.js
│  (1:0): Module level directives cause errors when bundled, "use client"
│  in
│  "node_modules/.pnpm/@ark-ui+react@5.39.2_react-dom@19.2.1_react@19.2.1__react@19.2.1/node_modules/@ark-ui/react/dist/components/color-picker/color-picker-root.js"
│  was ignored.
│
▲  Vite
│  node_modules/.pnpm/@ark-ui+react@5.39.2_react-dom@19.2.1_react@19.2.1__react@19.2.1/node_modules/@ark-ui/react/dist/components/color-picker/color-picker-root-provider.js
│  (1:0): Module level directives cause errors when bundled, "use client"
│  in
│  "node_modules/.pnpm/@ark-ui+react@5.39.2_react-dom@19.2.1_react@19.2.1__react@19.2.1/node_modules/@ark-ui/react/dist/components/color-picker/color-picker-root-provider.js"
│  was ignored.
│
▲  Vite
│  node_modules/.pnpm/@ark-ui+react@5.39.2_react-dom@19.2.1_react@19.2.1__react@19.2.1/node_modules/@ark-ui/react/dist/components/color-picker/color-picker-swatch.js
│  (1:0): Module level directives cause errors when bundled, "use client"
│  in
│  "node_modules/.pnpm/@ark-ui+react@5.39.2_react-dom@19.2.1_react@19.2.1__react@19.2.1/node_modules/@ark-ui/react/dist/components/color-picker/color-picker-swatch.js"
│  was ignored.
│
▲  Vite
│  node_modules/.pnpm/@ark-ui+react@5.39.2_react-dom@19.2.1_react@19.2.1__react@19.2.1/node_modules/@ark-ui/react/dist/components/color-picker/use-color-picker.js
│  (1:0): Module level directives cause errors when bundled, "use client"
│  in
│  "node_modules/.pnpm/@ark-ui+react@5.39.2_react-dom@19.2.1_react@19.2.1__react@19.2.1/node_modules/@ark-ui/react/dist/components/color-picker/use-color-picker.js"
│  was ignored.
│
▲  Vite
│  node_modules/.pnpm/@ark-ui+react@5.39.2_react-dom@19.2.1_react@19.2.1__react@19.2.1/node_modules/@ark-ui/react/dist/components/color-picker/color-picker-swatch-group.js
│  (1:0): Module level directives cause errors when bundled, "use client"
│  in
│  "node_modules/.pnpm/@ark-ui+react@5.39.2_react-dom@19.2.1_react@19.2.1__react@19.2.1/node_modules/@ark-ui/react/dist/components/color-picker/color-picker-swatch-group.js"
│  was ignored.
│
▲  Vite
│  node_modules/.pnpm/@ark-ui+react@5.39.2_react-dom@19.2.1_react@19.2.1__react@19.2.1/node_modules/@ark-ui/react/dist/components/color-picker/color-picker-swatch-indicator.js
│  (1:0): Module level directives cause errors when bundled, "use client"
│  in
│  "node_modules/.pnpm/@ark-ui+react@5.39.2_react-dom@19.2.1_react@19.2.1__react@19.2.1/node_modules/@ark-ui/react/dist/components/color-picker/color-picker-swatch-indicator.js"
│  was ignored.
│
▲  Vite
│  node_modules/.pnpm/@ark-ui+react@5.39.2_react-dom@19.2.1_react@19.2.1__react@19.2.1/node_modules/@ark-ui/react/dist/components/color-picker/color-picker-swatch-trigger.js
│  (1:0): Module level directives cause errors when bundled, "use client"
│  in
│  "node_modules/.pnpm/@ark-ui+react@5.39.2_react-dom@19.2.1_react@19.2.1__react@19.2.1/node_modules/@ark-ui/react/dist/components/color-picker/color-picker-swatch-trigger.js"
│  was ignored.
│
▲  Vite
│  node_modules/.pnpm/@ark-ui+react@5.39.2_react-dom@19.2.1_react@19.2.1__react@19.2.1/node_modules/@ark-ui/react/dist/components/color-picker/color-picker-transparency-grid.js
│  (1:0): Module level directives cause errors when bundled, "use client"
│  in
│  "node_modules/.pnpm/@ark-ui+react@5.39.2_react-dom@19.2.1_react@19.2.1__react@19.2.1/node_modules/@ark-ui/react/dist/components/color-picker/color-picker-transparency-grid.js"
│  was ignored.
│
▲  Vite
│  node_modules/.pnpm/@ark-ui+react@5.39.2_react-dom@19.2.1_react@19.2.1__react@19.2.1/node_modules/@ark-ui/react/dist/components/color-picker/color-picker-trigger.js
│  (1:0): Module level directives cause errors when bundled, "use client"
│  in
│  "node_modules/.pnpm/@ark-ui+react@5.39.2_react-dom@19.2.1_react@19.2.1__react@19.2.1/node_modules/@ark-ui/react/dist/components/color-picker/color-picker-trigger.js"
│  was ignored.
│
▲  Vite
│  node_modules/.pnpm/@ark-ui+react@5.39.2_react-dom@19.2.1_react@19.2.1__react@19.2.1/node_modules/@ark-ui/react/dist/components/color-picker/color-picker-value-swatch.js
│  (1:0): Module level directives cause errors when bundled, "use client"
│  in
│  "node_modules/.pnpm/@ark-ui+react@5.39.2_react-dom@19.2.1_react@19.2.1__react@19.2.1/node_modules/@ark-ui/react/dist/components/color-picker/color-picker-value-swatch.js"
│  was ignored.
│
▲  Vite
│  node_modules/.pnpm/@ark-ui+react@5.39.2_react-dom@19.2.1_react@19.2.1__react@19.2.1/node_modules/@ark-ui/react/dist/components/color-picker/color-picker-value-text.js
│  (1:0): Module level directives cause errors when bundled, "use client"
│  in
│  "node_modules/.pnpm/@ark-ui+react@5.39.2_react-dom@19.2.1_react@19.2.1__react@19.2.1/node_modules/@ark-ui/react/dist/components/color-picker/color-picker-value-text.js"
│  was ignored.
│
▲  Vite
│  node_modules/.pnpm/@ark-ui+react@5.39.2_react-dom@19.2.1_react@19.2.1__react@19.2.1/node_modules/@ark-ui/react/dist/components/color-picker/color-picker-view.js
│  (1:0): Module level directives cause errors when bundled, "use client"
│  in
│  "node_modules/.pnpm/@ark-ui+react@5.39.2_react-dom@19.2.1_react@19.2.1__react@19.2.1/node_modules/@ark-ui/react/dist/components/color-picker/color-picker-view.js"
│  was ignored.
│
▲  Vite
│  node_modules/.pnpm/@ark-ui+react@5.39.2_react-dom@19.2.1_react@19.2.1__react@19.2.1/node_modules/@ark-ui/react/dist/components/date-picker/date-picker.anatomy.js
│  (1:0): Module level directives cause errors when bundled, "use client"
│  in
│  "node_modules/.pnpm/@ark-ui+react@5.39.2_react-dom@19.2.1_react@19.2.1__react@19.2.1/node_modules/@ark-ui/react/dist/components/date-picker/date-picker.anatomy.js"
│  was ignored.
│
▲  Vite
│  node_modules/.pnpm/@ark-ui+react@5.39.2_react-dom@19.2.1_react@19.2.1__react@19.2.1/node_modules/@ark-ui/react/dist/components/date-picker/use-date-picker-context.js
│  (1:0): Module level directives cause errors when bundled, "use client"
│  in
│  "node_modules/.pnpm/@ark-ui+react@5.39.2_react-dom@19.2.1_react@19.2.1__react@19.2.1/node_modules/@ark-ui/react/dist/components/date-picker/use-date-picker-context.js"
│  was ignored.
│
▲  Vite
│  node_modules/.pnpm/@ark-ui+react@5.39.2_react-dom@19.2.1_react@19.2.1__react@19.2.1/node_modules/@ark-ui/react/dist/components/date-picker/date-picker-clear-trigger.js
│  (1:0): Module level directives cause errors when bundled, "use client"
│  in
│  "node_modules/.pnpm/@ark-ui+react@5.39.2_react-dom@19.2.1_react@19.2.1__react@19.2.1/node_modules/@ark-ui/react/dist/components/date-picker/date-picker-clear-trigger.js"
│  was ignored.
│
▲  Vite
│  node_modules/.pnpm/@ark-ui+react@5.39.2_react-dom@19.2.1_react@19.2.1__react@19.2.1/node_modules/@ark-ui/react/dist/components/date-picker/date-picker-context.js
│  (1:0): Module level directives cause errors when bundled, "use client"
│  in
│  "node_modules/.pnpm/@ark-ui+react@5.39.2_react-dom@19.2.1_react@19.2.1__react@19.2.1/node_modules/@ark-ui/react/dist/components/date-picker/date-picker-context.js"
│  was ignored.
│
▲  Vite
│  node_modules/.pnpm/@ark-ui+react@5.39.2_react-dom@19.2.1_react@19.2.1__react@19.2.1/node_modules/@ark-ui/react/dist/components/date-picker/date-picker-control.js
│  (1:0): Module level directives cause errors when bundled, "use client"
│  in
│  "node_modules/.pnpm/@ark-ui+react@5.39.2_react-dom@19.2.1_react@19.2.1__react@19.2.1/node_modules/@ark-ui/react/dist/components/date-picker/date-picker-control.js"
│  was ignored.
│
▲  Vite
│  node_modules/.pnpm/@ark-ui+react@5.39.2_react-dom@19.2.1_react@19.2.1__react@19.2.1/node_modules/@ark-ui/react/dist/components/date-picker/date-picker-input.js
│  (1:0): Module level directives cause errors when bundled, "use client"
│  in
│  "node_modules/.pnpm/@ark-ui+react@5.39.2_react-dom@19.2.1_react@19.2.1__react@19.2.1/node_modules/@ark-ui/react/dist/components/date-picker/date-picker-input.js"
│  was ignored.
│
▲  Vite
│  node_modules/.pnpm/@ark-ui+react@5.39.2_react-dom@19.2.1_react@19.2.1__react@19.2.1/node_modules/@ark-ui/react/dist/components/date-picker/date-picker-label.js
│  (1:0): Module level directives cause errors when bundled, "use client"
│  in
│  "node_modules/.pnpm/@ark-ui+react@5.39.2_react-dom@19.2.1_react@19.2.1__react@19.2.1/node_modules/@ark-ui/react/dist/components/date-picker/date-picker-label.js"
│  was ignored.
│
▲  Vite
│  node_modules/.pnpm/@ark-ui+react@5.39.2_react-dom@19.2.1_react@19.2.1__react@19.2.1/node_modules/@ark-ui/react/dist/components/date-picker/date-picker-month-select.js
│  (1:0): Module level directives cause errors when bundled, "use client"
│  in
│  "node_modules/.pnpm/@ark-ui+react@5.39.2_react-dom@19.2.1_react@19.2.1__react@19.2.1/node_modules/@ark-ui/react/dist/components/date-picker/date-picker-month-select.js"
│  was ignored.
│
▲  Vite
│  node_modules/.pnpm/@ark-ui+react@5.39.2_react-dom@19.2.1_react@19.2.1__react@19.2.1/node_modules/@ark-ui/react/dist/components/date-picker/date-picker-next-trigger.js
│  (1:0): Module level directives cause errors when bundled, "use client"
│  in
│  "node_modules/.pnpm/@ark-ui+react@5.39.2_react-dom@19.2.1_react@19.2.1__react@19.2.1/node_modules/@ark-ui/react/dist/components/date-picker/date-picker-next-trigger.js"
│  was ignored.
│
▲  Vite
│  node_modules/.pnpm/@ark-ui+react@5.39.2_react-dom@19.2.1_react@19.2.1__react@19.2.1/node_modules/@ark-ui/react/dist/components/date-picker/date-picker-content.js
│  (1:0): Module level directives cause errors when bundled, "use client"
│  in
│  "node_modules/.pnpm/@ark-ui+react@5.39.2_react-dom@19.2.1_react@19.2.1__react@19.2.1/node_modules/@ark-ui/react/dist/components/date-picker/date-picker-content.js"
│  was ignored.
│
▲  Vite
│  node_modules/.pnpm/@ark-ui+react@5.39.2_react-dom@19.2.1_react@19.2.1__react@19.2.1/node_modules/@ark-ui/react/dist/components/date-picker/date-picker-preset-trigger.js
│  (1:0): Module level directives cause errors when bundled, "use client"
│  in
│  "node_modules/.pnpm/@ark-ui+react@5.39.2_react-dom@19.2.1_react@19.2.1__react@19.2.1/node_modules/@ark-ui/react/dist/components/date-picker/date-picker-preset-trigger.js"
│  was ignored.
│
▲  Vite
│  node_modules/.pnpm/@ark-ui+react@5.39.2_react-dom@19.2.1_react@19.2.1__react@19.2.1/node_modules/@ark-ui/react/dist/components/date-picker/date-picker-prev-trigger.js
│  (1:0): Module level directives cause errors when bundled, "use client"
│  in
│  "node_modules/.pnpm/@ark-ui+react@5.39.2_react-dom@19.2.1_react@19.2.1__react@19.2.1/node_modules/@ark-ui/react/dist/components/date-picker/date-picker-prev-trigger.js"
│  was ignored.
│
▲  Vite
│  node_modules/.pnpm/@ark-ui+react@5.39.2_react-dom@19.2.1_react@19.2.1__react@19.2.1/node_modules/@ark-ui/react/dist/components/date-picker/date-picker-positioner.js
│  (1:0): Module level directives cause errors when bundled, "use client"
│  in
│  "node_modules/.pnpm/@ark-ui+react@5.39.2_react-dom@19.2.1_react@19.2.1__react@19.2.1/node_modules/@ark-ui/react/dist/components/date-picker/date-picker-positioner.js"
│  was ignored.
│
▲  Vite
│  node_modules/.pnpm/@ark-ui+react@5.39.2_react-dom@19.2.1_react@19.2.1__react@19.2.1/node_modules/@ark-ui/react/dist/components/date-picker/date-picker-range-text.js
│  (1:0): Module level directives cause errors when bundled, "use client"
│  in
│  "node_modules/.pnpm/@ark-ui+react@5.39.2_react-dom@19.2.1_react@19.2.1__react@19.2.1/node_modules/@ark-ui/react/dist/components/date-picker/date-picker-range-text.js"
│  was ignored.
│
▲  Vite
│  node_modules/.pnpm/@ark-ui+react@5.39.2_react-dom@19.2.1_react@19.2.1__react@19.2.1/node_modules/@ark-ui/react/dist/components/date-picker/date-picker-value-text.js
│  (1:0): Module level directives cause errors when bundled, "use client"
│  in
│  "node_modules/.pnpm/@ark-ui+react@5.39.2_react-dom@19.2.1_react@19.2.1__react@19.2.1/node_modules/@ark-ui/react/dist/components/date-picker/date-picker-value-text.js"
│  was ignored.
│
▲  Vite
│  node_modules/.pnpm/@ark-ui+react@5.39.2_react-dom@19.2.1_react@19.2.1__react@19.2.1/node_modules/@ark-ui/react/dist/components/date-picker/use-date-picker.js
│  (1:0): Module level directives cause errors when bundled, "use client"
│  in
│  "node_modules/.pnpm/@ark-ui+react@5.39.2_react-dom@19.2.1_react@19.2.1__react@19.2.1/node_modules/@ark-ui/react/dist/components/date-picker/use-date-picker.js"
│  was ignored.
│
▲  Vite
│  node_modules/.pnpm/@ark-ui+react@5.39.2_react-dom@19.2.1_react@19.2.1__react@19.2.1/node_modules/@ark-ui/react/dist/components/date-picker/date-picker-root.js
│  (1:0): Module level directives cause errors when bundled, "use client"
│  in
│  "node_modules/.pnpm/@ark-ui+react@5.39.2_react-dom@19.2.1_react@19.2.1__react@19.2.1/node_modules/@ark-ui/react/dist/components/date-picker/date-picker-root.js"
│  was ignored.
│
▲  Vite
│  node_modules/.pnpm/@ark-ui+react@5.39.2_react-dom@19.2.1_react@19.2.1__react@19.2.1/node_modules/@ark-ui/react/dist/components/date-picker/date-picker-root-provider.js
│  (1:0): Module level directives cause errors when bundled, "use client"
│  in
│  "node_modules/.pnpm/@ark-ui+react@5.39.2_react-dom@19.2.1_react@19.2.1__react@19.2.1/node_modules/@ark-ui/react/dist/components/date-picker/date-picker-root-provider.js"
│  was ignored.
│
▲  Vite
│  node_modules/.pnpm/@ark-ui+react@5.39.2_react-dom@19.2.1_react@19.2.1__react@19.2.1/node_modules/@ark-ui/react/dist/components/date-picker/date-picker-table.js
│  (1:0): Module level directives cause errors when bundled, "use client"
│  in
│  "node_modules/.pnpm/@ark-ui+react@5.39.2_react-dom@19.2.1_react@19.2.1__react@19.2.1/node_modules/@ark-ui/react/dist/components/date-picker/date-picker-table.js"
│  was ignored.
│
▲  Vite
│  node_modules/.pnpm/@ark-ui+react@5.39.2_react-dom@19.2.1_react@19.2.1__react@19.2.1/node_modules/@ark-ui/react/dist/components/date-picker/date-picker-table-body.js
│  (1:0): Module level directives cause errors when bundled, "use client"
│  in
│  "node_modules/.pnpm/@ark-ui+react@5.39.2_react-dom@19.2.1_react@19.2.1__react@19.2.1/node_modules/@ark-ui/react/dist/components/date-picker/date-picker-table-body.js"
│  was ignored.
│
▲  Vite
│  node_modules/.pnpm/@ark-ui+react@5.39.2_react-dom@19.2.1_react@19.2.1__react@19.2.1/node_modules/@ark-ui/react/dist/components/date-picker/date-picker-table-cell.js
│  (1:0): Module level directives cause errors when bundled, "use client"
│  in
│  "node_modules/.pnpm/@ark-ui+react@5.39.2_react-dom@19.2.1_react@19.2.1__react@19.2.1/node_modules/@ark-ui/react/dist/components/date-picker/date-picker-table-cell.js"
│  was ignored.
│
▲  Vite
│  node_modules/.pnpm/@ark-ui+react@5.39.2_react-dom@19.2.1_react@19.2.1__react@19.2.1/node_modules/@ark-ui/react/dist/components/date-picker/date-picker-table-cell-trigger.js
│  (1:0): Module level directives cause errors when bundled, "use client"
│  in
│  "node_modules/.pnpm/@ark-ui+react@5.39.2_react-dom@19.2.1_react@19.2.1__react@19.2.1/node_modules/@ark-ui/react/dist/components/date-picker/date-picker-table-cell-trigger.js"
│  was ignored.
│
▲  Vite
│  node_modules/.pnpm/@ark-ui+react@5.39.2_react-dom@19.2.1_react@19.2.1__react@19.2.1/node_modules/@ark-ui/react/dist/components/date-picker/date-picker-table-head.js
│  (1:0): Module level directives cause errors when bundled, "use client"
│  in
│  "node_modules/.pnpm/@ark-ui+react@5.39.2_react-dom@19.2.1_react@19.2.1__react@19.2.1/node_modules/@ark-ui/react/dist/components/date-picker/date-picker-table-head.js"
│  was ignored.
│
▲  Vite
│  node_modules/.pnpm/@ark-ui+react@5.39.2_react-dom@19.2.1_react@19.2.1__react@19.2.1/node_modules/@ark-ui/react/dist/components/date-picker/date-picker-table-header.js
│  (1:0): Module level directives cause errors when bundled, "use client"
│  in
│  "node_modules/.pnpm/@ark-ui+react@5.39.2_react-dom@19.2.1_react@19.2.1__react@19.2.1/node_modules/@ark-ui/react/dist/components/date-picker/date-picker-table-header.js"
│  was ignored.
│
▲  Vite
│  node_modules/.pnpm/@ark-ui+react@5.39.2_react-dom@19.2.1_react@19.2.1__react@19.2.1/node_modules/@ark-ui/react/dist/components/date-picker/date-picker-week-number-header-cell.js
│  (1:0): Module level directives cause errors when bundled, "use client"
│  in
│  "node_modules/.pnpm/@ark-ui+react@5.39.2_react-dom@19.2.1_react@19.2.1__react@19.2.1/node_modules/@ark-ui/react/dist/components/date-picker/date-picker-week-number-header-cell.js"
│  was ignored.
│
▲  Vite
│  node_modules/.pnpm/@ark-ui+react@5.39.2_react-dom@19.2.1_react@19.2.1__react@19.2.1/node_modules/@ark-ui/react/dist/components/date-picker/date-picker-week-number-cell.js
│  (1:0): Module level directives cause errors when bundled, "use client"
│  in
│  "node_modules/.pnpm/@ark-ui+react@5.39.2_react-dom@19.2.1_react@19.2.1__react@19.2.1/node_modules/@ark-ui/react/dist/components/date-picker/date-picker-week-number-cell.js"
│  was ignored.
│
▲  Vite
│  node_modules/.pnpm/@ark-ui+react@5.39.2_react-dom@19.2.1_react@19.2.1__react@19.2.1/node_modules/@ark-ui/react/dist/components/date-picker/date-picker-table-row.js
│  (1:0): Module level directives cause errors when bundled, "use client"
│  in
│  "node_modules/.pnpm/@ark-ui+react@5.39.2_react-dom@19.2.1_react@19.2.1__react@19.2.1/node_modules/@ark-ui/react/dist/components/date-picker/date-picker-table-row.js"
│  was ignored.
│
▲  Vite
│  node_modules/.pnpm/@ark-ui+react@5.39.2_react-dom@19.2.1_react@19.2.1__react@19.2.1/node_modules/@ark-ui/react/dist/components/date-picker/date-picker-trigger.js
│  (1:0): Module level directives cause errors when bundled, "use client"
│  in
│  "node_modules/.pnpm/@ark-ui+react@5.39.2_react-dom@19.2.1_react@19.2.1__react@19.2.1/node_modules/@ark-ui/react/dist/components/date-picker/date-picker-trigger.js"
│  was ignored.
│
▲  Vite
│  node_modules/.pnpm/@ark-ui+react@5.39.2_react-dom@19.2.1_react@19.2.1__react@19.2.1/node_modules/@ark-ui/react/dist/components/date-picker/date-picker-view.js
│  (1:0): Module level directives cause errors when bundled, "use client"
│  in
│  "node_modules/.pnpm/@ark-ui+react@5.39.2_react-dom@19.2.1_react@19.2.1__react@19.2.1/node_modules/@ark-ui/react/dist/components/date-picker/date-picker-view.js"
│  was ignored.
│
▲  Vite
│  node_modules/.pnpm/@ark-ui+react@5.39.2_react-dom@19.2.1_react@19.2.1__react@19.2.1/node_modules/@ark-ui/react/dist/components/date-picker/date-picker-view-control.js
│  (1:0): Module level directives cause errors when bundled, "use client"
│  in
│  "node_modules/.pnpm/@ark-ui+react@5.39.2_react-dom@19.2.1_react@19.2.1__react@19.2.1/node_modules/@ark-ui/react/dist/components/date-picker/date-picker-view-control.js"
│  was ignored.
│
▲  Vite
│  node_modules/.pnpm/@ark-ui+react@5.39.2_react-dom@19.2.1_react@19.2.1__react@19.2.1/node_modules/@ark-ui/react/dist/components/date-picker/date-picker-view-trigger.js
│  (1:0): Module level directives cause errors when bundled, "use client"
│  in
│  "node_modules/.pnpm/@ark-ui+react@5.39.2_react-dom@19.2.1_react@19.2.1__react@19.2.1/node_modules/@ark-ui/react/dist/components/date-picker/date-picker-view-trigger.js"
│  was ignored.
│
▲  Vite
│  node_modules/.pnpm/@ark-ui+react@5.39.2_react-dom@19.2.1_react@19.2.1__react@19.2.1/node_modules/@ark-ui/react/dist/components/date-picker/date-picker-year-select.js
│  (1:0): Module level directives cause errors when bundled, "use client"
│  in
│  "node_modules/.pnpm/@ark-ui+react@5.39.2_react-dom@19.2.1_react@19.2.1__react@19.2.1/node_modules/@ark-ui/react/dist/components/date-picker/date-picker-year-select.js"
│  was ignored.
│
▲  Vite
│  node_modules/.pnpm/@ark-ui+react@5.39.2_react-dom@19.2.1_react@19.2.1__react@19.2.1/node_modules/@ark-ui/react/dist/components/file-upload/file-upload.anatomy.js
│  (1:0): Module level directives cause errors when bundled, "use client"
│  in
│  "node_modules/.pnpm/@ark-ui+react@5.39.2_react-dom@19.2.1_react@19.2.1__react@19.2.1/node_modules/@ark-ui/react/dist/components/file-upload/file-upload.anatomy.js"
│  was ignored.
│
▲  Vite
│  node_modules/.pnpm/@ark-ui+react@5.39.2_react-dom@19.2.1_react@19.2.1__react@19.2.1/node_modules/@ark-ui/react/dist/components/file-upload/use-file-upload-context.js
│  (1:0): Module level directives cause errors when bundled, "use client"
│  in
│  "node_modules/.pnpm/@ark-ui+react@5.39.2_react-dom@19.2.1_react@19.2.1__react@19.2.1/node_modules/@ark-ui/react/dist/components/file-upload/use-file-upload-context.js"
│  was ignored.
│
▲  Vite
│  node_modules/.pnpm/@ark-ui+react@5.39.2_react-dom@19.2.1_react@19.2.1__react@19.2.1/node_modules/@ark-ui/react/dist/components/file-upload/file-upload-clear-trigger.js
│  (1:0): Module level directives cause errors when bundled, "use client"
│  in
│  "node_modules/.pnpm/@ark-ui+react@5.39.2_react-dom@19.2.1_react@19.2.1__react@19.2.1/node_modules/@ark-ui/react/dist/components/file-upload/file-upload-clear-trigger.js"
│  was ignored.
│
▲  Vite
│  node_modules/.pnpm/@ark-ui+react@5.39.2_react-dom@19.2.1_react@19.2.1__react@19.2.1/node_modules/@ark-ui/react/dist/components/file-upload/file-upload-context.js
│  (1:0): Module level directives cause errors when bundled, "use client"
│  in
│  "node_modules/.pnpm/@ark-ui+react@5.39.2_react-dom@19.2.1_react@19.2.1__react@19.2.1/node_modules/@ark-ui/react/dist/components/file-upload/file-upload-context.js"
│  was ignored.
│
▲  Vite
│  node_modules/.pnpm/@ark-ui+react@5.39.2_react-dom@19.2.1_react@19.2.1__react@19.2.1/node_modules/@ark-ui/react/dist/components/file-upload/file-upload-dropzone.js
│  (1:0): Module level directives cause errors when bundled, "use client"
│  in
│  "node_modules/.pnpm/@ark-ui+react@5.39.2_react-dom@19.2.1_react@19.2.1__react@19.2.1/node_modules/@ark-ui/react/dist/components/file-upload/file-upload-dropzone.js"
│  was ignored.
│
▲  Vite
│  node_modules/.pnpm/@ark-ui+react@5.39.2_react-dom@19.2.1_react@19.2.1__react@19.2.1/node_modules/@ark-ui/react/dist/components/file-upload/file-upload-hidden-input.js
│  (1:0): Module level directives cause errors when bundled, "use client"
│  in
│  "node_modules/.pnpm/@ark-ui+react@5.39.2_react-dom@19.2.1_react@19.2.1__react@19.2.1/node_modules/@ark-ui/react/dist/components/file-upload/file-upload-hidden-input.js"
│  was ignored.
│
▲  Vite
│  node_modules/.pnpm/@ark-ui+react@5.39.2_react-dom@19.2.1_react@19.2.1__react@19.2.1/node_modules/@ark-ui/react/dist/components/file-upload/file-upload-item.js
│  (1:0): Module level directives cause errors when bundled, "use client"
│  in
│  "node_modules/.pnpm/@ark-ui+react@5.39.2_react-dom@19.2.1_react@19.2.1__react@19.2.1/node_modules/@ark-ui/react/dist/components/file-upload/file-upload-item.js"
│  was ignored.
│
▲  Vite
│  node_modules/.pnpm/@ark-ui+react@5.39.2_react-dom@19.2.1_react@19.2.1__react@19.2.1/node_modules/@ark-ui/react/dist/components/file-upload/file-upload-item-delete-trigger.js
│  (1:0): Module level directives cause errors when bundled, "use client"
│  in
│  "node_modules/.pnpm/@ark-ui+react@5.39.2_react-dom@19.2.1_react@19.2.1__react@19.2.1/node_modules/@ark-ui/react/dist/components/file-upload/file-upload-item-delete-trigger.js"
│  was ignored.
│
▲  Vite
│  node_modules/.pnpm/@ark-ui+react@5.39.2_react-dom@19.2.1_react@19.2.1__react@19.2.1/node_modules/@ark-ui/react/dist/components/file-upload/file-upload-item-group.js
│  (1:0): Module level directives cause errors when bundled, "use client"
│  in
│  "node_modules/.pnpm/@ark-ui+react@5.39.2_react-dom@19.2.1_react@19.2.1__react@19.2.1/node_modules/@ark-ui/react/dist/components/file-upload/file-upload-item-group.js"
│  was ignored.
│
▲  Vite
│  node_modules/.pnpm/@ark-ui+react@5.39.2_react-dom@19.2.1_react@19.2.1__react@19.2.1/node_modules/@ark-ui/react/dist/components/file-upload/file-upload-item-name.js
│  (1:0): Module level directives cause errors when bundled, "use client"
│  in
│  "node_modules/.pnpm/@ark-ui+react@5.39.2_react-dom@19.2.1_react@19.2.1__react@19.2.1/node_modules/@ark-ui/react/dist/components/file-upload/file-upload-item-name.js"
│  was ignored.
│
▲  Vite
│  node_modules/.pnpm/@ark-ui+react@5.39.2_react-dom@19.2.1_react@19.2.1__react@19.2.1/node_modules/@ark-ui/react/dist/components/file-upload/file-upload-item-preview.js
│  (1:0): Module level directives cause errors when bundled, "use client"
│  in
│  "node_modules/.pnpm/@ark-ui+react@5.39.2_react-dom@19.2.1_react@19.2.1__react@19.2.1/node_modules/@ark-ui/react/dist/components/file-upload/file-upload-item-preview.js"
│  was ignored.
│
▲  Vite
│  node_modules/.pnpm/@ark-ui+react@5.39.2_react-dom@19.2.1_react@19.2.1__react@19.2.1/node_modules/@ark-ui/react/dist/components/file-upload/file-upload-item-preview-image.js
│  (1:0): Module level directives cause errors when bundled, "use client"
│  in
│  "node_modules/.pnpm/@ark-ui+react@5.39.2_react-dom@19.2.1_react@19.2.1__react@19.2.1/node_modules/@ark-ui/react/dist/components/file-upload/file-upload-item-preview-image.js"
│  was ignored.
│
▲  Vite
│  node_modules/.pnpm/@ark-ui+react@5.39.2_react-dom@19.2.1_react@19.2.1__react@19.2.1/node_modules/@ark-ui/react/dist/components/file-upload/file-upload-item-size-text.js
│  (1:0): Module level directives cause errors when bundled, "use client"
│  in
│  "node_modules/.pnpm/@ark-ui+react@5.39.2_react-dom@19.2.1_react@19.2.1__react@19.2.1/node_modules/@ark-ui/react/dist/components/file-upload/file-upload-item-size-text.js"
│  was ignored.
│
▲  Vite
│  node_modules/.pnpm/@ark-ui+react@5.39.2_react-dom@19.2.1_react@19.2.1__react@19.2.1/node_modules/@ark-ui/react/dist/components/file-upload/file-upload-label.js
│  (1:0): Module level directives cause errors when bundled, "use client"
│  in
│  "node_modules/.pnpm/@ark-ui+react@5.39.2_react-dom@19.2.1_react@19.2.1__react@19.2.1/node_modules/@ark-ui/react/dist/components/file-upload/file-upload-label.js"
│  was ignored.
│
▲  Vite
│  node_modules/.pnpm/@ark-ui+react@5.39.2_react-dom@19.2.1_react@19.2.1__react@19.2.1/node_modules/@ark-ui/react/dist/components/file-upload/use-file-upload.js
│  (1:0): Module level directives cause errors when bundled, "use client"
│  in
│  "node_modules/.pnpm/@ark-ui+react@5.39.2_react-dom@19.2.1_react@19.2.1__react@19.2.1/node_modules/@ark-ui/react/dist/components/file-upload/use-file-upload.js"
│  was ignored.
│
▲  Vite
│  node_modules/.pnpm/@ark-ui+react@5.39.2_react-dom@19.2.1_react@19.2.1__react@19.2.1/node_modules/@ark-ui/react/dist/components/file-upload/file-upload-root.js
│  (1:0): Module level directives cause errors when bundled, "use client"
│  in
│  "node_modules/.pnpm/@ark-ui+react@5.39.2_react-dom@19.2.1_react@19.2.1__react@19.2.1/node_modules/@ark-ui/react/dist/components/file-upload/file-upload-root.js"
│  was ignored.
│
▲  Vite
│  node_modules/.pnpm/@ark-ui+react@5.39.2_react-dom@19.2.1_react@19.2.1__react@19.2.1/node_modules/@ark-ui/react/dist/components/file-upload/file-upload-root-provider.js
│  (1:0): Module level directives cause errors when bundled, "use client"
│  in
│  "node_modules/.pnpm/@ark-ui+react@5.39.2_react-dom@19.2.1_react@19.2.1__react@19.2.1/node_modules/@ark-ui/react/dist/components/file-upload/file-upload-root-provider.js"
│  was ignored.
│
▲  Vite
│  node_modules/.pnpm/@ark-ui+react@5.39.2_react-dom@19.2.1_react@19.2.1__react@19.2.1/node_modules/@ark-ui/react/dist/components/file-upload/file-upload-trigger.js
│  (1:0): Module level directives cause errors when bundled, "use client"
│  in
│  "node_modules/.pnpm/@ark-ui+react@5.39.2_react-dom@19.2.1_react@19.2.1__react@19.2.1/node_modules/@ark-ui/react/dist/components/file-upload/file-upload-trigger.js"
│  was ignored.
│
▲  Vite
│  node_modules/.pnpm/@ark-ui+react@5.39.2_react-dom@19.2.1_react@19.2.1__react@19.2.1/node_modules/@ark-ui/react/dist/components/angle-slider/angle-slider.anatomy.js
│  (1:0): Module level directives cause errors when bundled, "use client"
│  in
│  "node_modules/.pnpm/@ark-ui+react@5.39.2_react-dom@19.2.1_react@19.2.1__react@19.2.1/node_modules/@ark-ui/react/dist/components/angle-slider/angle-slider.anatomy.js"
│  was ignored.
│
▲  Vite
│  node_modules/.pnpm/@ark-ui+react@5.39.2_react-dom@19.2.1_react@19.2.1__react@19.2.1/node_modules/@ark-ui/react/dist/components/avatar/avatar.anatomy.js
│  (1:0): Module level directives cause errors when bundled, "use client"
│  in
│  "node_modules/.pnpm/@ark-ui+react@5.39.2_react-dom@19.2.1_react@19.2.1__react@19.2.1/node_modules/@ark-ui/react/dist/components/avatar/avatar.anatomy.js"
│  was ignored.
│
▲  Vite
│  node_modules/.pnpm/@ark-ui+react@5.39.2_react-dom@19.2.1_react@19.2.1__react@19.2.1/node_modules/@ark-ui/react/dist/components/drawer/drawer.anatomy.js
│  (1:0): Module level directives cause errors when bundled, "use client"
│  in
│  "node_modules/.pnpm/@ark-ui+react@5.39.2_react-dom@19.2.1_react@19.2.1__react@19.2.1/node_modules/@ark-ui/react/dist/components/drawer/drawer.anatomy.js"
│  was ignored.
│
▲  Vite
│  node_modules/.pnpm/@ark-ui+react@5.39.2_react-dom@19.2.1_react@19.2.1__react@19.2.1/node_modules/@ark-ui/react/dist/components/carousel/carousel.anatomy.js
│  (1:0): Module level directives cause errors when bundled, "use client"
│  in
│  "node_modules/.pnpm/@ark-ui+react@5.39.2_react-dom@19.2.1_react@19.2.1__react@19.2.1/node_modules/@ark-ui/react/dist/components/carousel/carousel.anatomy.js"
│  was ignored.
│
▲  Vite
│  node_modules/.pnpm/@ark-ui+react@5.39.2_react-dom@19.2.1_react@19.2.1__react@19.2.1/node_modules/@ark-ui/react/dist/components/checkbox/checkbox.anatomy.js
│  (1:0): Module level directives cause errors when bundled, "use client"
│  in
│  "node_modules/.pnpm/@ark-ui+react@5.39.2_react-dom@19.2.1_react@19.2.1__react@19.2.1/node_modules/@ark-ui/react/dist/components/checkbox/checkbox.anatomy.js"
│  was ignored.
│
▲  Vite
│  node_modules/.pnpm/@ark-ui+react@5.39.2_react-dom@19.2.1_react@19.2.1__react@19.2.1/node_modules/@ark-ui/react/dist/components/clipboard/clipboard.anatomy.js
│  (1:0): Module level directives cause errors when bundled, "use client"
│  in
│  "node_modules/.pnpm/@ark-ui+react@5.39.2_react-dom@19.2.1_react@19.2.1__react@19.2.1/node_modules/@ark-ui/react/dist/components/clipboard/clipboard.anatomy.js"
│  was ignored.
│
▲  Vite
│  node_modules/.pnpm/@ark-ui+react@5.39.2_react-dom@19.2.1_react@19.2.1__react@19.2.1/node_modules/@ark-ui/react/dist/components/collapsible/collapsible.anatomy.js
│  (1:0): Module level directives cause errors when bundled, "use client"
│  in
│  "node_modules/.pnpm/@ark-ui+react@5.39.2_react-dom@19.2.1_react@19.2.1__react@19.2.1/node_modules/@ark-ui/react/dist/components/collapsible/collapsible.anatomy.js"
│  was ignored.
│
▲  Vite
│  node_modules/.pnpm/@ark-ui+react@5.39.2_react-dom@19.2.1_react@19.2.1__react@19.2.1/node_modules/@ark-ui/react/dist/components/combobox/combobox.anatomy.js
│  (1:0): Module level directives cause errors when bundled, "use client"
│  in
│  "node_modules/.pnpm/@ark-ui+react@5.39.2_react-dom@19.2.1_react@19.2.1__react@19.2.1/node_modules/@ark-ui/react/dist/components/combobox/combobox.anatomy.js"
│  was ignored.
│
▲  Vite
│  node_modules/.pnpm/@ark-ui+react@5.39.2_react-dom@19.2.1_react@19.2.1__react@19.2.1/node_modules/@ark-ui/react/dist/components/dialog/dialog.anatomy.js
│  (1:0): Module level directives cause errors when bundled, "use client"
│  in
│  "node_modules/.pnpm/@ark-ui+react@5.39.2_react-dom@19.2.1_react@19.2.1__react@19.2.1/node_modules/@ark-ui/react/dist/components/dialog/dialog.anatomy.js"
│  was ignored.
│
▲  Vite
│  node_modules/.pnpm/@ark-ui+react@5.39.2_react-dom@19.2.1_react@19.2.1__react@19.2.1/node_modules/@ark-ui/react/dist/components/editable/editable.anatomy.js
│  (1:0): Module level directives cause errors when bundled, "use client"
│  in
│  "node_modules/.pnpm/@ark-ui+react@5.39.2_react-dom@19.2.1_react@19.2.1__react@19.2.1/node_modules/@ark-ui/react/dist/components/editable/editable.anatomy.js"
│  was ignored.
│
▲  Vite
│  node_modules/.pnpm/@ark-ui+react@5.39.2_react-dom@19.2.1_react@19.2.1__react@19.2.1/node_modules/@ark-ui/react/dist/components/date-input/date-input.anatomy.js
│  (1:0): Module level directives cause errors when bundled, "use client"
│  in
│  "node_modules/.pnpm/@ark-ui+react@5.39.2_react-dom@19.2.1_react@19.2.1__react@19.2.1/node_modules/@ark-ui/react/dist/components/date-input/date-input.anatomy.js"
│  was ignored.
│
▲  Vite
│  node_modules/.pnpm/@ark-ui+react@5.39.2_react-dom@19.2.1_react@19.2.1__react@19.2.1/node_modules/@ark-ui/react/dist/components/field/field.anatomy.js
│  (1:0): Module level directives cause errors when bundled, "use client"
│  in
│  "node_modules/.pnpm/@ark-ui+react@5.39.2_react-dom@19.2.1_react@19.2.1__react@19.2.1/node_modules/@ark-ui/react/dist/components/field/field.anatomy.js"
│  was ignored.
│
▲  Vite
│  node_modules/.pnpm/@ark-ui+react@5.39.2_react-dom@19.2.1_react@19.2.1__react@19.2.1/node_modules/@ark-ui/react/dist/components/fieldset/fieldset.anatomy.js
│  (1:0): Module level directives cause errors when bundled, "use client"
│  in
│  "node_modules/.pnpm/@ark-ui+react@5.39.2_react-dom@19.2.1_react@19.2.1__react@19.2.1/node_modules/@ark-ui/react/dist/components/fieldset/fieldset.anatomy.js"
│  was ignored.
│
▲  Vite
│  node_modules/.pnpm/@ark-ui+react@5.39.2_react-dom@19.2.1_react@19.2.1__react@19.2.1/node_modules/@ark-ui/react/dist/components/floating-panel/floating-panel.anatomy.js
│  (1:0): Module level directives cause errors when bundled, "use client"
│  in
│  "node_modules/.pnpm/@ark-ui+react@5.39.2_react-dom@19.2.1_react@19.2.1__react@19.2.1/node_modules/@ark-ui/react/dist/components/floating-panel/floating-panel.anatomy.js"
│  was ignored.
│
▲  Vite
│  node_modules/.pnpm/@ark-ui+react@5.39.2_react-dom@19.2.1_react@19.2.1__react@19.2.1/node_modules/@ark-ui/react/dist/components/hover-card/hover-card.anatomy.js
│  (1:0): Module level directives cause errors when bundled, "use client"
│  in
│  "node_modules/.pnpm/@ark-ui+react@5.39.2_react-dom@19.2.1_react@19.2.1__react@19.2.1/node_modules/@ark-ui/react/dist/components/hover-card/hover-card.anatomy.js"
│  was ignored.
│
▲  Vite
│  node_modules/.pnpm/@ark-ui+react@5.39.2_react-dom@19.2.1_react@19.2.1__react@19.2.1/node_modules/@ark-ui/react/dist/components/image-cropper/image-cropper.anatomy.js
│  (1:0): Module level directives cause errors when bundled, "use client"
│  in
│  "node_modules/.pnpm/@ark-ui+react@5.39.2_react-dom@19.2.1_react@19.2.1__react@19.2.1/node_modules/@ark-ui/react/dist/components/image-cropper/image-cropper.anatomy.js"
│  was ignored.
│
▲  Vite
│  node_modules/.pnpm/@ark-ui+react@5.39.2_react-dom@19.2.1_react@19.2.1__react@19.2.1/node_modules/@ark-ui/react/dist/components/listbox/listbox.anatomy.js
│  (1:0): Module level directives cause errors when bundled, "use client"
│  in
│  "node_modules/.pnpm/@ark-ui+react@5.39.2_react-dom@19.2.1_react@19.2.1__react@19.2.1/node_modules/@ark-ui/react/dist/components/listbox/listbox.anatomy.js"
│  was ignored.
│
▲  Vite
│  node_modules/.pnpm/@ark-ui+react@5.39.2_react-dom@19.2.1_react@19.2.1__react@19.2.1/node_modules/@ark-ui/react/dist/components/marquee/marquee.anatomy.js
│  (1:0): Module level directives cause errors when bundled, "use client"
│  in
│  "node_modules/.pnpm/@ark-ui+react@5.39.2_react-dom@19.2.1_react@19.2.1__react@19.2.1/node_modules/@ark-ui/react/dist/components/marquee/marquee.anatomy.js"
│  was ignored.
│
▲  Vite
│  node_modules/.pnpm/@ark-ui+react@5.39.2_react-dom@19.2.1_react@19.2.1__react@19.2.1/node_modules/@ark-ui/react/dist/components/menu/menu.anatomy.js
│  (1:0): Module level directives cause errors when bundled, "use client"
│  in
│  "node_modules/.pnpm/@ark-ui+react@5.39.2_react-dom@19.2.1_react@19.2.1__react@19.2.1/node_modules/@ark-ui/react/dist/components/menu/menu.anatomy.js"
│  was ignored.
│
▲  Vite
│  node_modules/.pnpm/@ark-ui+react@5.39.2_react-dom@19.2.1_react@19.2.1__react@19.2.1/node_modules/@ark-ui/react/dist/components/navigation-menu/navigation-menu.anatomy.js
│  (1:0): Module level directives cause errors when bundled, "use client"
│  in
│  "node_modules/.pnpm/@ark-ui+react@5.39.2_react-dom@19.2.1_react@19.2.1__react@19.2.1/node_modules/@ark-ui/react/dist/components/navigation-menu/navigation-menu.anatomy.js"
│  was ignored.
│
▲  Vite
│  node_modules/.pnpm/@ark-ui+react@5.39.2_react-dom@19.2.1_react@19.2.1__react@19.2.1/node_modules/@ark-ui/react/dist/components/number-input/number-input.anatomy.js
│  (1:0): Module level directives cause errors when bundled, "use client"
│  in
│  "node_modules/.pnpm/@ark-ui+react@5.39.2_react-dom@19.2.1_react@19.2.1__react@19.2.1/node_modules/@ark-ui/react/dist/components/number-input/number-input.anatomy.js"
│  was ignored.
│
▲  Vite
│  node_modules/.pnpm/@ark-ui+react@5.39.2_react-dom@19.2.1_react@19.2.1__react@19.2.1/node_modules/@ark-ui/react/dist/components/pagination/pagination.anatomy.js
│  (1:0): Module level directives cause errors when bundled, "use client"
│  in
│  "node_modules/.pnpm/@ark-ui+react@5.39.2_react-dom@19.2.1_react@19.2.1__react@19.2.1/node_modules/@ark-ui/react/dist/components/pagination/pagination.anatomy.js"
│  was ignored.
│
▲  Vite
│  node_modules/.pnpm/@ark-ui+react@5.39.2_react-dom@19.2.1_react@19.2.1__react@19.2.1/node_modules/@ark-ui/react/dist/components/password-input/password-input.anatomy.js
│  (1:0): Module level directives cause errors when bundled, "use client"
│  in
│  "node_modules/.pnpm/@ark-ui+react@5.39.2_react-dom@19.2.1_react@19.2.1__react@19.2.1/node_modules/@ark-ui/react/dist/components/password-input/password-input.anatomy.js"
│  was ignored.
│
▲  Vite
│  node_modules/.pnpm/@ark-ui+react@5.39.2_react-dom@19.2.1_react@19.2.1__react@19.2.1/node_modules/@ark-ui/react/dist/components/pin-input/pin-input.anatomy.js
│  (1:0): Module level directives cause errors when bundled, "use client"
│  in
│  "node_modules/.pnpm/@ark-ui+react@5.39.2_react-dom@19.2.1_react@19.2.1__react@19.2.1/node_modules/@ark-ui/react/dist/components/pin-input/pin-input.anatomy.js"
│  was ignored.
│
▲  Vite
│  node_modules/.pnpm/@ark-ui+react@5.39.2_react-dom@19.2.1_react@19.2.1__react@19.2.1/node_modules/@ark-ui/react/dist/components/progress/progress.anatomy.js
│  (1:0): Module level directives cause errors when bundled, "use client"
│  in
│  "node_modules/.pnpm/@ark-ui+react@5.39.2_react-dom@19.2.1_react@19.2.1__react@19.2.1/node_modules/@ark-ui/react/dist/components/progress/progress.anatomy.js"
│  was ignored.
│
▲  Vite
│  node_modules/.pnpm/@ark-ui+react@5.39.2_react-dom@19.2.1_react@19.2.1__react@19.2.1/node_modules/@ark-ui/react/dist/components/qr-code/qr-code.anatomy.js
│  (1:0): Module level directives cause errors when bundled, "use client"
│  in
│  "node_modules/.pnpm/@ark-ui+react@5.39.2_react-dom@19.2.1_react@19.2.1__react@19.2.1/node_modules/@ark-ui/react/dist/components/qr-code/qr-code.anatomy.js"
│  was ignored.
│
▲  Vite
│  node_modules/.pnpm/@ark-ui+react@5.39.2_react-dom@19.2.1_react@19.2.1__react@19.2.1/node_modules/@ark-ui/react/dist/components/popover/popover.anatomy.js
│  (1:0): Module level directives cause errors when bundled, "use client"
│  in
│  "node_modules/.pnpm/@ark-ui+react@5.39.2_react-dom@19.2.1_react@19.2.1__react@19.2.1/node_modules/@ark-ui/react/dist/components/popover/popover.anatomy.js"
│  was ignored.
│
▲  Vite
│  node_modules/.pnpm/@ark-ui+react@5.39.2_react-dom@19.2.1_react@19.2.1__react@19.2.1/node_modules/@ark-ui/react/dist/components/radio-group/radio-group.anatomy.js
│  (1:0): Module level directives cause errors when bundled, "use client"
│  in
│  "node_modules/.pnpm/@ark-ui+react@5.39.2_react-dom@19.2.1_react@19.2.1__react@19.2.1/node_modules/@ark-ui/react/dist/components/radio-group/radio-group.anatomy.js"
│  was ignored.
│
▲  Vite
│  node_modules/.pnpm/@ark-ui+react@5.39.2_react-dom@19.2.1_react@19.2.1__react@19.2.1/node_modules/@ark-ui/react/dist/components/scroll-area/scroll-area.anatomy.js
│  (1:0): Module level directives cause errors when bundled, "use client"
│  in
│  "node_modules/.pnpm/@ark-ui+react@5.39.2_react-dom@19.2.1_react@19.2.1__react@19.2.1/node_modules/@ark-ui/react/dist/components/scroll-area/scroll-area.anatomy.js"
│  was ignored.
│
▲  Vite
│  node_modules/.pnpm/@ark-ui+react@5.39.2_react-dom@19.2.1_react@19.2.1__react@19.2.1/node_modules/@ark-ui/react/dist/components/rating-group/rating-group.anatomy.js
│  (1:0): Module level directives cause errors when bundled, "use client"
│  in
│  "node_modules/.pnpm/@ark-ui+react@5.39.2_react-dom@19.2.1_react@19.2.1__react@19.2.1/node_modules/@ark-ui/react/dist/components/rating-group/rating-group.anatomy.js"
│  was ignored.
│
▲  Vite
│  node_modules/.pnpm/@ark-ui+react@5.39.2_react-dom@19.2.1_react@19.2.1__react@19.2.1/node_modules/@ark-ui/react/dist/components/segment-group/segment-group.anatomy.js
│  (1:0): Module level directives cause errors when bundled, "use client"
│  in
│  "node_modules/.pnpm/@ark-ui+react@5.39.2_react-dom@19.2.1_react@19.2.1__react@19.2.1/node_modules/@ark-ui/react/dist/components/segment-group/segment-group.anatomy.js"
│  was ignored.
│
▲  Vite
│  node_modules/.pnpm/@ark-ui+react@5.39.2_react-dom@19.2.1_react@19.2.1__react@19.2.1/node_modules/@ark-ui/react/dist/components/select/select.anatomy.js
│  (1:0): Module level directives cause errors when bundled, "use client"
│  in
│  "node_modules/.pnpm/@ark-ui+react@5.39.2_react-dom@19.2.1_react@19.2.1__react@19.2.1/node_modules/@ark-ui/react/dist/components/select/select.anatomy.js"
│  was ignored.
│
▲  Vite
│  node_modules/.pnpm/@ark-ui+react@5.39.2_react-dom@19.2.1_react@19.2.1__react@19.2.1/node_modules/@ark-ui/react/dist/components/signature-pad/signature-pad.anatomy.js
│  (1:0): Module level directives cause errors when bundled, "use client"
│  in
│  "node_modules/.pnpm/@ark-ui+react@5.39.2_react-dom@19.2.1_react@19.2.1__react@19.2.1/node_modules/@ark-ui/react/dist/components/signature-pad/signature-pad.anatomy.js"
│  was ignored.
│
▲  Vite
│  node_modules/.pnpm/@ark-ui+react@5.39.2_react-dom@19.2.1_react@19.2.1__react@19.2.1/node_modules/@ark-ui/react/dist/components/slider/slider.anatomy.js
│  (1:0): Module level directives cause errors when bundled, "use client"
│  in
│  "node_modules/.pnpm/@ark-ui+react@5.39.2_react-dom@19.2.1_react@19.2.1__react@19.2.1/node_modules/@ark-ui/react/dist/components/slider/slider.anatomy.js"
│  was ignored.
│
▲  Vite
│  node_modules/.pnpm/@ark-ui+react@5.39.2_react-dom@19.2.1_react@19.2.1__react@19.2.1/node_modules/@ark-ui/react/dist/components/splitter/splitter.anatomy.js
│  (1:0): Module level directives cause errors when bundled, "use client"
│  in
│  "node_modules/.pnpm/@ark-ui+react@5.39.2_react-dom@19.2.1_react@19.2.1__react@19.2.1/node_modules/@ark-ui/react/dist/components/splitter/splitter.anatomy.js"
│  was ignored.
│
▲  Vite
│  node_modules/.pnpm/@ark-ui+react@5.39.2_react-dom@19.2.1_react@19.2.1__react@19.2.1/node_modules/@ark-ui/react/dist/components/steps/steps.anatomy.js
│  (1:0): Module level directives cause errors when bundled, "use client"
│  in
│  "node_modules/.pnpm/@ark-ui+react@5.39.2_react-dom@19.2.1_react@19.2.1__react@19.2.1/node_modules/@ark-ui/react/dist/components/steps/steps.anatomy.js"
│  was ignored.
│
▲  Vite
│  node_modules/.pnpm/@ark-ui+react@5.39.2_react-dom@19.2.1_react@19.2.1__react@19.2.1/node_modules/@ark-ui/react/dist/components/swap/swap.anatomy.js
│  (1:0): Module level directives cause errors when bundled, "use client"
│  in
│  "node_modules/.pnpm/@ark-ui+react@5.39.2_react-dom@19.2.1_react@19.2.1__react@19.2.1/node_modules/@ark-ui/react/dist/components/swap/swap.anatomy.js"
│  was ignored.
│
▲  Vite
│  node_modules/.pnpm/@ark-ui+react@5.39.2_react-dom@19.2.1_react@19.2.1__react@19.2.1/node_modules/@ark-ui/react/dist/components/switch/switch.anatomy.js
│  (1:0): Module level directives cause errors when bundled, "use client"
│  in
│  "node_modules/.pnpm/@ark-ui+react@5.39.2_react-dom@19.2.1_react@19.2.1__react@19.2.1/node_modules/@ark-ui/react/dist/components/switch/switch.anatomy.js"
│  was ignored.
│
▲  Vite
│  node_modules/.pnpm/@ark-ui+react@5.39.2_react-dom@19.2.1_react@19.2.1__react@19.2.1/node_modules/@ark-ui/react/dist/components/tabs/tabs.anatomy.js
│  (1:0): Module level directives cause errors when bundled, "use client"
│  in
│  "node_modules/.pnpm/@ark-ui+react@5.39.2_react-dom@19.2.1_react@19.2.1__react@19.2.1/node_modules/@ark-ui/react/dist/components/tabs/tabs.anatomy.js"
│  was ignored.
│
▲  Vite
│  node_modules/.pnpm/@ark-ui+react@5.39.2_react-dom@19.2.1_react@19.2.1__react@19.2.1/node_modules/@ark-ui/react/dist/components/tags-input/tags-input.anatomy.js
│  (1:0): Module level directives cause errors when bundled, "use client"
│  in
│  "node_modules/.pnpm/@ark-ui+react@5.39.2_react-dom@19.2.1_react@19.2.1__react@19.2.1/node_modules/@ark-ui/react/dist/components/tags-input/tags-input.anatomy.js"
│  was ignored.
│
▲  Vite
│  node_modules/.pnpm/@ark-ui+react@5.39.2_react-dom@19.2.1_react@19.2.1__react@19.2.1/node_modules/@ark-ui/react/dist/components/timer/timer.anatomy.js
│  (1:0): Module level directives cause errors when bundled, "use client"
│  in
│  "node_modules/.pnpm/@ark-ui+react@5.39.2_react-dom@19.2.1_react@19.2.1__react@19.2.1/node_modules/@ark-ui/react/dist/components/timer/timer.anatomy.js"
│  was ignored.
│
▲  Vite
│  node_modules/.pnpm/@ark-ui+react@5.39.2_react-dom@19.2.1_react@19.2.1__react@19.2.1/node_modules/@ark-ui/react/dist/components/toast/toast.anatomy.js
│  (1:0): Module level directives cause errors when bundled, "use client"
│  in
│  "node_modules/.pnpm/@ark-ui+react@5.39.2_react-dom@19.2.1_react@19.2.1__react@19.2.1/node_modules/@ark-ui/react/dist/components/toast/toast.anatomy.js"
│  was ignored.
│
▲  Vite
│  node_modules/.pnpm/@ark-ui+react@5.39.2_react-dom@19.2.1_react@19.2.1__react@19.2.1/node_modules/@ark-ui/react/dist/components/toggle/toggle.anatomy.js
│  (1:0): Module level directives cause errors when bundled, "use client"
│  in
│  "node_modules/.pnpm/@ark-ui+react@5.39.2_react-dom@19.2.1_react@19.2.1__react@19.2.1/node_modules/@ark-ui/react/dist/components/toggle/toggle.anatomy.js"
│  was ignored.
│
▲  Vite
│  node_modules/.pnpm/@ark-ui+react@5.39.2_react-dom@19.2.1_react@19.2.1__react@19.2.1/node_modules/@ark-ui/react/dist/components/toggle-group/toggle-group.anatomy.js
│  (1:0): Module level directives cause errors when bundled, "use client"
│  in
│  "node_modules/.pnpm/@ark-ui+react@5.39.2_react-dom@19.2.1_react@19.2.1__react@19.2.1/node_modules/@ark-ui/react/dist/components/toggle-group/toggle-group.anatomy.js"
│  was ignored.
│
▲  Vite
│  node_modules/.pnpm/@ark-ui+react@5.39.2_react-dom@19.2.1_react@19.2.1__react@19.2.1/node_modules/@ark-ui/react/dist/components/tooltip/tooltip.anatomy.js
│  (1:0): Module level directives cause errors when bundled, "use client"
│  in
│  "node_modules/.pnpm/@ark-ui+react@5.39.2_react-dom@19.2.1_react@19.2.1__react@19.2.1/node_modules/@ark-ui/react/dist/components/tooltip/tooltip.anatomy.js"
│  was ignored.
│
▲  Vite
│  node_modules/.pnpm/@ark-ui+react@5.39.2_react-dom@19.2.1_react@19.2.1__react@19.2.1/node_modules/@ark-ui/react/dist/components/tour/tour.anatomy.js
│  (1:0): Module level directives cause errors when bundled, "use client"
│  in
│  "node_modules/.pnpm/@ark-ui+react@5.39.2_react-dom@19.2.1_react@19.2.1__react@19.2.1/node_modules/@ark-ui/react/dist/components/tour/tour.anatomy.js"
│  was ignored.
│
▲  Vite
│  node_modules/.pnpm/@ark-ui+react@5.39.2_react-dom@19.2.1_react@19.2.1__react@19.2.1/node_modules/@ark-ui/react/dist/components/tree-view/tree-view.anatomy.js
│  (1:0): Module level directives cause errors when bundled, "use client"
│  in
│  "node_modules/.pnpm/@ark-ui+react@5.39.2_react-dom@19.2.1_react@19.2.1__react@19.2.1/node_modules/@ark-ui/react/dist/components/tree-view/tree-view.anatomy.js"
│  was ignored.
│
▲  Vite
│  node_modules/.pnpm/@ark-ui+react@5.39.2_react-dom@19.2.1_react@19.2.1__react@19.2.1/node_modules/@ark-ui/react/dist/components/accordion/use-accordion-context.js
│  (1:0): Module level directives cause errors when bundled, "use client"
│  in
│  "node_modules/.pnpm/@ark-ui+react@5.39.2_react-dom@19.2.1_react@19.2.1__react@19.2.1/node_modules/@ark-ui/react/dist/components/accordion/use-accordion-context.js"
│  was ignored.
│
▲  Vite
│  node_modules/.pnpm/@ark-ui+react@5.39.2_react-dom@19.2.1_react@19.2.1__react@19.2.1/node_modules/@ark-ui/react/dist/components/accordion/accordion-context.js
│  (1:0): Module level directives cause errors when bundled, "use client"
│  in
│  "node_modules/.pnpm/@ark-ui+react@5.39.2_react-dom@19.2.1_react@19.2.1__react@19.2.1/node_modules/@ark-ui/react/dist/components/accordion/accordion-context.js"
│  was ignored.
│
▲  Vite
│  node_modules/.pnpm/@ark-ui+react@5.39.2_react-dom@19.2.1_react@19.2.1__react@19.2.1/node_modules/@ark-ui/react/dist/components/accordion/use-accordion-item-context.js
│  (1:0): Module level directives cause errors when bundled, "use client"
│  in
│  "node_modules/.pnpm/@ark-ui+react@5.39.2_react-dom@19.2.1_react@19.2.1__react@19.2.1/node_modules/@ark-ui/react/dist/components/accordion/use-accordion-item-context.js"
│  was ignored.
│
▲  Vite
│  node_modules/.pnpm/@ark-ui+react@5.39.2_react-dom@19.2.1_react@19.2.1__react@19.2.1/node_modules/@ark-ui/react/dist/components/accordion/accordion-item.js
│  (1:0): Module level directives cause errors when bundled, "use client"
│  in
│  "node_modules/.pnpm/@ark-ui+react@5.39.2_react-dom@19.2.1_react@19.2.1__react@19.2.1/node_modules/@ark-ui/react/dist/components/accordion/accordion-item.js"
│  was ignored.
│
▲  Vite
│  node_modules/.pnpm/@ark-ui+react@5.39.2_react-dom@19.2.1_react@19.2.1__react@19.2.1/node_modules/@ark-ui/react/dist/components/collapsible/use-collapsible-context.js
│  (1:0): Module level directives cause errors when bundled, "use client"
│  in
│  "node_modules/.pnpm/@ark-ui+react@5.39.2_react-dom@19.2.1_react@19.2.1__react@19.2.1/node_modules/@ark-ui/react/dist/components/collapsible/use-collapsible-context.js"
│  was ignored.
│
▲  Vite
│  node_modules/.pnpm/@ark-ui+react@5.39.2_react-dom@19.2.1_react@19.2.1__react@19.2.1/node_modules/@ark-ui/react/dist/components/collapsible/collapsible-content.js
│  (1:0): Module level directives cause errors when bundled, "use client"
│  in
│  "node_modules/.pnpm/@ark-ui+react@5.39.2_react-dom@19.2.1_react@19.2.1__react@19.2.1/node_modules/@ark-ui/react/dist/components/collapsible/collapsible-content.js"
│  was ignored.
│
▲  Vite
│  node_modules/.pnpm/@ark-ui+react@5.39.2_react-dom@19.2.1_react@19.2.1__react@19.2.1/node_modules/@ark-ui/react/dist/components/collapsible/collapsible-context.js
│  (1:0): Module level directives cause errors when bundled, "use client"
│  in
│  "node_modules/.pnpm/@ark-ui+react@5.39.2_react-dom@19.2.1_react@19.2.1__react@19.2.1/node_modules/@ark-ui/react/dist/components/collapsible/collapsible-context.js"
│  was ignored.
│
▲  Vite
│  node_modules/.pnpm/@ark-ui+react@5.39.2_react-dom@19.2.1_react@19.2.1__react@19.2.1/node_modules/@ark-ui/react/dist/components/collapsible/collapsible-indicator.js
│  (1:0): Module level directives cause errors when bundled, "use client"
│  in
│  "node_modules/.pnpm/@ark-ui+react@5.39.2_react-dom@19.2.1_react@19.2.1__react@19.2.1/node_modules/@ark-ui/react/dist/components/collapsible/collapsible-indicator.js"
│  was ignored.
│
▲  Vite
│  node_modules/.pnpm/@ark-ui+react@5.39.2_react-dom@19.2.1_react@19.2.1__react@19.2.1/node_modules/@ark-ui/react/dist/providers/environment/use-environment-context.js
│  (1:0): Module level directives cause errors when bundled, "use client"
│  in
│  "node_modules/.pnpm/@ark-ui+react@5.39.2_react-dom@19.2.1_react@19.2.1__react@19.2.1/node_modules/@ark-ui/react/dist/providers/environment/use-environment-context.js"
│  was ignored.
│
▲  Vite
│  node_modules/.pnpm/@ark-ui+react@5.39.2_react-dom@19.2.1_react@19.2.1__react@19.2.1/node_modules/@ark-ui/react/dist/providers/environment/environment-provider.js
│  (1:0): Module level directives cause errors when bundled, "use client"
│  in
│  "node_modules/.pnpm/@ark-ui+react@5.39.2_react-dom@19.2.1_react@19.2.1__react@19.2.1/node_modules/@ark-ui/react/dist/providers/environment/environment-provider.js"
│  was ignored.
│
▲  Vite
│  node_modules/.pnpm/@ark-ui+react@5.39.2_react-dom@19.2.1_react@19.2.1__react@19.2.1/node_modules/@ark-ui/react/dist/providers/hotkeys/use-platform.js
│  (1:0): Module level directives cause errors when bundled, "use client"
│  in
│  "node_modules/.pnpm/@ark-ui+react@5.39.2_react-dom@19.2.1_react@19.2.1__react@19.2.1/node_modules/@ark-ui/react/dist/providers/hotkeys/use-platform.js"
│  was ignored.
│
▲  Vite
│  node_modules/.pnpm/@ark-ui+react@5.39.2_react-dom@19.2.1_react@19.2.1__react@19.2.1/node_modules/@ark-ui/react/dist/providers/hotkeys/use-format-hotkey.js
│  (1:0): Module level directives cause errors when bundled, "use client"
│  in
│  "node_modules/.pnpm/@ark-ui+react@5.39.2_react-dom@19.2.1_react@19.2.1__react@19.2.1/node_modules/@ark-ui/react/dist/providers/hotkeys/use-format-hotkey.js"
│  was ignored.
│
▲  Vite
│  node_modules/.pnpm/@ark-ui+react@5.39.2_react-dom@19.2.1_react@19.2.1__react@19.2.1/node_modules/@ark-ui/react/dist/providers/hotkeys/use-hotkey-store.js
│  (1:0): Module level directives cause errors when bundled, "use client"
│  in
│  "node_modules/.pnpm/@ark-ui+react@5.39.2_react-dom@19.2.1_react@19.2.1__react@19.2.1/node_modules/@ark-ui/react/dist/providers/hotkeys/use-hotkey-store.js"
│  was ignored.
│
▲  Vite
│  node_modules/.pnpm/@ark-ui+react@5.39.2_react-dom@19.2.1_react@19.2.1__react@19.2.1/node_modules/@ark-ui/react/dist/providers/hotkeys/use-hotkey.js
│  (1:0): Module level directives cause errors when bundled, "use client"
│  in
│  "node_modules/.pnpm/@ark-ui+react@5.39.2_react-dom@19.2.1_react@19.2.1__react@19.2.1/node_modules/@ark-ui/react/dist/providers/hotkeys/use-hotkey.js"
│  was ignored.
│
▲  Vite
│  node_modules/.pnpm/@ark-ui+react@5.39.2_react-dom@19.2.1_react@19.2.1__react@19.2.1/node_modules/@ark-ui/react/dist/providers/hotkeys/use-hotkeys.js
│  (1:0): Module level directives cause errors when bundled, "use client"
│  in
│  "node_modules/.pnpm/@ark-ui+react@5.39.2_react-dom@19.2.1_react@19.2.1__react@19.2.1/node_modules/@ark-ui/react/dist/providers/hotkeys/use-hotkeys.js"
│  was ignored.
│
▲  Vite
│  node_modules/.pnpm/@ark-ui+react@5.39.2_react-dom@19.2.1_react@19.2.1__react@19.2.1/node_modules/@ark-ui/react/dist/providers/hotkeys/use-hotkey-registrations.js
│  (1:0): Module level directives cause errors when bundled, "use client"
│  in
│  "node_modules/.pnpm/@ark-ui+react@5.39.2_react-dom@19.2.1_react@19.2.1__react@19.2.1/node_modules/@ark-ui/react/dist/providers/hotkeys/use-hotkey-registrations.js"
│  was ignored.
│
▲  Vite
│  node_modules/.pnpm/@ark-ui+react@5.39.2_react-dom@19.2.1_react@19.2.1__react@19.2.1/node_modules/@ark-ui/react/dist/providers/hotkeys/use-is-key-pressed.js
│  (1:0): Module level directives cause errors when bundled, "use client"
│  in
│  "node_modules/.pnpm/@ark-ui+react@5.39.2_react-dom@19.2.1_react@19.2.1__react@19.2.1/node_modules/@ark-ui/react/dist/providers/hotkeys/use-is-key-pressed.js"
│  was ignored.
│
▲  Vite
│  node_modules/.pnpm/@ark-ui+react@5.39.2_react-dom@19.2.1_react@19.2.1__react@19.2.1/node_modules/@ark-ui/react/dist/providers/hotkeys/use-hotkey-recorder.js
│  (1:0): Module level directives cause errors when bundled, "use client"
│  in
│  "node_modules/.pnpm/@ark-ui+react@5.39.2_react-dom@19.2.1_react@19.2.1__react@19.2.1/node_modules/@ark-ui/react/dist/providers/hotkeys/use-hotkey-recorder.js"
│  was ignored.
│
▲  Vite
│  node_modules/.pnpm/@ark-ui+react@5.39.2_react-dom@19.2.1_react@19.2.1__react@19.2.1/node_modules/@ark-ui/react/dist/providers/interaction/use-focus-visible.js
│  (1:0): Module level directives cause errors when bundled, "use client"
│  in
│  "node_modules/.pnpm/@ark-ui+react@5.39.2_react-dom@19.2.1_react@19.2.1__react@19.2.1/node_modules/@ark-ui/react/dist/providers/interaction/use-focus-visible.js"
│  was ignored.
│
▲  Vite
│  node_modules/.pnpm/@ark-ui+react@5.39.2_react-dom@19.2.1_react@19.2.1__react@19.2.1/node_modules/@ark-ui/react/dist/providers/hotkeys/use-pressed-keys.js
│  (1:0): Module level directives cause errors when bundled, "use client"
│  in
│  "node_modules/.pnpm/@ark-ui+react@5.39.2_react-dom@19.2.1_react@19.2.1__react@19.2.1/node_modules/@ark-ui/react/dist/providers/hotkeys/use-pressed-keys.js"
│  was ignored.
│
▲  Vite
│  node_modules/.pnpm/@ark-ui+react@5.39.2_react-dom@19.2.1_react@19.2.1__react@19.2.1/node_modules/@ark-ui/react/dist/providers/interaction/use-interaction-modality.js
│  (1:0): Module level directives cause errors when bundled, "use client"
│  in
│  "node_modules/.pnpm/@ark-ui+react@5.39.2_react-dom@19.2.1_react@19.2.1__react@19.2.1/node_modules/@ark-ui/react/dist/providers/interaction/use-interaction-modality.js"
│  was ignored.
│
▲  Vite
│  node_modules/.pnpm/@ark-ui+react@5.39.2_react-dom@19.2.1_react@19.2.1__react@19.2.1/node_modules/@ark-ui/react/dist/providers/locale/use-locale-context.js
│  (1:0): Module level directives cause errors when bundled, "use client"
│  in
│  "node_modules/.pnpm/@ark-ui+react@5.39.2_react-dom@19.2.1_react@19.2.1__react@19.2.1/node_modules/@ark-ui/react/dist/providers/locale/use-locale-context.js"
│  was ignored.
│
▲  Vite
│  node_modules/.pnpm/@ark-ui+react@5.39.2_react-dom@19.2.1_react@19.2.1__react@19.2.1/node_modules/@ark-ui/react/dist/providers/locale/locale-provider.js
│  (1:0): Module level directives cause errors when bundled, "use client"
│  in
│  "node_modules/.pnpm/@ark-ui+react@5.39.2_react-dom@19.2.1_react@19.2.1__react@19.2.1/node_modules/@ark-ui/react/dist/providers/locale/locale-provider.js"
│  was ignored.
│
▲  Vite
│  node_modules/.pnpm/@ark-ui+react@5.39.2_react-dom@19.2.1_react@19.2.1__react@19.2.1/node_modules/@ark-ui/react/dist/providers/locale/use-date-formatter.js
│  (1:0): Module level directives cause errors when bundled, "use client"
│  in
│  "node_modules/.pnpm/@ark-ui+react@5.39.2_react-dom@19.2.1_react@19.2.1__react@19.2.1/node_modules/@ark-ui/react/dist/providers/locale/use-date-formatter.js"
│  was ignored.
│
▲  Vite
│  node_modules/.pnpm/@ark-ui+react@5.39.2_react-dom@19.2.1_react@19.2.1__react@19.2.1/node_modules/@ark-ui/react/dist/providers/locale/use-filter.js
│  (1:0): Module level directives cause errors when bundled, "use client"
│  in
│  "node_modules/.pnpm/@ark-ui+react@5.39.2_react-dom@19.2.1_react@19.2.1__react@19.2.1/node_modules/@ark-ui/react/dist/providers/locale/use-filter.js"
│  was ignored.
│
▲  Vite
│  node_modules/.pnpm/@ark-ui+react@5.39.2_react-dom@19.2.1_react@19.2.1__react@19.2.1/node_modules/@ark-ui/react/dist/providers/locale/use-collator.js
│  (1:0): Module level directives cause errors when bundled, "use client"
│  in
│  "node_modules/.pnpm/@ark-ui+react@5.39.2_react-dom@19.2.1_react@19.2.1__react@19.2.1/node_modules/@ark-ui/react/dist/providers/locale/use-collator.js"
│  was ignored.
│
▲  Vite
│  node_modules/.pnpm/@ark-ui+react@5.39.2_react-dom@19.2.1_react@19.2.1__react@19.2.1/node_modules/@ark-ui/react/dist/components/collapsible/use-collapsible.js
│  (1:0): Module level directives cause errors when bundled, "use client"
│  in
│  "node_modules/.pnpm/@ark-ui+react@5.39.2_react-dom@19.2.1_react@19.2.1__react@19.2.1/node_modules/@ark-ui/react/dist/components/collapsible/use-collapsible.js"
│  was ignored.
│
▲  Vite
│  node_modules/.pnpm/@ark-ui+react@5.39.2_react-dom@19.2.1_react@19.2.1__react@19.2.1/node_modules/@ark-ui/react/dist/components/collapsible/collapsible-root.js
│  (1:0): Module level directives cause errors when bundled, "use client"
│  in
│  "node_modules/.pnpm/@ark-ui+react@5.39.2_react-dom@19.2.1_react@19.2.1__react@19.2.1/node_modules/@ark-ui/react/dist/components/collapsible/collapsible-root.js"
│  was ignored.
│
▲  Vite
│  node_modules/.pnpm/@ark-ui+react@5.39.2_react-dom@19.2.1_react@19.2.1__react@19.2.1/node_modules/@ark-ui/react/dist/components/collapsible/collapsible-root-provider.js
│  (1:0): Module level directives cause errors when bundled, "use client"
│  in
│  "node_modules/.pnpm/@ark-ui+react@5.39.2_react-dom@19.2.1_react@19.2.1__react@19.2.1/node_modules/@ark-ui/react/dist/components/collapsible/collapsible-root-provider.js"
│  was ignored.
│
▲  Vite
│  node_modules/.pnpm/@ark-ui+react@5.39.2_react-dom@19.2.1_react@19.2.1__react@19.2.1/node_modules/@ark-ui/react/dist/components/collapsible/collapsible-trigger.js
│  (1:0): Module level directives cause errors when bundled, "use client"
│  in
│  "node_modules/.pnpm/@ark-ui+react@5.39.2_react-dom@19.2.1_react@19.2.1__react@19.2.1/node_modules/@ark-ui/react/dist/components/collapsible/collapsible-trigger.js"
│  was ignored.
│
▲  Vite
│  node_modules/.pnpm/@ark-ui+react@5.39.2_react-dom@19.2.1_react@19.2.1__react@19.2.1/node_modules/@ark-ui/react/dist/components/accordion/accordion-item-content.js
│  (1:0): Module level directives cause errors when bundled, "use client"
│  in
│  "node_modules/.pnpm/@ark-ui+react@5.39.2_react-dom@19.2.1_react@19.2.1__react@19.2.1/node_modules/@ark-ui/react/dist/components/accordion/accordion-item-content.js"
│  was ignored.
│
▲  Vite
│  node_modules/.pnpm/@ark-ui+react@5.39.2_react-dom@19.2.1_react@19.2.1__react@19.2.1/node_modules/@ark-ui/react/dist/components/accordion/accordion-item-context.js
│  (1:0): Module level directives cause errors when bundled, "use client"
│  in
│  "node_modules/.pnpm/@ark-ui+react@5.39.2_react-dom@19.2.1_react@19.2.1__react@19.2.1/node_modules/@ark-ui/react/dist/components/accordion/accordion-item-context.js"
│  was ignored.
│
▲  Vite
│  node_modules/.pnpm/@ark-ui+react@5.39.2_react-dom@19.2.1_react@19.2.1__react@19.2.1/node_modules/@ark-ui/react/dist/components/accordion/accordion-item-indicator.js
│  (1:0): Module level directives cause errors when bundled, "use client"
│  in
│  "node_modules/.pnpm/@ark-ui+react@5.39.2_react-dom@19.2.1_react@19.2.1__react@19.2.1/node_modules/@ark-ui/react/dist/components/accordion/accordion-item-indicator.js"
│  was ignored.
│
▲  Vite
│  node_modules/.pnpm/@ark-ui+react@5.39.2_react-dom@19.2.1_react@19.2.1__react@19.2.1/node_modules/@ark-ui/react/dist/components/accordion/accordion-item-trigger.js
│  (1:0): Module level directives cause errors when bundled, "use client"
│  in
│  "node_modules/.pnpm/@ark-ui+react@5.39.2_react-dom@19.2.1_react@19.2.1__react@19.2.1/node_modules/@ark-ui/react/dist/components/accordion/accordion-item-trigger.js"
│  was ignored.
│
▲  Vite
│  node_modules/.pnpm/@ark-ui+react@5.39.2_react-dom@19.2.1_react@19.2.1__react@19.2.1/node_modules/@ark-ui/react/dist/components/accordion/use-accordion.js
│  (1:0): Module level directives cause errors when bundled, "use client"
│  in
│  "node_modules/.pnpm/@ark-ui+react@5.39.2_react-dom@19.2.1_react@19.2.1__react@19.2.1/node_modules/@ark-ui/react/dist/components/accordion/use-accordion.js"
│  was ignored.
│
▲  Vite
│  node_modules/.pnpm/@ark-ui+react@5.39.2_react-dom@19.2.1_react@19.2.1__react@19.2.1/node_modules/@ark-ui/react/dist/components/accordion/accordion-root.js
│  (1:0): Module level directives cause errors when bundled, "use client"
│  in
│  "node_modules/.pnpm/@ark-ui+react@5.39.2_react-dom@19.2.1_react@19.2.1__react@19.2.1/node_modules/@ark-ui/react/dist/components/accordion/accordion-root.js"
│  was ignored.
│
▲  Vite
│  node_modules/.pnpm/@ark-ui+react@5.39.2_react-dom@19.2.1_react@19.2.1__react@19.2.1/node_modules/@ark-ui/react/dist/components/accordion/accordion-root-provider.js
│  (1:0): Module level directives cause errors when bundled, "use client"
│  in
│  "node_modules/.pnpm/@ark-ui+react@5.39.2_react-dom@19.2.1_react@19.2.1__react@19.2.1/node_modules/@ark-ui/react/dist/components/accordion/accordion-root-provider.js"
│  was ignored.
│
▲  Vite
│  node_modules/.pnpm/@ark-ui+react@5.39.2_react-dom@19.2.1_react@19.2.1__react@19.2.1/node_modules/@ark-ui/react/dist/components/angle-slider/use-angle-slider-context.js
│  (1:0): Module level directives cause errors when bundled, "use client"
│  in
│  "node_modules/.pnpm/@ark-ui+react@5.39.2_react-dom@19.2.1_react@19.2.1__react@19.2.1/node_modules/@ark-ui/react/dist/components/angle-slider/use-angle-slider-context.js"
│  was ignored.
│
▲  Vite
│  node_modules/.pnpm/@ark-ui+react@5.39.2_react-dom@19.2.1_react@19.2.1__react@19.2.1/node_modules/@ark-ui/react/dist/components/angle-slider/angle-slider-context.js
│  (1:0): Module level directives cause errors when bundled, "use client"
│  in
│  "node_modules/.pnpm/@ark-ui+react@5.39.2_react-dom@19.2.1_react@19.2.1__react@19.2.1/node_modules/@ark-ui/react/dist/components/angle-slider/angle-slider-context.js"
│  was ignored.
│
▲  Vite
│  node_modules/.pnpm/@ark-ui+react@5.39.2_react-dom@19.2.1_react@19.2.1__react@19.2.1/node_modules/@ark-ui/react/dist/components/angle-slider/angle-slider-control.js
│  (1:0): Module level directives cause errors when bundled, "use client"
│  in
│  "node_modules/.pnpm/@ark-ui+react@5.39.2_react-dom@19.2.1_react@19.2.1__react@19.2.1/node_modules/@ark-ui/react/dist/components/angle-slider/angle-slider-control.js"
│  was ignored.
│
▲  Vite
│  node_modules/.pnpm/@ark-ui+react@5.39.2_react-dom@19.2.1_react@19.2.1__react@19.2.1/node_modules/@ark-ui/react/dist/components/angle-slider/angle-slider-hidden-input.js
│  (1:0): Module level directives cause errors when bundled, "use client"
│  in
│  "node_modules/.pnpm/@ark-ui+react@5.39.2_react-dom@19.2.1_react@19.2.1__react@19.2.1/node_modules/@ark-ui/react/dist/components/angle-slider/angle-slider-hidden-input.js"
│  was ignored.
│
▲  Vite
│  node_modules/.pnpm/@ark-ui+react@5.39.2_react-dom@19.2.1_react@19.2.1__react@19.2.1/node_modules/@ark-ui/react/dist/components/angle-slider/angle-slider-label.js
│  (1:0): Module level directives cause errors when bundled, "use client"
│  in
│  "node_modules/.pnpm/@ark-ui+react@5.39.2_react-dom@19.2.1_react@19.2.1__react@19.2.1/node_modules/@ark-ui/react/dist/components/angle-slider/angle-slider-label.js"
│  was ignored.
│
▲  Vite
│  node_modules/.pnpm/@ark-ui+react@5.39.2_react-dom@19.2.1_react@19.2.1__react@19.2.1/node_modules/@ark-ui/react/dist/components/accordion/accordion.anatomy.js
│  (1:0): Module level directives cause errors when bundled, "use client"
│  in
│  "node_modules/.pnpm/@ark-ui+react@5.39.2_react-dom@19.2.1_react@19.2.1__react@19.2.1/node_modules/@ark-ui/react/dist/components/accordion/accordion.anatomy.js"
│  was ignored.
│
▲  Vite
│  node_modules/.pnpm/@ark-ui+react@5.39.2_react-dom@19.2.1_react@19.2.1__react@19.2.1/node_modules/@ark-ui/react/dist/components/angle-slider/angle-slider-root.js
│  (1:0): Module level directives cause errors when bundled, "use client"
│  in
│  "node_modules/.pnpm/@ark-ui+react@5.39.2_react-dom@19.2.1_react@19.2.1__react@19.2.1/node_modules/@ark-ui/react/dist/components/angle-slider/angle-slider-root.js"
│  was ignored.
│
▲  Vite
│  node_modules/.pnpm/@ark-ui+react@5.39.2_react-dom@19.2.1_react@19.2.1__react@19.2.1/node_modules/@ark-ui/react/dist/components/angle-slider/angle-slider-marker.js
│  (1:0): Module level directives cause errors when bundled, "use client"
│  in
│  "node_modules/.pnpm/@ark-ui+react@5.39.2_react-dom@19.2.1_react@19.2.1__react@19.2.1/node_modules/@ark-ui/react/dist/components/angle-slider/angle-slider-marker.js"
│  was ignored.
│
▲  Vite
│  node_modules/.pnpm/@ark-ui+react@5.39.2_react-dom@19.2.1_react@19.2.1__react@19.2.1/node_modules/@ark-ui/react/dist/components/angle-slider/angle-slider-root-provider.js
│  (1:0): Module level directives cause errors when bundled, "use client"
│  in
│  "node_modules/.pnpm/@ark-ui+react@5.39.2_react-dom@19.2.1_react@19.2.1__react@19.2.1/node_modules/@ark-ui/react/dist/components/angle-slider/angle-slider-root-provider.js"
│  was ignored.
│
▲  Vite
│  node_modules/.pnpm/@ark-ui+react@5.39.2_react-dom@19.2.1_react@19.2.1__react@19.2.1/node_modules/@ark-ui/react/dist/components/angle-slider/angle-slider-thumb.js
│  (1:0): Module level directives cause errors when bundled, "use client"
│  in
│  "node_modules/.pnpm/@ark-ui+react@5.39.2_react-dom@19.2.1_react@19.2.1__react@19.2.1/node_modules/@ark-ui/react/dist/components/angle-slider/angle-slider-thumb.js"
│  was ignored.
│
▲  Vite
│  node_modules/.pnpm/@ark-ui+react@5.39.2_react-dom@19.2.1_react@19.2.1__react@19.2.1/node_modules/@ark-ui/react/dist/components/angle-slider/angle-slider-value-text.js
│  (1:0): Module level directives cause errors when bundled, "use client"
│  in
│  "node_modules/.pnpm/@ark-ui+react@5.39.2_react-dom@19.2.1_react@19.2.1__react@19.2.1/node_modules/@ark-ui/react/dist/components/angle-slider/angle-slider-value-text.js"
│  was ignored.
│
▲  Vite
│  node_modules/.pnpm/@ark-ui+react@5.39.2_react-dom@19.2.1_react@19.2.1__react@19.2.1/node_modules/@ark-ui/react/dist/components/avatar/use-avatar-context.js
│  (1:0): Module level directives cause errors when bundled, "use client"
│  in
│  "node_modules/.pnpm/@ark-ui+react@5.39.2_react-dom@19.2.1_react@19.2.1__react@19.2.1/node_modules/@ark-ui/react/dist/components/avatar/use-avatar-context.js"
│  was ignored.
│
▲  Vite
│  node_modules/.pnpm/@ark-ui+react@5.39.2_react-dom@19.2.1_react@19.2.1__react@19.2.1/node_modules/@ark-ui/react/dist/components/avatar/avatar-context.js
│  (1:0): Module level directives cause errors when bundled, "use client"
│  in
│  "node_modules/.pnpm/@ark-ui+react@5.39.2_react-dom@19.2.1_react@19.2.1__react@19.2.1/node_modules/@ark-ui/react/dist/components/avatar/avatar-context.js"
│  was ignored.
│
▲  Vite
│  node_modules/.pnpm/@ark-ui+react@5.39.2_react-dom@19.2.1_react@19.2.1__react@19.2.1/node_modules/@ark-ui/react/dist/components/avatar/avatar-fallback.js
│  (1:0): Module level directives cause errors when bundled, "use client"
│  in
│  "node_modules/.pnpm/@ark-ui+react@5.39.2_react-dom@19.2.1_react@19.2.1__react@19.2.1/node_modules/@ark-ui/react/dist/components/avatar/avatar-fallback.js"
│  was ignored.
│
▲  Vite
│  node_modules/.pnpm/@ark-ui+react@5.39.2_react-dom@19.2.1_react@19.2.1__react@19.2.1/node_modules/@ark-ui/react/dist/components/avatar/avatar-image.js
│  (1:0): Module level directives cause errors when bundled, "use client"
│  in
│  "node_modules/.pnpm/@ark-ui+react@5.39.2_react-dom@19.2.1_react@19.2.1__react@19.2.1/node_modules/@ark-ui/react/dist/components/avatar/avatar-image.js"
│  was ignored.
│
▲  Vite
│  node_modules/.pnpm/@ark-ui+react@5.39.2_react-dom@19.2.1_react@19.2.1__react@19.2.1/node_modules/@ark-ui/react/dist/components/avatar/use-avatar.js
│  (1:0): Module level directives cause errors when bundled, "use client"
│  in
│  "node_modules/.pnpm/@ark-ui+react@5.39.2_react-dom@19.2.1_react@19.2.1__react@19.2.1/node_modules/@ark-ui/react/dist/components/avatar/use-avatar.js"
│  was ignored.
│
▲  Vite
│  node_modules/.pnpm/@ark-ui+react@5.39.2_react-dom@19.2.1_react@19.2.1__react@19.2.1/node_modules/@ark-ui/react/dist/components/avatar/avatar-root.js
│  (1:0): Module level directives cause errors when bundled, "use client"
│  in
│  "node_modules/.pnpm/@ark-ui+react@5.39.2_react-dom@19.2.1_react@19.2.1__react@19.2.1/node_modules/@ark-ui/react/dist/components/avatar/avatar-root.js"
│  was ignored.
│
▲  Vite
│  node_modules/.pnpm/@ark-ui+react@5.39.2_react-dom@19.2.1_react@19.2.1__react@19.2.1/node_modules/@ark-ui/react/dist/components/avatar/avatar-root-provider.js
│  (1:0): Module level directives cause errors when bundled, "use client"
│  in
│  "node_modules/.pnpm/@ark-ui+react@5.39.2_react-dom@19.2.1_react@19.2.1__react@19.2.1/node_modules/@ark-ui/react/dist/components/avatar/avatar-root-provider.js"
│  was ignored.
│
▲  Vite
│  node_modules/.pnpm/@ark-ui+react@5.39.2_react-dom@19.2.1_react@19.2.1__react@19.2.1/node_modules/@ark-ui/react/dist/components/presence/split-presence-props.js
│  (1:0): Module level directives cause errors when bundled, "use client"
│  in
│  "node_modules/.pnpm/@ark-ui+react@5.39.2_react-dom@19.2.1_react@19.2.1__react@19.2.1/node_modules/@ark-ui/react/dist/components/presence/split-presence-props.js"
│  was ignored.
│
▲  Vite
│  node_modules/.pnpm/@ark-ui+react@5.39.2_react-dom@19.2.1_react@19.2.1__react@19.2.1/node_modules/@ark-ui/react/dist/components/presence/use-presence.js
│  (1:0): Module level directives cause errors when bundled, "use client"
│  in
│  "node_modules/.pnpm/@ark-ui+react@5.39.2_react-dom@19.2.1_react@19.2.1__react@19.2.1/node_modules/@ark-ui/react/dist/components/presence/use-presence.js"
│  was ignored.
│
▲  Vite
│  node_modules/.pnpm/@ark-ui+react@5.39.2_react-dom@19.2.1_react@19.2.1__react@19.2.1/node_modules/@ark-ui/react/dist/components/presence/use-presence-context.js
│  (1:0): Module level directives cause errors when bundled, "use client"
│  in
│  "node_modules/.pnpm/@ark-ui+react@5.39.2_react-dom@19.2.1_react@19.2.1__react@19.2.1/node_modules/@ark-ui/react/dist/components/presence/use-presence-context.js"
│  was ignored.
│
▲  Vite
│  node_modules/.pnpm/@ark-ui+react@5.39.2_react-dom@19.2.1_react@19.2.1__react@19.2.1/node_modules/@ark-ui/react/dist/components/drawer/use-drawer-context.js
│  (1:0): Module level directives cause errors when bundled, "use client"
│  in
│  "node_modules/.pnpm/@ark-ui+react@5.39.2_react-dom@19.2.1_react@19.2.1__react@19.2.1/node_modules/@ark-ui/react/dist/components/drawer/use-drawer-context.js"
│  was ignored.
│
▲  Vite
│  node_modules/.pnpm/@ark-ui+react@5.39.2_react-dom@19.2.1_react@19.2.1__react@19.2.1/node_modules/@ark-ui/react/dist/components/drawer/drawer-backdrop.js
│  (1:0): Module level directives cause errors when bundled, "use client"
│  in
│  "node_modules/.pnpm/@ark-ui+react@5.39.2_react-dom@19.2.1_react@19.2.1__react@19.2.1/node_modules/@ark-ui/react/dist/components/drawer/drawer-backdrop.js"
│  was ignored.
│
▲  Vite
│  node_modules/.pnpm/@ark-ui+react@5.39.2_react-dom@19.2.1_react@19.2.1__react@19.2.1/node_modules/@ark-ui/react/dist/components/drawer/drawer-close-trigger.js
│  (1:0): Module level directives cause errors when bundled, "use client"
│  in
│  "node_modules/.pnpm/@ark-ui+react@5.39.2_react-dom@19.2.1_react@19.2.1__react@19.2.1/node_modules/@ark-ui/react/dist/components/drawer/drawer-close-trigger.js"
│  was ignored.
│
▲  Vite
│  node_modules/.pnpm/@ark-ui+react@5.39.2_react-dom@19.2.1_react@19.2.1__react@19.2.1/node_modules/@ark-ui/react/dist/components/drawer/drawer-content.js
│  (1:0): Module level directives cause errors when bundled, "use client"
│  in
│  "node_modules/.pnpm/@ark-ui+react@5.39.2_react-dom@19.2.1_react@19.2.1__react@19.2.1/node_modules/@ark-ui/react/dist/components/drawer/drawer-content.js"
│  was ignored.
│
▲  Vite
│  node_modules/.pnpm/@ark-ui+react@5.39.2_react-dom@19.2.1_react@19.2.1__react@19.2.1/node_modules/@ark-ui/react/dist/components/drawer/drawer-description.js
│  (1:0): Module level directives cause errors when bundled, "use client"
│  in
│  "node_modules/.pnpm/@ark-ui+react@5.39.2_react-dom@19.2.1_react@19.2.1__react@19.2.1/node_modules/@ark-ui/react/dist/components/drawer/drawer-description.js"
│  was ignored.
│
▲  Vite
│  node_modules/.pnpm/@ark-ui+react@5.39.2_react-dom@19.2.1_react@19.2.1__react@19.2.1/node_modules/@ark-ui/react/dist/components/drawer/drawer-context.js
│  (1:0): Module level directives cause errors when bundled, "use client"
│  in
│  "node_modules/.pnpm/@ark-ui+react@5.39.2_react-dom@19.2.1_react@19.2.1__react@19.2.1/node_modules/@ark-ui/react/dist/components/drawer/drawer-context.js"
│  was ignored.
│
▲  Vite
│  node_modules/.pnpm/@ark-ui+react@5.39.2_react-dom@19.2.1_react@19.2.1__react@19.2.1/node_modules/@ark-ui/react/dist/components/drawer/drawer-positioner.js
│  (1:0): Module level directives cause errors when bundled, "use client"
│  in
│  "node_modules/.pnpm/@ark-ui+react@5.39.2_react-dom@19.2.1_react@19.2.1__react@19.2.1/node_modules/@ark-ui/react/dist/components/drawer/drawer-positioner.js"
│  was ignored.
│
▲  Vite
│  node_modules/.pnpm/@ark-ui+react@5.39.2_react-dom@19.2.1_react@19.2.1__react@19.2.1/node_modules/@ark-ui/react/dist/components/drawer/drawer-grabber.js
│  (1:0): Module level directives cause errors when bundled, "use client"
│  in
│  "node_modules/.pnpm/@ark-ui+react@5.39.2_react-dom@19.2.1_react@19.2.1__react@19.2.1/node_modules/@ark-ui/react/dist/components/drawer/drawer-grabber.js"
│  was ignored.
│
▲  Vite
│  node_modules/.pnpm/@ark-ui+react@5.39.2_react-dom@19.2.1_react@19.2.1__react@19.2.1/node_modules/@ark-ui/react/dist/components/drawer/drawer-grabber-indicator.js
│  (1:0): Module level directives cause errors when bundled, "use client"
│  in
│  "node_modules/.pnpm/@ark-ui+react@5.39.2_react-dom@19.2.1_react@19.2.1__react@19.2.1/node_modules/@ark-ui/react/dist/components/drawer/drawer-grabber-indicator.js"
│  was ignored.
│
▲  Vite
│  node_modules/.pnpm/@ark-ui+react@5.39.2_react-dom@19.2.1_react@19.2.1__react@19.2.1/node_modules/@ark-ui/react/dist/components/drawer/use-drawer.js
│  (1:0): Module level directives cause errors when bundled, "use client"
│  in
│  "node_modules/.pnpm/@ark-ui+react@5.39.2_react-dom@19.2.1_react@19.2.1__react@19.2.1/node_modules/@ark-ui/react/dist/components/drawer/use-drawer.js"
│  was ignored.
│
▲  Vite
│  node_modules/.pnpm/@ark-ui+react@5.39.2_react-dom@19.2.1_react@19.2.1__react@19.2.1/node_modules/@ark-ui/react/dist/components/drawer/drawer-root.js
│  (1:0): Module level directives cause errors when bundled, "use client"
│  in
│  "node_modules/.pnpm/@ark-ui+react@5.39.2_react-dom@19.2.1_react@19.2.1__react@19.2.1/node_modules/@ark-ui/react/dist/components/drawer/drawer-root.js"
│  was ignored.
│
▲  Vite
│  node_modules/.pnpm/@ark-ui+react@5.39.2_react-dom@19.2.1_react@19.2.1__react@19.2.1/node_modules/@ark-ui/react/dist/components/drawer/drawer-title.js
│  (1:0): Module level directives cause errors when bundled, "use client"
│  in
│  "node_modules/.pnpm/@ark-ui+react@5.39.2_react-dom@19.2.1_react@19.2.1__react@19.2.1/node_modules/@ark-ui/react/dist/components/drawer/drawer-title.js"
│  was ignored.
│
▲  Vite
│  node_modules/.pnpm/@ark-ui+react@5.39.2_react-dom@19.2.1_react@19.2.1__react@19.2.1/node_modules/@ark-ui/react/dist/components/drawer/drawer-trigger.js
│  (1:0): Module level directives cause errors when bundled, "use client"
│  in
│  "node_modules/.pnpm/@ark-ui+react@5.39.2_react-dom@19.2.1_react@19.2.1__react@19.2.1/node_modules/@ark-ui/react/dist/components/drawer/drawer-trigger.js"
│  was ignored.
│
▲  Vite
│  node_modules/.pnpm/@ark-ui+react@5.39.2_react-dom@19.2.1_react@19.2.1__react@19.2.1/node_modules/@ark-ui/react/dist/components/drawer/drawer-root-provider.js
│  (1:0): Module level directives cause errors when bundled, "use client"
│  in
│  "node_modules/.pnpm/@ark-ui+react@5.39.2_react-dom@19.2.1_react@19.2.1__react@19.2.1/node_modules/@ark-ui/react/dist/components/drawer/drawer-root-provider.js"
│  was ignored.
│
▲  Vite
│  node_modules/.pnpm/@ark-ui+react@5.39.2_react-dom@19.2.1_react@19.2.1__react@19.2.1/node_modules/@ark-ui/react/dist/components/drawer/use-drawer-stack-context.js
│  (1:0): Module level directives cause errors when bundled, "use client"
│  in
│  "node_modules/.pnpm/@ark-ui+react@5.39.2_react-dom@19.2.1_react@19.2.1__react@19.2.1/node_modules/@ark-ui/react/dist/components/drawer/use-drawer-stack-context.js"
│  was ignored.
│
▲  Vite
│  node_modules/.pnpm/@ark-ui+react@5.39.2_react-dom@19.2.1_react@19.2.1__react@19.2.1/node_modules/@ark-ui/react/dist/components/drawer/drawer-indent.js
│  (1:0): Module level directives cause errors when bundled, "use client"
│  in
│  "node_modules/.pnpm/@ark-ui+react@5.39.2_react-dom@19.2.1_react@19.2.1__react@19.2.1/node_modules/@ark-ui/react/dist/components/drawer/drawer-indent.js"
│  was ignored.
│
▲  Vite
│  node_modules/.pnpm/@ark-ui+react@5.39.2_react-dom@19.2.1_react@19.2.1__react@19.2.1/node_modules/@ark-ui/react/dist/components/drawer/drawer-stack.js
│  (1:0): Module level directives cause errors when bundled, "use client"
│  in
│  "node_modules/.pnpm/@ark-ui+react@5.39.2_react-dom@19.2.1_react@19.2.1__react@19.2.1/node_modules/@ark-ui/react/dist/components/drawer/drawer-stack.js"
│  was ignored.
│
▲  Vite
│  node_modules/.pnpm/@ark-ui+react@5.39.2_react-dom@19.2.1_react@19.2.1__react@19.2.1/node_modules/@ark-ui/react/dist/components/drawer/drawer-swipe-area.js
│  (1:0): Module level directives cause errors when bundled, "use client"
│  in
│  "node_modules/.pnpm/@ark-ui+react@5.39.2_react-dom@19.2.1_react@19.2.1__react@19.2.1/node_modules/@ark-ui/react/dist/components/drawer/drawer-swipe-area.js"
│  was ignored.
│
▲  Vite
│  node_modules/.pnpm/@ark-ui+react@5.39.2_react-dom@19.2.1_react@19.2.1__react@19.2.1/node_modules/@ark-ui/react/dist/components/drawer/drawer-indent-background.js
│  (1:0): Module level directives cause errors when bundled, "use client"
│  in
│  "node_modules/.pnpm/@ark-ui+react@5.39.2_react-dom@19.2.1_react@19.2.1__react@19.2.1/node_modules/@ark-ui/react/dist/components/drawer/drawer-indent-background.js"
│  was ignored.
│
▲  Vite
│  node_modules/.pnpm/@ark-ui+react@5.39.2_react-dom@19.2.1_react@19.2.1__react@19.2.1/node_modules/@ark-ui/react/dist/components/carousel/use-carousel-context.js
│  (1:0): Module level directives cause errors when bundled, "use client"
│  in
│  "node_modules/.pnpm/@ark-ui+react@5.39.2_react-dom@19.2.1_react@19.2.1__react@19.2.1/node_modules/@ark-ui/react/dist/components/carousel/use-carousel-context.js"
│  was ignored.
│
▲  Vite
│  node_modules/.pnpm/@ark-ui+react@5.39.2_react-dom@19.2.1_react@19.2.1__react@19.2.1/node_modules/@ark-ui/react/dist/components/carousel/carousel-autoplay-indicator.js
│  (1:0): Module level directives cause errors when bundled, "use client"
│  in
│  "node_modules/.pnpm/@ark-ui+react@5.39.2_react-dom@19.2.1_react@19.2.1__react@19.2.1/node_modules/@ark-ui/react/dist/components/carousel/carousel-autoplay-indicator.js"
│  was ignored.
│
▲  Vite
│  node_modules/.pnpm/@ark-ui+react@5.39.2_react-dom@19.2.1_react@19.2.1__react@19.2.1/node_modules/@ark-ui/react/dist/components/carousel/carousel-progress-text.js
│  (1:0): Module level directives cause errors when bundled, "use client"
│  in
│  "node_modules/.pnpm/@ark-ui+react@5.39.2_react-dom@19.2.1_react@19.2.1__react@19.2.1/node_modules/@ark-ui/react/dist/components/carousel/carousel-progress-text.js"
│  was ignored.
│
▲  Vite
│  node_modules/.pnpm/@ark-ui+react@5.39.2_react-dom@19.2.1_react@19.2.1__react@19.2.1/node_modules/@ark-ui/react/dist/components/carousel/carousel-autoplay-trigger.js
│  (1:0): Module level directives cause errors when bundled, "use client"
│  in
│  "node_modules/.pnpm/@ark-ui+react@5.39.2_react-dom@19.2.1_react@19.2.1__react@19.2.1/node_modules/@ark-ui/react/dist/components/carousel/carousel-autoplay-trigger.js"
│  was ignored.
│
▲  Vite
│  node_modules/.pnpm/@ark-ui+react@5.39.2_react-dom@19.2.1_react@19.2.1__react@19.2.1/node_modules/@ark-ui/react/dist/components/carousel/carousel-context.js
│  (1:0): Module level directives cause errors when bundled, "use client"
│  in
│  "node_modules/.pnpm/@ark-ui+react@5.39.2_react-dom@19.2.1_react@19.2.1__react@19.2.1/node_modules/@ark-ui/react/dist/components/carousel/carousel-context.js"
│  was ignored.
│
▲  Vite
│  node_modules/.pnpm/@ark-ui+react@5.39.2_react-dom@19.2.1_react@19.2.1__react@19.2.1/node_modules/@ark-ui/react/dist/components/carousel/carousel-control.js
│  (1:0): Module level directives cause errors when bundled, "use client"
│  in
│  "node_modules/.pnpm/@ark-ui+react@5.39.2_react-dom@19.2.1_react@19.2.1__react@19.2.1/node_modules/@ark-ui/react/dist/components/carousel/carousel-control.js"
│  was ignored.
│
▲  Vite
│  node_modules/.pnpm/@ark-ui+react@5.39.2_react-dom@19.2.1_react@19.2.1__react@19.2.1/node_modules/@ark-ui/react/dist/components/carousel/carousel-indicator.js
│  (1:0): Module level directives cause errors when bundled, "use client"
│  in
│  "node_modules/.pnpm/@ark-ui+react@5.39.2_react-dom@19.2.1_react@19.2.1__react@19.2.1/node_modules/@ark-ui/react/dist/components/carousel/carousel-indicator.js"
│  was ignored.
│
▲  Vite
│  node_modules/.pnpm/@ark-ui+react@5.39.2_react-dom@19.2.1_react@19.2.1__react@19.2.1/node_modules/@ark-ui/react/dist/components/carousel/carousel-indicator-group.js
│  (1:0): Module level directives cause errors when bundled, "use client"
│  in
│  "node_modules/.pnpm/@ark-ui+react@5.39.2_react-dom@19.2.1_react@19.2.1__react@19.2.1/node_modules/@ark-ui/react/dist/components/carousel/carousel-indicator-group.js"
│  was ignored.
│
▲  Vite
│  node_modules/.pnpm/@ark-ui+react@5.39.2_react-dom@19.2.1_react@19.2.1__react@19.2.1/node_modules/@ark-ui/react/dist/components/carousel/carousel-item.js
│  (1:0): Module level directives cause errors when bundled, "use client"
│  in
│  "node_modules/.pnpm/@ark-ui+react@5.39.2_react-dom@19.2.1_react@19.2.1__react@19.2.1/node_modules/@ark-ui/react/dist/components/carousel/carousel-item.js"
│  was ignored.
│
▲  Vite
│  node_modules/.pnpm/@ark-ui+react@5.39.2_react-dom@19.2.1_react@19.2.1__react@19.2.1/node_modules/@ark-ui/react/dist/components/carousel/carousel-item-group.js
│  (1:0): Module level directives cause errors when bundled, "use client"
│  in
│  "node_modules/.pnpm/@ark-ui+react@5.39.2_react-dom@19.2.1_react@19.2.1__react@19.2.1/node_modules/@ark-ui/react/dist/components/carousel/carousel-item-group.js"
│  was ignored.
│
▲  Vite
│  node_modules/.pnpm/@ark-ui+react@5.39.2_react-dom@19.2.1_react@19.2.1__react@19.2.1/node_modules/@ark-ui/react/dist/components/carousel/carousel-next-trigger.js
│  (1:0): Module level directives cause errors when bundled, "use client"
│  in
│  "node_modules/.pnpm/@ark-ui+react@5.39.2_react-dom@19.2.1_react@19.2.1__react@19.2.1/node_modules/@ark-ui/react/dist/components/carousel/carousel-next-trigger.js"
│  was ignored.
│
▲  Vite
│  node_modules/.pnpm/@ark-ui+react@5.39.2_react-dom@19.2.1_react@19.2.1__react@19.2.1/node_modules/@ark-ui/react/dist/components/carousel/carousel-prev-trigger.js
│  (1:0): Module level directives cause errors when bundled, "use client"
│  in
│  "node_modules/.pnpm/@ark-ui+react@5.39.2_react-dom@19.2.1_react@19.2.1__react@19.2.1/node_modules/@ark-ui/react/dist/components/carousel/carousel-prev-trigger.js"
│  was ignored.
│
▲  Vite
│  node_modules/.pnpm/@ark-ui+react@5.39.2_react-dom@19.2.1_react@19.2.1__react@19.2.1/node_modules/@ark-ui/react/dist/components/carousel/carousel-root.js
│  (1:0): Module level directives cause errors when bundled, "use client"
│  in
│  "node_modules/.pnpm/@ark-ui+react@5.39.2_react-dom@19.2.1_react@19.2.1__react@19.2.1/node_modules/@ark-ui/react/dist/components/carousel/carousel-root.js"
│  was ignored.
│
▲  Vite
│  node_modules/.pnpm/@ark-ui+react@5.39.2_react-dom@19.2.1_react@19.2.1__react@19.2.1/node_modules/@ark-ui/react/dist/components/carousel/carousel-root-provider.js
│  (1:0): Module level directives cause errors when bundled, "use client"
│  in
│  "node_modules/.pnpm/@ark-ui+react@5.39.2_react-dom@19.2.1_react@19.2.1__react@19.2.1/node_modules/@ark-ui/react/dist/components/carousel/carousel-root-provider.js"
│  was ignored.
│
▲  Vite
│  node_modules/.pnpm/@ark-ui+react@5.39.2_react-dom@19.2.1_react@19.2.1__react@19.2.1/node_modules/@ark-ui/react/dist/components/carousel/use-carousel.js
│  (1:0): Module level directives cause errors when bundled, "use client"
│  in
│  "node_modules/.pnpm/@ark-ui+react@5.39.2_react-dom@19.2.1_react@19.2.1__react@19.2.1/node_modules/@ark-ui/react/dist/components/carousel/use-carousel.js"
│  was ignored.
│
▲  Vite
│  node_modules/.pnpm/@ark-ui+react@5.39.2_react-dom@19.2.1_react@19.2.1__react@19.2.1/node_modules/@ark-ui/react/dist/components/checkbox/use-checkbox-context.js
│  (1:0): Module level directives cause errors when bundled, "use client"
│  in
│  "node_modules/.pnpm/@ark-ui+react@5.39.2_react-dom@19.2.1_react@19.2.1__react@19.2.1/node_modules/@ark-ui/react/dist/components/checkbox/use-checkbox-context.js"
│  was ignored.
│
▲  Vite
│  node_modules/.pnpm/@ark-ui+react@5.39.2_react-dom@19.2.1_react@19.2.1__react@19.2.1/node_modules/@ark-ui/react/dist/components/checkbox/checkbox-context.js
│  (1:0): Module level directives cause errors when bundled, "use client"
│  in
│  "node_modules/.pnpm/@ark-ui+react@5.39.2_react-dom@19.2.1_react@19.2.1__react@19.2.1/node_modules/@ark-ui/react/dist/components/checkbox/checkbox-context.js"
│  was ignored.
│
▲  Vite
│  node_modules/.pnpm/@ark-ui+react@5.39.2_react-dom@19.2.1_react@19.2.1__react@19.2.1/node_modules/@ark-ui/react/dist/components/checkbox/checkbox-control.js
│  (1:0): Module level directives cause errors when bundled, "use client"
│  in
│  "node_modules/.pnpm/@ark-ui+react@5.39.2_react-dom@19.2.1_react@19.2.1__react@19.2.1/node_modules/@ark-ui/react/dist/components/checkbox/checkbox-control.js"
│  was ignored.
│
▲  Vite
│  node_modules/.pnpm/@ark-ui+react@5.39.2_react-dom@19.2.1_react@19.2.1__react@19.2.1/node_modules/@ark-ui/react/dist/components/fieldset/use-fieldset-context.js
│  (1:0): Module level directives cause errors when bundled, "use client"
│  in
│  "node_modules/.pnpm/@ark-ui+react@5.39.2_react-dom@19.2.1_react@19.2.1__react@19.2.1/node_modules/@ark-ui/react/dist/components/fieldset/use-fieldset-context.js"
│  was ignored.
│
▲  Vite
│  node_modules/.pnpm/@ark-ui+react@5.39.2_react-dom@19.2.1_react@19.2.1__react@19.2.1/node_modules/@ark-ui/react/dist/components/fieldset/fieldset-context.js
│  (1:0): Module level directives cause errors when bundled, "use client"
│  in
│  "node_modules/.pnpm/@ark-ui+react@5.39.2_react-dom@19.2.1_react@19.2.1__react@19.2.1/node_modules/@ark-ui/react/dist/components/fieldset/fieldset-context.js"
│  was ignored.
│
▲  Vite
│  node_modules/.pnpm/@ark-ui+react@5.39.2_react-dom@19.2.1_react@19.2.1__react@19.2.1/node_modules/@ark-ui/react/dist/components/fieldset/fieldset-error-text.js
│  (1:0): Module level directives cause errors when bundled, "use client"
│  in
│  "node_modules/.pnpm/@ark-ui+react@5.39.2_react-dom@19.2.1_react@19.2.1__react@19.2.1/node_modules/@ark-ui/react/dist/components/fieldset/fieldset-error-text.js"
│  was ignored.
│
▲  Vite
│  node_modules/.pnpm/@ark-ui+react@5.39.2_react-dom@19.2.1_react@19.2.1__react@19.2.1/node_modules/@ark-ui/react/dist/components/fieldset/fieldset-helper-text.js
│  (1:0): Module level directives cause errors when bundled, "use client"
│  in
│  "node_modules/.pnpm/@ark-ui+react@5.39.2_react-dom@19.2.1_react@19.2.1__react@19.2.1/node_modules/@ark-ui/react/dist/components/fieldset/fieldset-helper-text.js"
│  was ignored.
│
▲  Vite
│  node_modules/.pnpm/@ark-ui+react@5.39.2_react-dom@19.2.1_react@19.2.1__react@19.2.1/node_modules/@ark-ui/react/dist/components/fieldset/fieldset-legend.js
│  (1:0): Module level directives cause errors when bundled, "use client"
│  in
│  "node_modules/.pnpm/@ark-ui+react@5.39.2_react-dom@19.2.1_react@19.2.1__react@19.2.1/node_modules/@ark-ui/react/dist/components/fieldset/fieldset-legend.js"
│  was ignored.
│
▲  Vite
│  node_modules/.pnpm/@ark-ui+react@5.39.2_react-dom@19.2.1_react@19.2.1__react@19.2.1/node_modules/@ark-ui/react/dist/components/fieldset/use-fieldset.js
│  (1:0): Module level directives cause errors when bundled, "use client"
│  in
│  "node_modules/.pnpm/@ark-ui+react@5.39.2_react-dom@19.2.1_react@19.2.1__react@19.2.1/node_modules/@ark-ui/react/dist/components/fieldset/use-fieldset.js"
│  was ignored.
│
▲  Vite
│  node_modules/.pnpm/@ark-ui+react@5.39.2_react-dom@19.2.1_react@19.2.1__react@19.2.1/node_modules/@ark-ui/react/dist/components/fieldset/fieldset-root.js
│  (1:0): Module level directives cause errors when bundled, "use client"
│  in
│  "node_modules/.pnpm/@ark-ui+react@5.39.2_react-dom@19.2.1_react@19.2.1__react@19.2.1/node_modules/@ark-ui/react/dist/components/fieldset/fieldset-root.js"
│  was ignored.
│
▲  Vite
│  node_modules/.pnpm/@ark-ui+react@5.39.2_react-dom@19.2.1_react@19.2.1__react@19.2.1/node_modules/@ark-ui/react/dist/components/fieldset/fieldset-root-provider.js
│  (1:0): Module level directives cause errors when bundled, "use client"
│  in
│  "node_modules/.pnpm/@ark-ui+react@5.39.2_react-dom@19.2.1_react@19.2.1__react@19.2.1/node_modules/@ark-ui/react/dist/components/fieldset/fieldset-root-provider.js"
│  was ignored.
│
▲  Vite
│  node_modules/.pnpm/@ark-ui+react@5.39.2_react-dom@19.2.1_react@19.2.1__react@19.2.1/node_modules/@ark-ui/react/dist/components/checkbox/use-checkbox-group.js
│  (1:0): Module level directives cause errors when bundled, "use client"
│  in
│  "node_modules/.pnpm/@ark-ui+react@5.39.2_react-dom@19.2.1_react@19.2.1__react@19.2.1/node_modules/@ark-ui/react/dist/components/checkbox/use-checkbox-group.js"
│  was ignored.
│
▲  Vite
│  node_modules/.pnpm/@ark-ui+react@5.39.2_react-dom@19.2.1_react@19.2.1__react@19.2.1/node_modules/@ark-ui/react/dist/components/checkbox/use-checkbox-group-context.js
│  (1:0): Module level directives cause errors when bundled, "use client"
│  in
│  "node_modules/.pnpm/@ark-ui+react@5.39.2_react-dom@19.2.1_react@19.2.1__react@19.2.1/node_modules/@ark-ui/react/dist/components/checkbox/use-checkbox-group-context.js"
│  was ignored.
│
▲  Vite
│  node_modules/.pnpm/@ark-ui+react@5.39.2_react-dom@19.2.1_react@19.2.1__react@19.2.1/node_modules/@ark-ui/react/dist/components/checkbox/checkbox-group.js
│  (1:0): Module level directives cause errors when bundled, "use client"
│  in
│  "node_modules/.pnpm/@ark-ui+react@5.39.2_react-dom@19.2.1_react@19.2.1__react@19.2.1/node_modules/@ark-ui/react/dist/components/checkbox/checkbox-group.js"
│  was ignored.
│
▲  Vite
│  node_modules/.pnpm/@ark-ui+react@5.39.2_react-dom@19.2.1_react@19.2.1__react@19.2.1/node_modules/@ark-ui/react/dist/components/checkbox/checkbox-group-provider.js
│  (1:0): Module level directives cause errors when bundled, "use client"
│  in
│  "node_modules/.pnpm/@ark-ui+react@5.39.2_react-dom@19.2.1_react@19.2.1__react@19.2.1/node_modules/@ark-ui/react/dist/components/checkbox/checkbox-group-provider.js"
│  was ignored.
│
▲  Vite
│  node_modules/.pnpm/@ark-ui+react@5.39.2_react-dom@19.2.1_react@19.2.1__react@19.2.1/node_modules/@ark-ui/react/dist/components/field/use-field-context.js
│  (1:0): Module level directives cause errors when bundled, "use client"
│  in
│  "node_modules/.pnpm/@ark-ui+react@5.39.2_react-dom@19.2.1_react@19.2.1__react@19.2.1/node_modules/@ark-ui/react/dist/components/field/use-field-context.js"
│  was ignored.
│
▲  Vite
│  node_modules/.pnpm/@ark-ui+react@5.39.2_react-dom@19.2.1_react@19.2.1__react@19.2.1/node_modules/@ark-ui/react/dist/components/field/field-context.js
│  (1:0): Module level directives cause errors when bundled, "use client"
│  in
│  "node_modules/.pnpm/@ark-ui+react@5.39.2_react-dom@19.2.1_react@19.2.1__react@19.2.1/node_modules/@ark-ui/react/dist/components/field/field-context.js"
│  was ignored.
│
▲  Vite
│  node_modules/.pnpm/@ark-ui+react@5.39.2_react-dom@19.2.1_react@19.2.1__react@19.2.1/node_modules/@ark-ui/react/dist/components/field/field-error-text.js
│  (1:0): Module level directives cause errors when bundled, "use client"
│  in
│  "node_modules/.pnpm/@ark-ui+react@5.39.2_react-dom@19.2.1_react@19.2.1__react@19.2.1/node_modules/@ark-ui/react/dist/components/field/field-error-text.js"
│  was ignored.
│
▲  Vite
│  node_modules/.pnpm/@ark-ui+react@5.39.2_react-dom@19.2.1_react@19.2.1__react@19.2.1/node_modules/@ark-ui/react/dist/components/field/field-helper-text.js
│  (1:0): Module level directives cause errors when bundled, "use client"
│  in
│  "node_modules/.pnpm/@ark-ui+react@5.39.2_react-dom@19.2.1_react@19.2.1__react@19.2.1/node_modules/@ark-ui/react/dist/components/field/field-helper-text.js"
│  was ignored.
│
▲  Vite
│  node_modules/.pnpm/@ark-ui+react@5.39.2_react-dom@19.2.1_react@19.2.1__react@19.2.1/node_modules/@ark-ui/react/dist/components/field/field-input.js
│  (1:0): Module level directives cause errors when bundled, "use client"
│  in
│  "node_modules/.pnpm/@ark-ui+react@5.39.2_react-dom@19.2.1_react@19.2.1__react@19.2.1/node_modules/@ark-ui/react/dist/components/field/field-input.js"
│  was ignored.
│
▲  Vite
│  node_modules/.pnpm/@ark-ui+react@5.39.2_react-dom@19.2.1_react@19.2.1__react@19.2.1/node_modules/@ark-ui/react/dist/components/field/field-item.js
│  (1:0): Module level directives cause errors when bundled, "use client"
│  in
│  "node_modules/.pnpm/@ark-ui+react@5.39.2_react-dom@19.2.1_react@19.2.1__react@19.2.1/node_modules/@ark-ui/react/dist/components/field/field-item.js"
│  was ignored.
│
▲  Vite
│  node_modules/.pnpm/@ark-ui+react@5.39.2_react-dom@19.2.1_react@19.2.1__react@19.2.1/node_modules/@ark-ui/react/dist/components/field/field-label.js
│  (1:0): Module level directives cause errors when bundled, "use client"
│  in
│  "node_modules/.pnpm/@ark-ui+react@5.39.2_react-dom@19.2.1_react@19.2.1__react@19.2.1/node_modules/@ark-ui/react/dist/components/field/field-label.js"
│  was ignored.
│
▲  Vite
│  node_modules/.pnpm/@ark-ui+react@5.39.2_react-dom@19.2.1_react@19.2.1__react@19.2.1/node_modules/@ark-ui/react/dist/components/field/field-required-indicator.js
│  (1:0): Module level directives cause errors when bundled, "use client"
│  in
│  "node_modules/.pnpm/@ark-ui+react@5.39.2_react-dom@19.2.1_react@19.2.1__react@19.2.1/node_modules/@ark-ui/react/dist/components/field/field-required-indicator.js"
│  was ignored.
│
▲  Vite
│  node_modules/.pnpm/@ark-ui+react@5.39.2_react-dom@19.2.1_react@19.2.1__react@19.2.1/node_modules/@ark-ui/react/dist/components/field/use-field.js
│  (1:0): Module level directives cause errors when bundled, "use client"
│  in
│  "node_modules/.pnpm/@ark-ui+react@5.39.2_react-dom@19.2.1_react@19.2.1__react@19.2.1/node_modules/@ark-ui/react/dist/components/field/use-field.js"
│  was ignored.
│
▲  Vite
│  node_modules/.pnpm/@ark-ui+react@5.39.2_react-dom@19.2.1_react@19.2.1__react@19.2.1/node_modules/@ark-ui/react/dist/components/field/field-root.js
│  (1:0): Module level directives cause errors when bundled, "use client"
│  in
│  "node_modules/.pnpm/@ark-ui+react@5.39.2_react-dom@19.2.1_react@19.2.1__react@19.2.1/node_modules/@ark-ui/react/dist/components/field/field-root.js"
│  was ignored.
│
▲  Vite
│  node_modules/.pnpm/@ark-ui+react@5.39.2_react-dom@19.2.1_react@19.2.1__react@19.2.1/node_modules/@ark-ui/react/dist/components/field/field-root-provider.js
│  (1:0): Module level directives cause errors when bundled, "use client"
│  in
│  "node_modules/.pnpm/@ark-ui+react@5.39.2_react-dom@19.2.1_react@19.2.1__react@19.2.1/node_modules/@ark-ui/react/dist/components/field/field-root-provider.js"
│  was ignored.
│
▲  Vite
│  node_modules/.pnpm/@ark-ui+react@5.39.2_react-dom@19.2.1_react@19.2.1__react@19.2.1/node_modules/@ark-ui/react/dist/components/field/field-select.js
│  (1:0): Module level directives cause errors when bundled, "use client"
│  in
│  "node_modules/.pnpm/@ark-ui+react@5.39.2_react-dom@19.2.1_react@19.2.1__react@19.2.1/node_modules/@ark-ui/react/dist/components/field/field-select.js"
│  was ignored.
│
▲  Vite
│  node_modules/.pnpm/@ark-ui+react@5.39.2_react-dom@19.2.1_react@19.2.1__react@19.2.1/node_modules/@ark-ui/react/dist/components/field/field-textarea.js
│  (1:0): Module level directives cause errors when bundled, "use client"
│  in
│  "node_modules/.pnpm/@ark-ui+react@5.39.2_react-dom@19.2.1_react@19.2.1__react@19.2.1/node_modules/@ark-ui/react/dist/components/field/field-textarea.js"
│  was ignored.
│
▲  Vite
│  node_modules/.pnpm/@ark-ui+react@5.39.2_react-dom@19.2.1_react@19.2.1__react@19.2.1/node_modules/@ark-ui/react/dist/components/checkbox/checkbox-hidden-input.js
│  (1:0): Module level directives cause errors when bundled, "use client"
│  in
│  "node_modules/.pnpm/@ark-ui+react@5.39.2_react-dom@19.2.1_react@19.2.1__react@19.2.1/node_modules/@ark-ui/react/dist/components/checkbox/checkbox-hidden-input.js"
│  was ignored.
│
▲  Vite
│  node_modules/.pnpm/@ark-ui+react@5.39.2_react-dom@19.2.1_react@19.2.1__react@19.2.1/node_modules/@ark-ui/react/dist/components/checkbox/checkbox-indicator.js
│  (1:0): Module level directives cause errors when bundled, "use client"
│  in
│  "node_modules/.pnpm/@ark-ui+react@5.39.2_react-dom@19.2.1_react@19.2.1__react@19.2.1/node_modules/@ark-ui/react/dist/components/checkbox/checkbox-indicator.js"
│  was ignored.
│
▲  Vite
│  node_modules/.pnpm/@ark-ui+react@5.39.2_react-dom@19.2.1_react@19.2.1__react@19.2.1/node_modules/@ark-ui/react/dist/components/checkbox/checkbox-label.js
│  (1:0): Module level directives cause errors when bundled, "use client"
│  in
│  "node_modules/.pnpm/@ark-ui+react@5.39.2_react-dom@19.2.1_react@19.2.1__react@19.2.1/node_modules/@ark-ui/react/dist/components/checkbox/checkbox-label.js"
│  was ignored.
│
▲  Vite
│  node_modules/.pnpm/@ark-ui+react@5.39.2_react-dom@19.2.1_react@19.2.1__react@19.2.1/node_modules/@ark-ui/react/dist/components/checkbox/use-checkbox.js
│  (1:0): Module level directives cause errors when bundled, "use client"
│  in
│  "node_modules/.pnpm/@ark-ui+react@5.39.2_react-dom@19.2.1_react@19.2.1__react@19.2.1/node_modules/@ark-ui/react/dist/components/checkbox/use-checkbox.js"
│  was ignored.
│
▲  Vite
│  node_modules/.pnpm/@ark-ui+react@5.39.2_react-dom@19.2.1_react@19.2.1__react@19.2.1/node_modules/@ark-ui/react/dist/components/checkbox/checkbox-root.js
│  (1:0): Module level directives cause errors when bundled, "use client"
│  in
│  "node_modules/.pnpm/@ark-ui+react@5.39.2_react-dom@19.2.1_react@19.2.1__react@19.2.1/node_modules/@ark-ui/react/dist/components/checkbox/checkbox-root.js"
│  was ignored.
│
▲  Vite
│  node_modules/.pnpm/@ark-ui+react@5.39.2_react-dom@19.2.1_react@19.2.1__react@19.2.1/node_modules/@ark-ui/react/dist/components/checkbox/checkbox-root-provider.js
│  (1:0): Module level directives cause errors when bundled, "use client"
│  in
│  "node_modules/.pnpm/@ark-ui+react@5.39.2_react-dom@19.2.1_react@19.2.1__react@19.2.1/node_modules/@ark-ui/react/dist/components/checkbox/checkbox-root-provider.js"
│  was ignored.
│
▲  Vite
│  node_modules/.pnpm/@ark-ui+react@5.39.2_react-dom@19.2.1_react@19.2.1__react@19.2.1/node_modules/@ark-ui/react/dist/components/client-only/client-only.js
│  (1:0): Module level directives cause errors when bundled, "use client"
│  in
│  "node_modules/.pnpm/@ark-ui+react@5.39.2_react-dom@19.2.1_react@19.2.1__react@19.2.1/node_modules/@ark-ui/react/dist/components/client-only/client-only.js"
│  was ignored.
│
▲  Vite
│  node_modules/.pnpm/@ark-ui+react@5.39.2_react-dom@19.2.1_react@19.2.1__react@19.2.1/node_modules/@ark-ui/react/dist/components/clipboard/use-clipboard-context.js
│  (1:0): Module level directives cause errors when bundled, "use client"
│  in
│  "node_modules/.pnpm/@ark-ui+react@5.39.2_react-dom@19.2.1_react@19.2.1__react@19.2.1/node_modules/@ark-ui/react/dist/components/clipboard/use-clipboard-context.js"
│  was ignored.
│
▲  Vite
│  node_modules/.pnpm/@ark-ui+react@5.39.2_react-dom@19.2.1_react@19.2.1__react@19.2.1/node_modules/@ark-ui/react/dist/components/clipboard/clipboard-context.js
│  (1:0): Module level directives cause errors when bundled, "use client"
│  in
│  "node_modules/.pnpm/@ark-ui+react@5.39.2_react-dom@19.2.1_react@19.2.1__react@19.2.1/node_modules/@ark-ui/react/dist/components/clipboard/clipboard-context.js"
│  was ignored.
│
▲  Vite
│  node_modules/.pnpm/@ark-ui+react@5.39.2_react-dom@19.2.1_react@19.2.1__react@19.2.1/node_modules/@ark-ui/react/dist/components/clipboard/clipboard-control.js
│  (1:0): Module level directives cause errors when bundled, "use client"
│  in
│  "node_modules/.pnpm/@ark-ui+react@5.39.2_react-dom@19.2.1_react@19.2.1__react@19.2.1/node_modules/@ark-ui/react/dist/components/clipboard/clipboard-control.js"
│  was ignored.
│
▲  Vite
│  node_modules/.pnpm/@ark-ui+react@5.39.2_react-dom@19.2.1_react@19.2.1__react@19.2.1/node_modules/@ark-ui/react/dist/components/clipboard/clipboard-indicator.js
│  (1:0): Module level directives cause errors when bundled, "use client"
│  in
│  "node_modules/.pnpm/@ark-ui+react@5.39.2_react-dom@19.2.1_react@19.2.1__react@19.2.1/node_modules/@ark-ui/react/dist/components/clipboard/clipboard-indicator.js"
│  was ignored.
│
▲  Vite
│  node_modules/.pnpm/@ark-ui+react@5.39.2_react-dom@19.2.1_react@19.2.1__react@19.2.1/node_modules/@ark-ui/react/dist/components/clipboard/clipboard-input.js
│  (1:0): Module level directives cause errors when bundled, "use client"
│  in
│  "node_modules/.pnpm/@ark-ui+react@5.39.2_react-dom@19.2.1_react@19.2.1__react@19.2.1/node_modules/@ark-ui/react/dist/components/clipboard/clipboard-input.js"
│  was ignored.
│
▲  Vite
│  node_modules/.pnpm/@ark-ui+react@5.39.2_react-dom@19.2.1_react@19.2.1__react@19.2.1/node_modules/@ark-ui/react/dist/components/clipboard/clipboard-label.js
│  (1:0): Module level directives cause errors when bundled, "use client"
│  in
│  "node_modules/.pnpm/@ark-ui+react@5.39.2_react-dom@19.2.1_react@19.2.1__react@19.2.1/node_modules/@ark-ui/react/dist/components/clipboard/clipboard-label.js"
│  was ignored.
│
▲  Vite
│  node_modules/.pnpm/@ark-ui+react@5.39.2_react-dom@19.2.1_react@19.2.1__react@19.2.1/node_modules/@ark-ui/react/dist/components/clipboard/use-clipboard.js
│  (1:0): Module level directives cause errors when bundled, "use client"
│  in
│  "node_modules/.pnpm/@ark-ui+react@5.39.2_react-dom@19.2.1_react@19.2.1__react@19.2.1/node_modules/@ark-ui/react/dist/components/clipboard/use-clipboard.js"
│  was ignored.
│
▲  Vite
│  node_modules/.pnpm/@ark-ui+react@5.39.2_react-dom@19.2.1_react@19.2.1__react@19.2.1/node_modules/@ark-ui/react/dist/components/clipboard/clipboard-root.js
│  (1:0): Module level directives cause errors when bundled, "use client"
│  in
│  "node_modules/.pnpm/@ark-ui+react@5.39.2_react-dom@19.2.1_react@19.2.1__react@19.2.1/node_modules/@ark-ui/react/dist/components/clipboard/clipboard-root.js"
│  was ignored.
│
▲  Vite
│  node_modules/.pnpm/@ark-ui+react@5.39.2_react-dom@19.2.1_react@19.2.1__react@19.2.1/node_modules/@ark-ui/react/dist/components/clipboard/clipboard-root-provider.js
│  (1:0): Module level directives cause errors when bundled, "use client"
│  in
│  "node_modules/.pnpm/@ark-ui+react@5.39.2_react-dom@19.2.1_react@19.2.1__react@19.2.1/node_modules/@ark-ui/react/dist/components/clipboard/clipboard-root-provider.js"
│  was ignored.
│
▲  Vite
│  node_modules/.pnpm/@ark-ui+react@5.39.2_react-dom@19.2.1_react@19.2.1__react@19.2.1/node_modules/@ark-ui/react/dist/components/clipboard/clipboard-trigger.js
│  (1:0): Module level directives cause errors when bundled, "use client"
│  in
│  "node_modules/.pnpm/@ark-ui+react@5.39.2_react-dom@19.2.1_react@19.2.1__react@19.2.1/node_modules/@ark-ui/react/dist/components/clipboard/clipboard-trigger.js"
│  was ignored.
│
▲  Vite
│  node_modules/.pnpm/@ark-ui+react@5.39.2_react-dom@19.2.1_react@19.2.1__react@19.2.1/node_modules/@ark-ui/react/dist/components/clipboard/clipboard-value-text.js
│  (1:0): Module level directives cause errors when bundled, "use client"
│  in
│  "node_modules/.pnpm/@ark-ui+react@5.39.2_react-dom@19.2.1_react@19.2.1__react@19.2.1/node_modules/@ark-ui/react/dist/components/clipboard/clipboard-value-text.js"
│  was ignored.
│
▲  Vite
│  node_modules/.pnpm/@ark-ui+react@5.39.2_react-dom@19.2.1_react@19.2.1__react@19.2.1/node_modules/@ark-ui/react/dist/components/collection/list-collection.js
│  (1:0): Module level directives cause errors when bundled, "use client"
│  in
│  "node_modules/.pnpm/@ark-ui+react@5.39.2_react-dom@19.2.1_react@19.2.1__react@19.2.1/node_modules/@ark-ui/react/dist/components/collection/list-collection.js"
│  was ignored.
│
▲  Vite
│  node_modules/.pnpm/@ark-ui+react@5.39.2_react-dom@19.2.1_react@19.2.1__react@19.2.1/node_modules/@ark-ui/react/dist/components/collection/tree-collection.js
│  (1:0): Module level directives cause errors when bundled, "use client"
│  in
│  "node_modules/.pnpm/@ark-ui+react@5.39.2_react-dom@19.2.1_react@19.2.1__react@19.2.1/node_modules/@ark-ui/react/dist/components/collection/tree-collection.js"
│  was ignored.
│
▲  Vite
│  node_modules/.pnpm/@ark-ui+react@5.39.2_react-dom@19.2.1_react@19.2.1__react@19.2.1/node_modules/@ark-ui/react/dist/components/collection/use-list-collection.js
│  (1:0): Module level directives cause errors when bundled, "use client"
│  in
│  "node_modules/.pnpm/@ark-ui+react@5.39.2_react-dom@19.2.1_react@19.2.1__react@19.2.1/node_modules/@ark-ui/react/dist/components/collection/use-list-collection.js"
│  was ignored.
│
▲  Vite
│  node_modules/.pnpm/@ark-ui+react@5.39.2_react-dom@19.2.1_react@19.2.1__react@19.2.1/node_modules/@ark-ui/react/dist/components/combobox/use-combobox-context.js
│  (1:0): Module level directives cause errors when bundled, "use client"
│  in
│  "node_modules/.pnpm/@ark-ui+react@5.39.2_react-dom@19.2.1_react@19.2.1__react@19.2.1/node_modules/@ark-ui/react/dist/components/combobox/use-combobox-context.js"
│  was ignored.
│
▲  Vite
│  node_modules/.pnpm/@ark-ui+react@5.39.2_react-dom@19.2.1_react@19.2.1__react@19.2.1/node_modules/@ark-ui/react/dist/components/combobox/combobox-clear-trigger.js
│  (1:0): Module level directives cause errors when bundled, "use client"
│  in
│  "node_modules/.pnpm/@ark-ui+react@5.39.2_react-dom@19.2.1_react@19.2.1__react@19.2.1/node_modules/@ark-ui/react/dist/components/combobox/combobox-clear-trigger.js"
│  was ignored.
│
▲  Vite
│  node_modules/.pnpm/@ark-ui+react@5.39.2_react-dom@19.2.1_react@19.2.1__react@19.2.1/node_modules/@ark-ui/react/dist/components/combobox/combobox-empty.js
│  (1:0): Module level directives cause errors when bundled, "use client"
│  in
│  "node_modules/.pnpm/@ark-ui+react@5.39.2_react-dom@19.2.1_react@19.2.1__react@19.2.1/node_modules/@ark-ui/react/dist/components/combobox/combobox-empty.js"
│  was ignored.
│
▲  Vite
│  node_modules/.pnpm/@ark-ui+react@5.39.2_react-dom@19.2.1_react@19.2.1__react@19.2.1/node_modules/@ark-ui/react/dist/components/combobox/combobox-context.js
│  (1:0): Module level directives cause errors when bundled, "use client"
│  in
│  "node_modules/.pnpm/@ark-ui+react@5.39.2_react-dom@19.2.1_react@19.2.1__react@19.2.1/node_modules/@ark-ui/react/dist/components/combobox/combobox-context.js"
│  was ignored.
│
▲  Vite
│  node_modules/.pnpm/@ark-ui+react@5.39.2_react-dom@19.2.1_react@19.2.1__react@19.2.1/node_modules/@ark-ui/react/dist/components/combobox/combobox-control.js
│  (1:0): Module level directives cause errors when bundled, "use client"
│  in
│  "node_modules/.pnpm/@ark-ui+react@5.39.2_react-dom@19.2.1_react@19.2.1__react@19.2.1/node_modules/@ark-ui/react/dist/components/combobox/combobox-control.js"
│  was ignored.
│
▲  Vite
│  node_modules/.pnpm/@ark-ui+react@5.39.2_react-dom@19.2.1_react@19.2.1__react@19.2.1/node_modules/@ark-ui/react/dist/components/combobox/combobox-input.js
│  (1:0): Module level directives cause errors when bundled, "use client"
│  in
│  "node_modules/.pnpm/@ark-ui+react@5.39.2_react-dom@19.2.1_react@19.2.1__react@19.2.1/node_modules/@ark-ui/react/dist/components/combobox/combobox-input.js"
│  was ignored.
│
▲  Vite
│  node_modules/.pnpm/@ark-ui+react@5.39.2_react-dom@19.2.1_react@19.2.1__react@19.2.1/node_modules/@ark-ui/react/dist/components/combobox/combobox-content.js
│  (1:0): Module level directives cause errors when bundled, "use client"
│  in
│  "node_modules/.pnpm/@ark-ui+react@5.39.2_react-dom@19.2.1_react@19.2.1__react@19.2.1/node_modules/@ark-ui/react/dist/components/combobox/combobox-content.js"
│  was ignored.
│
▲  Vite
│  node_modules/.pnpm/@ark-ui+react@5.39.2_react-dom@19.2.1_react@19.2.1__react@19.2.1/node_modules/@ark-ui/react/dist/components/combobox/use-combobox-item-context.js
│  (1:0): Module level directives cause errors when bundled, "use client"
│  in
│  "node_modules/.pnpm/@ark-ui+react@5.39.2_react-dom@19.2.1_react@19.2.1__react@19.2.1/node_modules/@ark-ui/react/dist/components/combobox/use-combobox-item-context.js"
│  was ignored.
│
▲  Vite
│  node_modules/.pnpm/@ark-ui+react@5.39.2_react-dom@19.2.1_react@19.2.1__react@19.2.1/node_modules/@ark-ui/react/dist/components/combobox/combobox-item.js
│  (1:0): Module level directives cause errors when bundled, "use client"
│  in
│  "node_modules/.pnpm/@ark-ui+react@5.39.2_react-dom@19.2.1_react@19.2.1__react@19.2.1/node_modules/@ark-ui/react/dist/components/combobox/combobox-item.js"
│  was ignored.
│
▲  Vite
│  node_modules/.pnpm/@ark-ui+react@5.39.2_react-dom@19.2.1_react@19.2.1__react@19.2.1/node_modules/@ark-ui/react/dist/components/combobox/combobox-item-context.js
│  (1:0): Module level directives cause errors when bundled, "use client"
│  in
│  "node_modules/.pnpm/@ark-ui+react@5.39.2_react-dom@19.2.1_react@19.2.1__react@19.2.1/node_modules/@ark-ui/react/dist/components/combobox/combobox-item-context.js"
│  was ignored.
│
▲  Vite
│  node_modules/.pnpm/@ark-ui+react@5.39.2_react-dom@19.2.1_react@19.2.1__react@19.2.1/node_modules/@ark-ui/react/dist/components/combobox/combobox-item-group.js
│  (1:0): Module level directives cause errors when bundled, "use client"
│  in
│  "node_modules/.pnpm/@ark-ui+react@5.39.2_react-dom@19.2.1_react@19.2.1__react@19.2.1/node_modules/@ark-ui/react/dist/components/combobox/combobox-item-group.js"
│  was ignored.
│
▲  Vite
│  node_modules/.pnpm/@ark-ui+react@5.39.2_react-dom@19.2.1_react@19.2.1__react@19.2.1/node_modules/@ark-ui/react/dist/components/combobox/combobox-item-group-label.js
│  (1:0): Module level directives cause errors when bundled, "use client"
│  in
│  "node_modules/.pnpm/@ark-ui+react@5.39.2_react-dom@19.2.1_react@19.2.1__react@19.2.1/node_modules/@ark-ui/react/dist/components/combobox/combobox-item-group-label.js"
│  was ignored.
│
▲  Vite
│  node_modules/.pnpm/@ark-ui+react@5.39.2_react-dom@19.2.1_react@19.2.1__react@19.2.1/node_modules/@ark-ui/react/dist/components/combobox/combobox-item-indicator.js
│  (1:0): Module level directives cause errors when bundled, "use client"
│  in
│  "node_modules/.pnpm/@ark-ui+react@5.39.2_react-dom@19.2.1_react@19.2.1__react@19.2.1/node_modules/@ark-ui/react/dist/components/combobox/combobox-item-indicator.js"
│  was ignored.
│
▲  Vite
│  node_modules/.pnpm/@ark-ui+react@5.39.2_react-dom@19.2.1_react@19.2.1__react@19.2.1/node_modules/@ark-ui/react/dist/components/combobox/combobox-item-text.js
│  (1:0): Module level directives cause errors when bundled, "use client"
│  in
│  "node_modules/.pnpm/@ark-ui+react@5.39.2_react-dom@19.2.1_react@19.2.1__react@19.2.1/node_modules/@ark-ui/react/dist/components/combobox/combobox-item-text.js"
│  was ignored.
│
▲  Vite
│  node_modules/.pnpm/@ark-ui+react@5.39.2_react-dom@19.2.1_react@19.2.1__react@19.2.1/node_modules/@ark-ui/react/dist/components/combobox/combobox-label.js
│  (1:0): Module level directives cause errors when bundled, "use client"
│  in
│  "node_modules/.pnpm/@ark-ui+react@5.39.2_react-dom@19.2.1_react@19.2.1__react@19.2.1/node_modules/@ark-ui/react/dist/components/combobox/combobox-label.js"
│  was ignored.
│
▲  Vite
│  node_modules/.pnpm/@ark-ui+react@5.39.2_react-dom@19.2.1_react@19.2.1__react@19.2.1/node_modules/@ark-ui/react/dist/components/combobox/combobox-list.js
│  (1:0): Module level directives cause errors when bundled, "use client"
│  in
│  "node_modules/.pnpm/@ark-ui+react@5.39.2_react-dom@19.2.1_react@19.2.1__react@19.2.1/node_modules/@ark-ui/react/dist/components/combobox/combobox-list.js"
│  was ignored.
│
▲  Vite
│  node_modules/.pnpm/@ark-ui+react@5.39.2_react-dom@19.2.1_react@19.2.1__react@19.2.1/node_modules/@ark-ui/react/dist/components/combobox/combobox-positioner.js
│  (1:0): Module level directives cause errors when bundled, "use client"
│  in
│  "node_modules/.pnpm/@ark-ui+react@5.39.2_react-dom@19.2.1_react@19.2.1__react@19.2.1/node_modules/@ark-ui/react/dist/components/combobox/combobox-positioner.js"
│  was ignored.
│
▲  Vite
│  node_modules/.pnpm/@ark-ui+react@5.39.2_react-dom@19.2.1_react@19.2.1__react@19.2.1/node_modules/@ark-ui/react/dist/components/combobox/use-combobox.js
│  (1:0): Module level directives cause errors when bundled, "use client"
│  in
│  "node_modules/.pnpm/@ark-ui+react@5.39.2_react-dom@19.2.1_react@19.2.1__react@19.2.1/node_modules/@ark-ui/react/dist/components/combobox/use-combobox.js"
│  was ignored.
│
▲  Vite
│  node_modules/.pnpm/@ark-ui+react@5.39.2_react-dom@19.2.1_react@19.2.1__react@19.2.1/node_modules/@ark-ui/react/dist/components/combobox/combobox-root.js
│  (1:0): Module level directives cause errors when bundled, "use client"
│  in
│  "node_modules/.pnpm/@ark-ui+react@5.39.2_react-dom@19.2.1_react@19.2.1__react@19.2.1/node_modules/@ark-ui/react/dist/components/combobox/combobox-root.js"
│  was ignored.
│
▲  Vite
│  node_modules/.pnpm/@ark-ui+react@5.39.2_react-dom@19.2.1_react@19.2.1__react@19.2.1/node_modules/@ark-ui/react/dist/components/combobox/combobox-trigger.js
│  (1:0): Module level directives cause errors when bundled, "use client"
│  in
│  "node_modules/.pnpm/@ark-ui+react@5.39.2_react-dom@19.2.1_react@19.2.1__react@19.2.1/node_modules/@ark-ui/react/dist/components/combobox/combobox-trigger.js"
│  was ignored.
│
▲  Vite
│  node_modules/.pnpm/@ark-ui+react@5.39.2_react-dom@19.2.1_react@19.2.1__react@19.2.1/node_modules/@ark-ui/react/dist/components/combobox/combobox-root-provider.js
│  (1:0): Module level directives cause errors when bundled, "use client"
│  in
│  "node_modules/.pnpm/@ark-ui+react@5.39.2_react-dom@19.2.1_react@19.2.1__react@19.2.1/node_modules/@ark-ui/react/dist/components/combobox/combobox-root-provider.js"
│  was ignored.
│
▲  Vite
│  node_modules/.pnpm/@ark-ui+react@5.39.2_react-dom@19.2.1_react@19.2.1__react@19.2.1/node_modules/@ark-ui/react/dist/components/date-input/use-date-input.js
│  (1:0): Module level directives cause errors when bundled, "use client"
│  in
│  "node_modules/.pnpm/@ark-ui+react@5.39.2_react-dom@19.2.1_react@19.2.1__react@19.2.1/node_modules/@ark-ui/react/dist/components/date-input/use-date-input.js"
│  was ignored.
│
▲  Vite
│  node_modules/.pnpm/@ark-ui+react@5.39.2_react-dom@19.2.1_react@19.2.1__react@19.2.1/node_modules/@ark-ui/react/dist/components/date-input/use-date-input-context.js
│  (1:0): Module level directives cause errors when bundled, "use client"
│  in
│  "node_modules/.pnpm/@ark-ui+react@5.39.2_react-dom@19.2.1_react@19.2.1__react@19.2.1/node_modules/@ark-ui/react/dist/components/date-input/use-date-input-context.js"
│  was ignored.
│
▲  Vite
│  node_modules/.pnpm/@ark-ui+react@5.39.2_react-dom@19.2.1_react@19.2.1__react@19.2.1/node_modules/@ark-ui/react/dist/components/date-input/date-input-context.js
│  (1:0): Module level directives cause errors when bundled, "use client"
│  in
│  "node_modules/.pnpm/@ark-ui+react@5.39.2_react-dom@19.2.1_react@19.2.1__react@19.2.1/node_modules/@ark-ui/react/dist/components/date-input/date-input-context.js"
│  was ignored.
│
▲  Vite
│  node_modules/.pnpm/@ark-ui+react@5.39.2_react-dom@19.2.1_react@19.2.1__react@19.2.1/node_modules/@ark-ui/react/dist/components/date-input/date-input-label.js
│  (1:0): Module level directives cause errors when bundled, "use client"
│  in
│  "node_modules/.pnpm/@ark-ui+react@5.39.2_react-dom@19.2.1_react@19.2.1__react@19.2.1/node_modules/@ark-ui/react/dist/components/date-input/date-input-label.js"
│  was ignored.
│
▲  Vite
│  node_modules/.pnpm/@ark-ui+react@5.39.2_react-dom@19.2.1_react@19.2.1__react@19.2.1/node_modules/@ark-ui/react/dist/components/date-input/date-input-root.js
│  (1:0): Module level directives cause errors when bundled, "use client"
│  in
│  "node_modules/.pnpm/@ark-ui+react@5.39.2_react-dom@19.2.1_react@19.2.1__react@19.2.1/node_modules/@ark-ui/react/dist/components/date-input/date-input-root.js"
│  was ignored.
│
▲  Vite
│  node_modules/.pnpm/@ark-ui+react@5.39.2_react-dom@19.2.1_react@19.2.1__react@19.2.1/node_modules/@ark-ui/react/dist/components/date-input/date-input-root-provider.js
│  (1:0): Module level directives cause errors when bundled, "use client"
│  in
│  "node_modules/.pnpm/@ark-ui+react@5.39.2_react-dom@19.2.1_react@19.2.1__react@19.2.1/node_modules/@ark-ui/react/dist/components/date-input/date-input-root-provider.js"
│  was ignored.
│
▲  Vite
│  node_modules/.pnpm/@ark-ui+react@5.39.2_react-dom@19.2.1_react@19.2.1__react@19.2.1/node_modules/@ark-ui/react/dist/components/date-input/date-input-segment.js
│  (1:0): Module level directives cause errors when bundled, "use client"
│  in
│  "node_modules/.pnpm/@ark-ui+react@5.39.2_react-dom@19.2.1_react@19.2.1__react@19.2.1/node_modules/@ark-ui/react/dist/components/date-input/date-input-segment.js"
│  was ignored.
│
▲  Vite
│  node_modules/.pnpm/@ark-ui+react@5.39.2_react-dom@19.2.1_react@19.2.1__react@19.2.1/node_modules/@ark-ui/react/dist/components/date-input/date-input-segment-group.js
│  (1:0): Module level directives cause errors when bundled, "use client"
│  in
│  "node_modules/.pnpm/@ark-ui+react@5.39.2_react-dom@19.2.1_react@19.2.1__react@19.2.1/node_modules/@ark-ui/react/dist/components/date-input/date-input-segment-group.js"
│  was ignored.
│
▲  Vite
│  node_modules/.pnpm/@ark-ui+react@5.39.2_react-dom@19.2.1_react@19.2.1__react@19.2.1/node_modules/@ark-ui/react/dist/components/date-input/date-input-hidden-input.js
│  (1:0): Module level directives cause errors when bundled, "use client"
│  in
│  "node_modules/.pnpm/@ark-ui+react@5.39.2_react-dom@19.2.1_react@19.2.1__react@19.2.1/node_modules/@ark-ui/react/dist/components/date-input/date-input-hidden-input.js"
│  was ignored.
│
▲  Vite
│  node_modules/.pnpm/@ark-ui+react@5.39.2_react-dom@19.2.1_react@19.2.1__react@19.2.1/node_modules/@ark-ui/react/dist/components/date-input/date-input-control.js
│  (1:0): Module level directives cause errors when bundled, "use client"
│  in
│  "node_modules/.pnpm/@ark-ui+react@5.39.2_react-dom@19.2.1_react@19.2.1__react@19.2.1/node_modules/@ark-ui/react/dist/components/date-input/date-input-control.js"
│  was ignored.
│
▲  Vite
│  node_modules/.pnpm/@ark-ui+react@5.39.2_react-dom@19.2.1_react@19.2.1__react@19.2.1/node_modules/@ark-ui/react/dist/components/date-input/date-input-segment-context.js
│  (1:0): Module level directives cause errors when bundled, "use client"
│  in
│  "node_modules/.pnpm/@ark-ui+react@5.39.2_react-dom@19.2.1_react@19.2.1__react@19.2.1/node_modules/@ark-ui/react/dist/components/date-input/date-input-segment-context.js"
│  was ignored.
│
▲  Vite
│  node_modules/.pnpm/@ark-ui+react@5.39.2_react-dom@19.2.1_react@19.2.1__react@19.2.1/node_modules/@ark-ui/react/dist/components/dialog/use-dialog-context.js
│  (1:0): Module level directives cause errors when bundled, "use client"
│  in
│  "node_modules/.pnpm/@ark-ui+react@5.39.2_react-dom@19.2.1_react@19.2.1__react@19.2.1/node_modules/@ark-ui/react/dist/components/dialog/use-dialog-context.js"
│  was ignored.
│
▲  Vite
│  node_modules/.pnpm/@ark-ui+react@5.39.2_react-dom@19.2.1_react@19.2.1__react@19.2.1/node_modules/@ark-ui/react/dist/components/dialog/dialog-backdrop.js
│  (1:0): Module level directives cause errors when bundled, "use client"
│  in
│  "node_modules/.pnpm/@ark-ui+react@5.39.2_react-dom@19.2.1_react@19.2.1__react@19.2.1/node_modules/@ark-ui/react/dist/components/dialog/dialog-backdrop.js"
│  was ignored.
│
▲  Vite
│  node_modules/.pnpm/@ark-ui+react@5.39.2_react-dom@19.2.1_react@19.2.1__react@19.2.1/node_modules/@ark-ui/react/dist/components/dialog/dialog-close-trigger.js
│  (1:0): Module level directives cause errors when bundled, "use client"
│  in
│  "node_modules/.pnpm/@ark-ui+react@5.39.2_react-dom@19.2.1_react@19.2.1__react@19.2.1/node_modules/@ark-ui/react/dist/components/dialog/dialog-close-trigger.js"
│  was ignored.
│
▲  Vite
│  node_modules/.pnpm/@ark-ui+react@5.39.2_react-dom@19.2.1_react@19.2.1__react@19.2.1/node_modules/@ark-ui/react/dist/components/dialog/dialog-content.js
│  (1:0): Module level directives cause errors when bundled, "use client"
│  in
│  "node_modules/.pnpm/@ark-ui+react@5.39.2_react-dom@19.2.1_react@19.2.1__react@19.2.1/node_modules/@ark-ui/react/dist/components/dialog/dialog-content.js"
│  was ignored.
│
▲  Vite
│  node_modules/.pnpm/@ark-ui+react@5.39.2_react-dom@19.2.1_react@19.2.1__react@19.2.1/node_modules/@ark-ui/react/dist/components/dialog/dialog-context.js
│  (1:0): Module level directives cause errors when bundled, "use client"
│  in
│  "node_modules/.pnpm/@ark-ui+react@5.39.2_react-dom@19.2.1_react@19.2.1__react@19.2.1/node_modules/@ark-ui/react/dist/components/dialog/dialog-context.js"
│  was ignored.
│
▲  Vite
│  node_modules/.pnpm/@ark-ui+react@5.39.2_react-dom@19.2.1_react@19.2.1__react@19.2.1/node_modules/@ark-ui/react/dist/components/dialog/dialog-description.js
│  (1:0): Module level directives cause errors when bundled, "use client"
│  in
│  "node_modules/.pnpm/@ark-ui+react@5.39.2_react-dom@19.2.1_react@19.2.1__react@19.2.1/node_modules/@ark-ui/react/dist/components/dialog/dialog-description.js"
│  was ignored.
│
▲  Vite
│  node_modules/.pnpm/@ark-ui+react@5.39.2_react-dom@19.2.1_react@19.2.1__react@19.2.1/node_modules/@ark-ui/react/dist/components/dialog/dialog-positioner.js
│  (1:0): Module level directives cause errors when bundled, "use client"
│  in
│  "node_modules/.pnpm/@ark-ui+react@5.39.2_react-dom@19.2.1_react@19.2.1__react@19.2.1/node_modules/@ark-ui/react/dist/components/dialog/dialog-positioner.js"
│  was ignored.
│
▲  Vite
│  node_modules/.pnpm/@ark-ui+react@5.39.2_react-dom@19.2.1_react@19.2.1__react@19.2.1/node_modules/@ark-ui/react/dist/components/dialog/use-dialog.js
│  (1:0): Module level directives cause errors when bundled, "use client"
│  in
│  "node_modules/.pnpm/@ark-ui+react@5.39.2_react-dom@19.2.1_react@19.2.1__react@19.2.1/node_modules/@ark-ui/react/dist/components/dialog/use-dialog.js"
│  was ignored.
│
▲  Vite
│  node_modules/.pnpm/@ark-ui+react@5.39.2_react-dom@19.2.1_react@19.2.1__react@19.2.1/node_modules/@ark-ui/react/dist/components/dialog/dialog-root.js
│  (1:0): Module level directives cause errors when bundled, "use client"
│  in
│  "node_modules/.pnpm/@ark-ui+react@5.39.2_react-dom@19.2.1_react@19.2.1__react@19.2.1/node_modules/@ark-ui/react/dist/components/dialog/dialog-root.js"
│  was ignored.
│
▲  Vite
│  node_modules/.pnpm/@ark-ui+react@5.39.2_react-dom@19.2.1_react@19.2.1__react@19.2.1/node_modules/@ark-ui/react/dist/components/dialog/dialog-root-provider.js
│  (1:0): Module level directives cause errors when bundled, "use client"
│  in
│  "node_modules/.pnpm/@ark-ui+react@5.39.2_react-dom@19.2.1_react@19.2.1__react@19.2.1/node_modules/@ark-ui/react/dist/components/dialog/dialog-root-provider.js"
│  was ignored.
│
▲  Vite
│  node_modules/.pnpm/@ark-ui+react@5.39.2_react-dom@19.2.1_react@19.2.1__react@19.2.1/node_modules/@ark-ui/react/dist/components/dialog/dialog-title.js
│  (1:0): Module level directives cause errors when bundled, "use client"
│  in
│  "node_modules/.pnpm/@ark-ui+react@5.39.2_react-dom@19.2.1_react@19.2.1__react@19.2.1/node_modules/@ark-ui/react/dist/components/dialog/dialog-title.js"
│  was ignored.
│
▲  Vite
│  node_modules/.pnpm/@ark-ui+react@5.39.2_react-dom@19.2.1_react@19.2.1__react@19.2.1/node_modules/@ark-ui/react/dist/components/dialog/dialog-trigger.js
│  (1:0): Module level directives cause errors when bundled, "use client"
│  in
│  "node_modules/.pnpm/@ark-ui+react@5.39.2_react-dom@19.2.1_react@19.2.1__react@19.2.1/node_modules/@ark-ui/react/dist/components/dialog/dialog-trigger.js"
│  was ignored.
│
▲  Vite
│  node_modules/.pnpm/@ark-ui+react@5.39.2_react-dom@19.2.1_react@19.2.1__react@19.2.1/node_modules/@ark-ui/react/dist/components/download-trigger/use-download.js
│  (1:0): Module level directives cause errors when bundled, "use client"
│  in
│  "node_modules/.pnpm/@ark-ui+react@5.39.2_react-dom@19.2.1_react@19.2.1__react@19.2.1/node_modules/@ark-ui/react/dist/components/download-trigger/use-download.js"
│  was ignored.
│
▲  Vite
│  node_modules/.pnpm/@ark-ui+react@5.39.2_react-dom@19.2.1_react@19.2.1__react@19.2.1/node_modules/@ark-ui/react/dist/components/download-trigger/download-trigger.js
│  (1:0): Module level directives cause errors when bundled, "use client"
│  in
│  "node_modules/.pnpm/@ark-ui+react@5.39.2_react-dom@19.2.1_react@19.2.1__react@19.2.1/node_modules/@ark-ui/react/dist/components/download-trigger/download-trigger.js"
│  was ignored.
│
▲  Vite
│  node_modules/.pnpm/@ark-ui+react@5.39.2_react-dom@19.2.1_react@19.2.1__react@19.2.1/node_modules/@ark-ui/react/dist/components/editable/use-editable-context.js
│  (1:0): Module level directives cause errors when bundled, "use client"
│  in
│  "node_modules/.pnpm/@ark-ui+react@5.39.2_react-dom@19.2.1_react@19.2.1__react@19.2.1/node_modules/@ark-ui/react/dist/components/editable/use-editable-context.js"
│  was ignored.
│
▲  Vite
│  node_modules/.pnpm/@ark-ui+react@5.39.2_react-dom@19.2.1_react@19.2.1__react@19.2.1/node_modules/@ark-ui/react/dist/components/editable/editable-area.js
│  (1:0): Module level directives cause errors when bundled, "use client"
│  in
│  "node_modules/.pnpm/@ark-ui+react@5.39.2_react-dom@19.2.1_react@19.2.1__react@19.2.1/node_modules/@ark-ui/react/dist/components/editable/editable-area.js"
│  was ignored.
│
▲  Vite
│  node_modules/.pnpm/@ark-ui+react@5.39.2_react-dom@19.2.1_react@19.2.1__react@19.2.1/node_modules/@ark-ui/react/dist/components/editable/editable-cancel-trigger.js
│  (1:0): Module level directives cause errors when bundled, "use client"
│  in
│  "node_modules/.pnpm/@ark-ui+react@5.39.2_react-dom@19.2.1_react@19.2.1__react@19.2.1/node_modules/@ark-ui/react/dist/components/editable/editable-cancel-trigger.js"
│  was ignored.
│
▲  Vite
│  node_modules/.pnpm/@ark-ui+react@5.39.2_react-dom@19.2.1_react@19.2.1__react@19.2.1/node_modules/@ark-ui/react/dist/components/editable/editable-context.js
│  (1:0): Module level directives cause errors when bundled, "use client"
│  in
│  "node_modules/.pnpm/@ark-ui+react@5.39.2_react-dom@19.2.1_react@19.2.1__react@19.2.1/node_modules/@ark-ui/react/dist/components/editable/editable-context.js"
│  was ignored.
│
▲  Vite
│  node_modules/.pnpm/@ark-ui+react@5.39.2_react-dom@19.2.1_react@19.2.1__react@19.2.1/node_modules/@ark-ui/react/dist/components/editable/editable-control.js
│  (1:0): Module level directives cause errors when bundled, "use client"
│  in
│  "node_modules/.pnpm/@ark-ui+react@5.39.2_react-dom@19.2.1_react@19.2.1__react@19.2.1/node_modules/@ark-ui/react/dist/components/editable/editable-control.js"
│  was ignored.
│
▲  Vite
│  node_modules/.pnpm/@ark-ui+react@5.39.2_react-dom@19.2.1_react@19.2.1__react@19.2.1/node_modules/@ark-ui/react/dist/components/editable/editable-input.js
│  (1:0): Module level directives cause errors when bundled, "use client"
│  in
│  "node_modules/.pnpm/@ark-ui+react@5.39.2_react-dom@19.2.1_react@19.2.1__react@19.2.1/node_modules/@ark-ui/react/dist/components/editable/editable-input.js"
│  was ignored.
│
▲  Vite
│  node_modules/.pnpm/@ark-ui+react@5.39.2_react-dom@19.2.1_react@19.2.1__react@19.2.1/node_modules/@ark-ui/react/dist/components/editable/editable-label.js
│  (1:0): Module level directives cause errors when bundled, "use client"
│  in
│  "node_modules/.pnpm/@ark-ui+react@5.39.2_react-dom@19.2.1_react@19.2.1__react@19.2.1/node_modules/@ark-ui/react/dist/components/editable/editable-label.js"
│  was ignored.
│
▲  Vite
│  node_modules/.pnpm/@ark-ui+react@5.39.2_react-dom@19.2.1_react@19.2.1__react@19.2.1/node_modules/@ark-ui/react/dist/components/editable/editable-edit-trigger.js
│  (1:0): Module level directives cause errors when bundled, "use client"
│  in
│  "node_modules/.pnpm/@ark-ui+react@5.39.2_react-dom@19.2.1_react@19.2.1__react@19.2.1/node_modules/@ark-ui/react/dist/components/editable/editable-edit-trigger.js"
│  was ignored.
│
▲  Vite
│  node_modules/.pnpm/@ark-ui+react@5.39.2_react-dom@19.2.1_react@19.2.1__react@19.2.1/node_modules/@ark-ui/react/dist/components/editable/editable-preview.js
│  (1:0): Module level directives cause errors when bundled, "use client"
│  in
│  "node_modules/.pnpm/@ark-ui+react@5.39.2_react-dom@19.2.1_react@19.2.1__react@19.2.1/node_modules/@ark-ui/react/dist/components/editable/editable-preview.js"
│  was ignored.
│
▲  Vite
│  node_modules/.pnpm/@ark-ui+react@5.39.2_react-dom@19.2.1_react@19.2.1__react@19.2.1/node_modules/@ark-ui/react/dist/components/editable/use-editable.js
│  (1:0): Module level directives cause errors when bundled, "use client"
│  in
│  "node_modules/.pnpm/@ark-ui+react@5.39.2_react-dom@19.2.1_react@19.2.1__react@19.2.1/node_modules/@ark-ui/react/dist/components/editable/use-editable.js"
│  was ignored.
│
▲  Vite
│  node_modules/.pnpm/@ark-ui+react@5.39.2_react-dom@19.2.1_react@19.2.1__react@19.2.1/node_modules/@ark-ui/react/dist/components/editable/editable-root.js
│  (1:0): Module level directives cause errors when bundled, "use client"
│  in
│  "node_modules/.pnpm/@ark-ui+react@5.39.2_react-dom@19.2.1_react@19.2.1__react@19.2.1/node_modules/@ark-ui/react/dist/components/editable/editable-root.js"
│  was ignored.
│
▲  Vite
│  node_modules/.pnpm/@ark-ui+react@5.39.2_react-dom@19.2.1_react@19.2.1__react@19.2.1/node_modules/@ark-ui/react/dist/components/editable/editable-root-provider.js
│  (1:0): Module level directives cause errors when bundled, "use client"
│  in
│  "node_modules/.pnpm/@ark-ui+react@5.39.2_react-dom@19.2.1_react@19.2.1__react@19.2.1/node_modules/@ark-ui/react/dist/components/editable/editable-root-provider.js"
│  was ignored.
│
▲  Vite
│  node_modules/.pnpm/@ark-ui+react@5.39.2_react-dom@19.2.1_react@19.2.1__react@19.2.1/node_modules/@ark-ui/react/dist/components/editable/editable-submit-trigger.js
│  (1:0): Module level directives cause errors when bundled, "use client"
│  in
│  "node_modules/.pnpm/@ark-ui+react@5.39.2_react-dom@19.2.1_react@19.2.1__react@19.2.1/node_modules/@ark-ui/react/dist/components/editable/editable-submit-trigger.js"
│  was ignored.
│
▲  Vite
│  node_modules/.pnpm/@ark-ui+react@5.39.2_react-dom@19.2.1_react@19.2.1__react@19.2.1/node_modules/@ark-ui/react/dist/components/floating-panel/use-floating-panel-context.js
│  (1:0): Module level directives cause errors when bundled, "use client"
│  in
│  "node_modules/.pnpm/@ark-ui+react@5.39.2_react-dom@19.2.1_react@19.2.1__react@19.2.1/node_modules/@ark-ui/react/dist/components/floating-panel/use-floating-panel-context.js"
│  was ignored.
│
▲  Vite
│  node_modules/.pnpm/@ark-ui+react@5.39.2_react-dom@19.2.1_react@19.2.1__react@19.2.1/node_modules/@ark-ui/react/dist/components/floating-panel/floating-panel-body.js
│  (1:0): Module level directives cause errors when bundled, "use client"
│  in
│  "node_modules/.pnpm/@ark-ui+react@5.39.2_react-dom@19.2.1_react@19.2.1__react@19.2.1/node_modules/@ark-ui/react/dist/components/floating-panel/floating-panel-body.js"
│  was ignored.
│
▲  Vite
│  node_modules/.pnpm/@ark-ui+react@5.39.2_react-dom@19.2.1_react@19.2.1__react@19.2.1/node_modules/@ark-ui/react/dist/components/floating-panel/floating-panel-close-trigger.js
│  (1:0): Module level directives cause errors when bundled, "use client"
│  in
│  "node_modules/.pnpm/@ark-ui+react@5.39.2_react-dom@19.2.1_react@19.2.1__react@19.2.1/node_modules/@ark-ui/react/dist/components/floating-panel/floating-panel-close-trigger.js"
│  was ignored.
│
▲  Vite
│  node_modules/.pnpm/@ark-ui+react@5.39.2_react-dom@19.2.1_react@19.2.1__react@19.2.1/node_modules/@ark-ui/react/dist/components/floating-panel/floating-panel-content.js
│  (1:0): Module level directives cause errors when bundled, "use client"
│  in
│  "node_modules/.pnpm/@ark-ui+react@5.39.2_react-dom@19.2.1_react@19.2.1__react@19.2.1/node_modules/@ark-ui/react/dist/components/floating-panel/floating-panel-content.js"
│  was ignored.
│
▲  Vite
│  node_modules/.pnpm/@ark-ui+react@5.39.2_react-dom@19.2.1_react@19.2.1__react@19.2.1/node_modules/@ark-ui/react/dist/components/floating-panel/floating-panel-context.js
│  (1:0): Module level directives cause errors when bundled, "use client"
│  in
│  "node_modules/.pnpm/@ark-ui+react@5.39.2_react-dom@19.2.1_react@19.2.1__react@19.2.1/node_modules/@ark-ui/react/dist/components/floating-panel/floating-panel-context.js"
│  was ignored.
│
▲  Vite
│  node_modules/.pnpm/@ark-ui+react@5.39.2_react-dom@19.2.1_react@19.2.1__react@19.2.1/node_modules/@ark-ui/react/dist/components/floating-panel/floating-panel-drag-trigger.js
│  (1:0): Module level directives cause errors when bundled, "use client"
│  in
│  "node_modules/.pnpm/@ark-ui+react@5.39.2_react-dom@19.2.1_react@19.2.1__react@19.2.1/node_modules/@ark-ui/react/dist/components/floating-panel/floating-panel-drag-trigger.js"
│  was ignored.
│
▲  Vite
│  node_modules/.pnpm/@ark-ui+react@5.39.2_react-dom@19.2.1_react@19.2.1__react@19.2.1/node_modules/@ark-ui/react/dist/components/floating-panel/floating-panel-header.js
│  (1:0): Module level directives cause errors when bundled, "use client"
│  in
│  "node_modules/.pnpm/@ark-ui+react@5.39.2_react-dom@19.2.1_react@19.2.1__react@19.2.1/node_modules/@ark-ui/react/dist/components/floating-panel/floating-panel-header.js"
│  was ignored.
│
▲  Vite
│  node_modules/.pnpm/@ark-ui+react@5.39.2_react-dom@19.2.1_react@19.2.1__react@19.2.1/node_modules/@ark-ui/react/dist/components/floating-panel/floating-panel-positioner.js
│  (1:0): Module level directives cause errors when bundled, "use client"
│  in
│  "node_modules/.pnpm/@ark-ui+react@5.39.2_react-dom@19.2.1_react@19.2.1__react@19.2.1/node_modules/@ark-ui/react/dist/components/floating-panel/floating-panel-positioner.js"
│  was ignored.
│
▲  Vite
│  node_modules/.pnpm/@ark-ui+react@5.39.2_react-dom@19.2.1_react@19.2.1__react@19.2.1/node_modules/@ark-ui/react/dist/components/floating-panel/floating-panel-resize-trigger.js
│  (1:0): Module level directives cause errors when bundled, "use client"
│  in
│  "node_modules/.pnpm/@ark-ui+react@5.39.2_react-dom@19.2.1_react@19.2.1__react@19.2.1/node_modules/@ark-ui/react/dist/components/floating-panel/floating-panel-resize-trigger.js"
│  was ignored.
│
▲  Vite
│  node_modules/.pnpm/@ark-ui+react@5.39.2_react-dom@19.2.1_react@19.2.1__react@19.2.1/node_modules/@ark-ui/react/dist/components/floating-panel/floating-panel-stage-trigger.js
│  (1:0): Module level directives cause errors when bundled, "use client"
│  in
│  "node_modules/.pnpm/@ark-ui+react@5.39.2_react-dom@19.2.1_react@19.2.1__react@19.2.1/node_modules/@ark-ui/react/dist/components/floating-panel/floating-panel-stage-trigger.js"
│  was ignored.
│
▲  Vite
│  node_modules/.pnpm/@ark-ui+react@5.39.2_react-dom@19.2.1_react@19.2.1__react@19.2.1/node_modules/@ark-ui/react/dist/components/floating-panel/use-floating-panel.js
│  (1:0): Module level directives cause errors when bundled, "use client"
│  in
│  "node_modules/.pnpm/@ark-ui+react@5.39.2_react-dom@19.2.1_react@19.2.1__react@19.2.1/node_modules/@ark-ui/react/dist/components/floating-panel/use-floating-panel.js"
│  was ignored.
│
▲  Vite
│  node_modules/.pnpm/@ark-ui+react@5.39.2_react-dom@19.2.1_react@19.2.1__react@19.2.1/node_modules/@ark-ui/react/dist/components/floating-panel/floating-panel-root.js
│  (1:0): Module level directives cause errors when bundled, "use client"
│  in
│  "node_modules/.pnpm/@ark-ui+react@5.39.2_react-dom@19.2.1_react@19.2.1__react@19.2.1/node_modules/@ark-ui/react/dist/components/floating-panel/floating-panel-root.js"
│  was ignored.
│
▲  Vite
│  node_modules/.pnpm/@ark-ui+react@5.39.2_react-dom@19.2.1_react@19.2.1__react@19.2.1/node_modules/@ark-ui/react/dist/components/floating-panel/floating-panel-root-provider.js
│  (1:0): Module level directives cause errors when bundled, "use client"
│  in
│  "node_modules/.pnpm/@ark-ui+react@5.39.2_react-dom@19.2.1_react@19.2.1__react@19.2.1/node_modules/@ark-ui/react/dist/components/floating-panel/floating-panel-root-provider.js"
│  was ignored.
│
▲  Vite
│  node_modules/.pnpm/@ark-ui+react@5.39.2_react-dom@19.2.1_react@19.2.1__react@19.2.1/node_modules/@ark-ui/react/dist/components/floating-panel/floating-panel-title.js
│  (1:0): Module level directives cause errors when bundled, "use client"
│  in
│  "node_modules/.pnpm/@ark-ui+react@5.39.2_react-dom@19.2.1_react@19.2.1__react@19.2.1/node_modules/@ark-ui/react/dist/components/floating-panel/floating-panel-title.js"
│  was ignored.
│
▲  Vite
│  node_modules/.pnpm/@ark-ui+react@5.39.2_react-dom@19.2.1_react@19.2.1__react@19.2.1/node_modules/@ark-ui/react/dist/components/floating-panel/floating-panel-trigger.js
│  (1:0): Module level directives cause errors when bundled, "use client"
│  in
│  "node_modules/.pnpm/@ark-ui+react@5.39.2_react-dom@19.2.1_react@19.2.1__react@19.2.1/node_modules/@ark-ui/react/dist/components/floating-panel/floating-panel-trigger.js"
│  was ignored.
│
▲  Vite
│  node_modules/.pnpm/@ark-ui+react@5.39.2_react-dom@19.2.1_react@19.2.1__react@19.2.1/node_modules/@ark-ui/react/dist/components/floating-panel/floating-panel-control.js
│  (1:0): Module level directives cause errors when bundled, "use client"
│  in
│  "node_modules/.pnpm/@ark-ui+react@5.39.2_react-dom@19.2.1_react@19.2.1__react@19.2.1/node_modules/@ark-ui/react/dist/components/floating-panel/floating-panel-control.js"
│  was ignored.
│
▲  Vite
│  node_modules/.pnpm/@ark-ui+react@5.39.2_react-dom@19.2.1_react@19.2.1__react@19.2.1/node_modules/@ark-ui/react/dist/components/focus-trap/focus-trap.js
│  (1:0): Module level directives cause errors when bundled, "use client"
│  in
│  "node_modules/.pnpm/@ark-ui+react@5.39.2_react-dom@19.2.1_react@19.2.1__react@19.2.1/node_modules/@ark-ui/react/dist/components/focus-trap/focus-trap.js"
│  was ignored.
│
▲  Vite
│  node_modules/.pnpm/@ark-ui+react@5.39.2_react-dom@19.2.1_react@19.2.1__react@19.2.1/node_modules/@ark-ui/react/dist/components/format/format-byte.js
│  (1:0): Module level directives cause errors when bundled, "use client"
│  in
│  "node_modules/.pnpm/@ark-ui+react@5.39.2_react-dom@19.2.1_react@19.2.1__react@19.2.1/node_modules/@ark-ui/react/dist/components/format/format-byte.js"
│  was ignored.
│
▲  Vite
│  node_modules/.pnpm/@ark-ui+react@5.39.2_react-dom@19.2.1_react@19.2.1__react@19.2.1/node_modules/@ark-ui/react/dist/components/format/format-number.js
│  (1:0): Module level directives cause errors when bundled, "use client"
│  in
│  "node_modules/.pnpm/@ark-ui+react@5.39.2_react-dom@19.2.1_react@19.2.1__react@19.2.1/node_modules/@ark-ui/react/dist/components/format/format-number.js"
│  was ignored.
│
▲  Vite
│  node_modules/.pnpm/@ark-ui+react@5.39.2_react-dom@19.2.1_react@19.2.1__react@19.2.1/node_modules/@ark-ui/react/dist/components/format/format-relative-time.js
│  (1:0): Module level directives cause errors when bundled, "use client"
│  in
│  "node_modules/.pnpm/@ark-ui+react@5.39.2_react-dom@19.2.1_react@19.2.1__react@19.2.1/node_modules/@ark-ui/react/dist/components/format/format-relative-time.js"
│  was ignored.
│
▲  Vite
│  node_modules/.pnpm/@ark-ui+react@5.39.2_react-dom@19.2.1_react@19.2.1__react@19.2.1/node_modules/@ark-ui/react/dist/components/format/format-time.js
│  (1:0): Module level directives cause errors when bundled, "use client"
│  in
│  "node_modules/.pnpm/@ark-ui+react@5.39.2_react-dom@19.2.1_react@19.2.1__react@19.2.1/node_modules/@ark-ui/react/dist/components/format/format-time.js"
│  was ignored.
│
▲  Vite
│  node_modules/.pnpm/@ark-ui+react@5.39.2_react-dom@19.2.1_react@19.2.1__react@19.2.1/node_modules/@ark-ui/react/dist/components/frame/frame.js
│  (1:0): Module level directives cause errors when bundled, "use client"
│  in
│  "node_modules/.pnpm/@ark-ui+react@5.39.2_react-dom@19.2.1_react@19.2.1__react@19.2.1/node_modules/@ark-ui/react/dist/components/frame/frame.js"
│  was ignored.
│
▲  Vite
│  node_modules/.pnpm/@ark-ui+react@5.39.2_react-dom@19.2.1_react@19.2.1__react@19.2.1/node_modules/@ark-ui/react/dist/components/highlight/use-highlight.js
│  (1:0): Module level directives cause errors when bundled, "use client"
│  in
│  "node_modules/.pnpm/@ark-ui+react@5.39.2_react-dom@19.2.1_react@19.2.1__react@19.2.1/node_modules/@ark-ui/react/dist/components/highlight/use-highlight.js"
│  was ignored.
│
▲  Vite
│  node_modules/.pnpm/@ark-ui+react@5.39.2_react-dom@19.2.1_react@19.2.1__react@19.2.1/node_modules/@ark-ui/react/dist/components/hover-card/use-hover-card-context.js
│  (1:0): Module level directives cause errors when bundled, "use client"
│  in
│  "node_modules/.pnpm/@ark-ui+react@5.39.2_react-dom@19.2.1_react@19.2.1__react@19.2.1/node_modules/@ark-ui/react/dist/components/hover-card/use-hover-card-context.js"
│  was ignored.
│
▲  Vite
│  node_modules/.pnpm/@ark-ui+react@5.39.2_react-dom@19.2.1_react@19.2.1__react@19.2.1/node_modules/@ark-ui/react/dist/components/hover-card/hover-card-arrow.js
│  (1:0): Module level directives cause errors when bundled, "use client"
│  in
│  "node_modules/.pnpm/@ark-ui+react@5.39.2_react-dom@19.2.1_react@19.2.1__react@19.2.1/node_modules/@ark-ui/react/dist/components/hover-card/hover-card-arrow.js"
│  was ignored.
│
▲  Vite
│  node_modules/.pnpm/@ark-ui+react@5.39.2_react-dom@19.2.1_react@19.2.1__react@19.2.1/node_modules/@ark-ui/react/dist/components/hover-card/hover-card-arrow-tip.js
│  (1:0): Module level directives cause errors when bundled, "use client"
│  in
│  "node_modules/.pnpm/@ark-ui+react@5.39.2_react-dom@19.2.1_react@19.2.1__react@19.2.1/node_modules/@ark-ui/react/dist/components/hover-card/hover-card-arrow-tip.js"
│  was ignored.
│
▲  Vite
│  node_modules/.pnpm/@ark-ui+react@5.39.2_react-dom@19.2.1_react@19.2.1__react@19.2.1/node_modules/@ark-ui/react/dist/components/hover-card/hover-card-content.js
│  (1:0): Module level directives cause errors when bundled, "use client"
│  in
│  "node_modules/.pnpm/@ark-ui+react@5.39.2_react-dom@19.2.1_react@19.2.1__react@19.2.1/node_modules/@ark-ui/react/dist/components/hover-card/hover-card-content.js"
│  was ignored.
│
▲  Vite
│  node_modules/.pnpm/@ark-ui+react@5.39.2_react-dom@19.2.1_react@19.2.1__react@19.2.1/node_modules/@ark-ui/react/dist/components/hover-card/hover-card-context.js
│  (1:0): Module level directives cause errors when bundled, "use client"
│  in
│  "node_modules/.pnpm/@ark-ui+react@5.39.2_react-dom@19.2.1_react@19.2.1__react@19.2.1/node_modules/@ark-ui/react/dist/components/hover-card/hover-card-context.js"
│  was ignored.
│
▲  Vite
│  node_modules/.pnpm/@ark-ui+react@5.39.2_react-dom@19.2.1_react@19.2.1__react@19.2.1/node_modules/@ark-ui/react/dist/components/hover-card/hover-card-positioner.js
│  (1:0): Module level directives cause errors when bundled, "use client"
│  in
│  "node_modules/.pnpm/@ark-ui+react@5.39.2_react-dom@19.2.1_react@19.2.1__react@19.2.1/node_modules/@ark-ui/react/dist/components/hover-card/hover-card-positioner.js"
│  was ignored.
│
▲  Vite
│  node_modules/.pnpm/@ark-ui+react@5.39.2_react-dom@19.2.1_react@19.2.1__react@19.2.1/node_modules/@ark-ui/react/dist/components/hover-card/use-hover-card.js
│  (1:0): Module level directives cause errors when bundled, "use client"
│  in
│  "node_modules/.pnpm/@ark-ui+react@5.39.2_react-dom@19.2.1_react@19.2.1__react@19.2.1/node_modules/@ark-ui/react/dist/components/hover-card/use-hover-card.js"
│  was ignored.
│
▲  Vite
│  node_modules/.pnpm/@ark-ui+react@5.39.2_react-dom@19.2.1_react@19.2.1__react@19.2.1/node_modules/@ark-ui/react/dist/components/hover-card/hover-card-root.js
│  (1:0): Module level directives cause errors when bundled, "use client"
│  in
│  "node_modules/.pnpm/@ark-ui+react@5.39.2_react-dom@19.2.1_react@19.2.1__react@19.2.1/node_modules/@ark-ui/react/dist/components/hover-card/hover-card-root.js"
│  was ignored.
│
▲  Vite
│  node_modules/.pnpm/@ark-ui+react@5.39.2_react-dom@19.2.1_react@19.2.1__react@19.2.1/node_modules/@ark-ui/react/dist/components/hover-card/hover-card-root-provider.js
│  (1:0): Module level directives cause errors when bundled, "use client"
│  in
│  "node_modules/.pnpm/@ark-ui+react@5.39.2_react-dom@19.2.1_react@19.2.1__react@19.2.1/node_modules/@ark-ui/react/dist/components/hover-card/hover-card-root-provider.js"
│  was ignored.
│
▲  Vite
│  node_modules/.pnpm/@ark-ui+react@5.39.2_react-dom@19.2.1_react@19.2.1__react@19.2.1/node_modules/@ark-ui/react/dist/components/hover-card/hover-card-trigger.js
│  (1:0): Module level directives cause errors when bundled, "use client"
│  in
│  "node_modules/.pnpm/@ark-ui+react@5.39.2_react-dom@19.2.1_react@19.2.1__react@19.2.1/node_modules/@ark-ui/react/dist/components/hover-card/hover-card-trigger.js"
│  was ignored.
│
▲  Vite
│  node_modules/.pnpm/@ark-ui+react@5.39.2_react-dom@19.2.1_react@19.2.1__react@19.2.1/node_modules/@ark-ui/react/dist/components/image-cropper/use-image-cropper-context.js
│  (1:0): Module level directives cause errors when bundled, "use client"
│  in
│  "node_modules/.pnpm/@ark-ui+react@5.39.2_react-dom@19.2.1_react@19.2.1__react@19.2.1/node_modules/@ark-ui/react/dist/components/image-cropper/use-image-cropper-context.js"
│  was ignored.
│
▲  Vite
│  node_modules/.pnpm/@ark-ui+react@5.39.2_react-dom@19.2.1_react@19.2.1__react@19.2.1/node_modules/@ark-ui/react/dist/components/image-cropper/image-cropper-context.js
│  (1:0): Module level directives cause errors when bundled, "use client"
│  in
│  "node_modules/.pnpm/@ark-ui+react@5.39.2_react-dom@19.2.1_react@19.2.1__react@19.2.1/node_modules/@ark-ui/react/dist/components/image-cropper/image-cropper-context.js"
│  was ignored.
│
▲  Vite
│  node_modules/.pnpm/@ark-ui+react@5.39.2_react-dom@19.2.1_react@19.2.1__react@19.2.1/node_modules/@ark-ui/react/dist/components/image-cropper/image-cropper-grid.js
│  (1:0): Module level directives cause errors when bundled, "use client"
│  in
│  "node_modules/.pnpm/@ark-ui+react@5.39.2_react-dom@19.2.1_react@19.2.1__react@19.2.1/node_modules/@ark-ui/react/dist/components/image-cropper/image-cropper-grid.js"
│  was ignored.
│
▲  Vite
│  node_modules/.pnpm/@ark-ui+react@5.39.2_react-dom@19.2.1_react@19.2.1__react@19.2.1/node_modules/@ark-ui/react/dist/components/image-cropper/image-cropper-handle.js
│  (1:0): Module level directives cause errors when bundled, "use client"
│  in
│  "node_modules/.pnpm/@ark-ui+react@5.39.2_react-dom@19.2.1_react@19.2.1__react@19.2.1/node_modules/@ark-ui/react/dist/components/image-cropper/image-cropper-handle.js"
│  was ignored.
│
▲  Vite
│  node_modules/.pnpm/@ark-ui+react@5.39.2_react-dom@19.2.1_react@19.2.1__react@19.2.1/node_modules/@ark-ui/react/dist/components/image-cropper/image-cropper-image.js
│  (1:0): Module level directives cause errors when bundled, "use client"
│  in
│  "node_modules/.pnpm/@ark-ui+react@5.39.2_react-dom@19.2.1_react@19.2.1__react@19.2.1/node_modules/@ark-ui/react/dist/components/image-cropper/image-cropper-image.js"
│  was ignored.
│
▲  Vite
│  node_modules/.pnpm/@ark-ui+react@5.39.2_react-dom@19.2.1_react@19.2.1__react@19.2.1/node_modules/@ark-ui/react/dist/components/image-cropper/use-image-cropper.js
│  (1:0): Module level directives cause errors when bundled, "use client"
│  in
│  "node_modules/.pnpm/@ark-ui+react@5.39.2_react-dom@19.2.1_react@19.2.1__react@19.2.1/node_modules/@ark-ui/react/dist/components/image-cropper/use-image-cropper.js"
│  was ignored.
│
▲  Vite
│  node_modules/.pnpm/@ark-ui+react@5.39.2_react-dom@19.2.1_react@19.2.1__react@19.2.1/node_modules/@ark-ui/react/dist/components/image-cropper/image-cropper-root.js
│  (1:0): Module level directives cause errors when bundled, "use client"
│  in
│  "node_modules/.pnpm/@ark-ui+react@5.39.2_react-dom@19.2.1_react@19.2.1__react@19.2.1/node_modules/@ark-ui/react/dist/components/image-cropper/image-cropper-root.js"
│  was ignored.
│
▲  Vite
│  node_modules/.pnpm/@ark-ui+react@5.39.2_react-dom@19.2.1_react@19.2.1__react@19.2.1/node_modules/@ark-ui/react/dist/components/image-cropper/image-cropper-root-provider.js
│  (1:0): Module level directives cause errors when bundled, "use client"
│  in
│  "node_modules/.pnpm/@ark-ui+react@5.39.2_react-dom@19.2.1_react@19.2.1__react@19.2.1/node_modules/@ark-ui/react/dist/components/image-cropper/image-cropper-root-provider.js"
│  was ignored.
│
▲  Vite
│  node_modules/.pnpm/@ark-ui+react@5.39.2_react-dom@19.2.1_react@19.2.1__react@19.2.1/node_modules/@ark-ui/react/dist/components/image-cropper/image-cropper-selection.js
│  (1:0): Module level directives cause errors when bundled, "use client"
│  in
│  "node_modules/.pnpm/@ark-ui+react@5.39.2_react-dom@19.2.1_react@19.2.1__react@19.2.1/node_modules/@ark-ui/react/dist/components/image-cropper/image-cropper-selection.js"
│  was ignored.
│
▲  Vite
│  node_modules/.pnpm/@ark-ui+react@5.39.2_react-dom@19.2.1_react@19.2.1__react@19.2.1/node_modules/@ark-ui/react/dist/components/image-cropper/image-cropper-viewport.js
│  (1:0): Module level directives cause errors when bundled, "use client"
│  in
│  "node_modules/.pnpm/@ark-ui+react@5.39.2_react-dom@19.2.1_react@19.2.1__react@19.2.1/node_modules/@ark-ui/react/dist/components/image-cropper/image-cropper-viewport.js"
│  was ignored.
│
▲  Vite
│  node_modules/.pnpm/@ark-ui+react@5.39.2_react-dom@19.2.1_react@19.2.1__react@19.2.1/node_modules/@ark-ui/react/dist/components/tree-view/use-tree-view-context.js
│  (1:0): Module level directives cause errors when bundled, "use client"
│  in
│  "node_modules/.pnpm/@ark-ui+react@5.39.2_react-dom@19.2.1_react@19.2.1__react@19.2.1/node_modules/@ark-ui/react/dist/components/tree-view/use-tree-view-context.js"
│  was ignored.
│
▲  Vite
│  node_modules/.pnpm/@ark-ui+react@5.39.2_react-dom@19.2.1_react@19.2.1__react@19.2.1/node_modules/@ark-ui/react/dist/components/tree-view/use-tree-view-node-context.js
│  (1:0): Module level directives cause errors when bundled, "use client"
│  in
│  "node_modules/.pnpm/@ark-ui+react@5.39.2_react-dom@19.2.1_react@19.2.1__react@19.2.1/node_modules/@ark-ui/react/dist/components/tree-view/use-tree-view-node-context.js"
│  was ignored.
│
▲  Vite
│  node_modules/.pnpm/@ark-ui+react@5.39.2_react-dom@19.2.1_react@19.2.1__react@19.2.1/node_modules/@ark-ui/react/dist/components/tree-view/tree-view-branch.js
│  (1:0): Module level directives cause errors when bundled, "use client"
│  in
│  "node_modules/.pnpm/@ark-ui+react@5.39.2_react-dom@19.2.1_react@19.2.1__react@19.2.1/node_modules/@ark-ui/react/dist/components/tree-view/tree-view-branch.js"
│  was ignored.
│
▲  Vite
│  node_modules/.pnpm/@ark-ui+react@5.39.2_react-dom@19.2.1_react@19.2.1__react@19.2.1/node_modules/@ark-ui/react/dist/components/tree-view/tree-view-branch-content.js
│  (1:0): Module level directives cause errors when bundled, "use client"
│  in
│  "node_modules/.pnpm/@ark-ui+react@5.39.2_react-dom@19.2.1_react@19.2.1__react@19.2.1/node_modules/@ark-ui/react/dist/components/tree-view/tree-view-branch-content.js"
│  was ignored.
│
▲  Vite
│  node_modules/.pnpm/@ark-ui+react@5.39.2_react-dom@19.2.1_react@19.2.1__react@19.2.1/node_modules/@ark-ui/react/dist/components/tree-view/tree-view-branch-control.js
│  (1:0): Module level directives cause errors when bundled, "use client"
│  in
│  "node_modules/.pnpm/@ark-ui+react@5.39.2_react-dom@19.2.1_react@19.2.1__react@19.2.1/node_modules/@ark-ui/react/dist/components/tree-view/tree-view-branch-control.js"
│  was ignored.
│
▲  Vite
│  node_modules/.pnpm/@ark-ui+react@5.39.2_react-dom@19.2.1_react@19.2.1__react@19.2.1/node_modules/@ark-ui/react/dist/components/tree-view/tree-view-branch-indent-guide.js
│  (1:0): Module level directives cause errors when bundled, "use client"
│  in
│  "node_modules/.pnpm/@ark-ui+react@5.39.2_react-dom@19.2.1_react@19.2.1__react@19.2.1/node_modules/@ark-ui/react/dist/components/tree-view/tree-view-branch-indent-guide.js"
│  was ignored.
│
▲  Vite
│  node_modules/.pnpm/@ark-ui+react@5.39.2_react-dom@19.2.1_react@19.2.1__react@19.2.1/node_modules/@ark-ui/react/dist/components/tree-view/tree-view-branch-indicator.js
│  (1:0): Module level directives cause errors when bundled, "use client"
│  in
│  "node_modules/.pnpm/@ark-ui+react@5.39.2_react-dom@19.2.1_react@19.2.1__react@19.2.1/node_modules/@ark-ui/react/dist/components/tree-view/tree-view-branch-indicator.js"
│  was ignored.
│
▲  Vite
│  node_modules/.pnpm/@ark-ui+react@5.39.2_react-dom@19.2.1_react@19.2.1__react@19.2.1/node_modules/@ark-ui/react/dist/components/tree-view/tree-view-branch-text.js
│  (1:0): Module level directives cause errors when bundled, "use client"
│  in
│  "node_modules/.pnpm/@ark-ui+react@5.39.2_react-dom@19.2.1_react@19.2.1__react@19.2.1/node_modules/@ark-ui/react/dist/components/tree-view/tree-view-branch-text.js"
│  was ignored.
│
▲  Vite
│  node_modules/.pnpm/@ark-ui+react@5.39.2_react-dom@19.2.1_react@19.2.1__react@19.2.1/node_modules/@ark-ui/react/dist/components/tree-view/tree-view-branch-trigger.js
│  (1:0): Module level directives cause errors when bundled, "use client"
│  in
│  "node_modules/.pnpm/@ark-ui+react@5.39.2_react-dom@19.2.1_react@19.2.1__react@19.2.1/node_modules/@ark-ui/react/dist/components/tree-view/tree-view-branch-trigger.js"
│  was ignored.
│
▲  Vite
│  node_modules/.pnpm/@ark-ui+react@5.39.2_react-dom@19.2.1_react@19.2.1__react@19.2.1/node_modules/@ark-ui/react/dist/components/tree-view/tree-view-context.js
│  (1:0): Module level directives cause errors when bundled, "use client"
│  in
│  "node_modules/.pnpm/@ark-ui+react@5.39.2_react-dom@19.2.1_react@19.2.1__react@19.2.1/node_modules/@ark-ui/react/dist/components/tree-view/tree-view-context.js"
│  was ignored.
│
▲  Vite
│  node_modules/.pnpm/@ark-ui+react@5.39.2_react-dom@19.2.1_react@19.2.1__react@19.2.1/node_modules/@ark-ui/react/dist/components/tree-view/tree-view-item.js
│  (1:0): Module level directives cause errors when bundled, "use client"
│  in
│  "node_modules/.pnpm/@ark-ui+react@5.39.2_react-dom@19.2.1_react@19.2.1__react@19.2.1/node_modules/@ark-ui/react/dist/components/tree-view/tree-view-item.js"
│  was ignored.
│
▲  Vite
│  node_modules/.pnpm/@ark-ui+react@5.39.2_react-dom@19.2.1_react@19.2.1__react@19.2.1/node_modules/@ark-ui/react/dist/components/tree-view/tree-view-item-indicator.js
│  (1:0): Module level directives cause errors when bundled, "use client"
│  in
│  "node_modules/.pnpm/@ark-ui+react@5.39.2_react-dom@19.2.1_react@19.2.1__react@19.2.1/node_modules/@ark-ui/react/dist/components/tree-view/tree-view-item-indicator.js"
│  was ignored.
│
▲  Vite
│  node_modules/.pnpm/@ark-ui+react@5.39.2_react-dom@19.2.1_react@19.2.1__react@19.2.1/node_modules/@ark-ui/react/dist/components/tree-view/tree-view-item-text.js
│  (1:0): Module level directives cause errors when bundled, "use client"
│  in
│  "node_modules/.pnpm/@ark-ui+react@5.39.2_react-dom@19.2.1_react@19.2.1__react@19.2.1/node_modules/@ark-ui/react/dist/components/tree-view/tree-view-item-text.js"
│  was ignored.
│
▲  Vite
│  node_modules/.pnpm/@ark-ui+react@5.39.2_react-dom@19.2.1_react@19.2.1__react@19.2.1/node_modules/@ark-ui/react/dist/components/tree-view/tree-view-label.js
│  (1:0): Module level directives cause errors when bundled, "use client"
│  in
│  "node_modules/.pnpm/@ark-ui+react@5.39.2_react-dom@19.2.1_react@19.2.1__react@19.2.1/node_modules/@ark-ui/react/dist/components/tree-view/tree-view-label.js"
│  was ignored.
│
▲  Vite
│  node_modules/.pnpm/@ark-ui+react@5.39.2_react-dom@19.2.1_react@19.2.1__react@19.2.1/node_modules/@ark-ui/react/dist/components/tree-view/tree-view-node-context.js
│  (1:0): Module level directives cause errors when bundled, "use client"
│  in
│  "node_modules/.pnpm/@ark-ui+react@5.39.2_react-dom@19.2.1_react@19.2.1__react@19.2.1/node_modules/@ark-ui/react/dist/components/tree-view/tree-view-node-context.js"
│  was ignored.
│
▲  Vite
│  node_modules/.pnpm/@ark-ui+react@5.39.2_react-dom@19.2.1_react@19.2.1__react@19.2.1/node_modules/@ark-ui/react/dist/components/tree-view/tree-view-node-provider.js
│  (1:0): Module level directives cause errors when bundled, "use client"
│  in
│  "node_modules/.pnpm/@ark-ui+react@5.39.2_react-dom@19.2.1_react@19.2.1__react@19.2.1/node_modules/@ark-ui/react/dist/components/tree-view/tree-view-node-provider.js"
│  was ignored.
│
▲  Vite
│  node_modules/.pnpm/@ark-ui+react@5.39.2_react-dom@19.2.1_react@19.2.1__react@19.2.1/node_modules/@ark-ui/react/dist/components/tree-view/use-tree-view.js
│  (1:0): Module level directives cause errors when bundled, "use client"
│  in
│  "node_modules/.pnpm/@ark-ui+react@5.39.2_react-dom@19.2.1_react@19.2.1__react@19.2.1/node_modules/@ark-ui/react/dist/components/tree-view/use-tree-view.js"
│  was ignored.
│
▲  Vite
│  node_modules/.pnpm/@ark-ui+react@5.39.2_react-dom@19.2.1_react@19.2.1__react@19.2.1/node_modules/@ark-ui/react/dist/components/tree-view/tree-view-root.js
│  (1:0): Module level directives cause errors when bundled, "use client"
│  in
│  "node_modules/.pnpm/@ark-ui+react@5.39.2_react-dom@19.2.1_react@19.2.1__react@19.2.1/node_modules/@ark-ui/react/dist/components/tree-view/tree-view-root.js"
│  was ignored.
│
▲  Vite
│  node_modules/.pnpm/@ark-ui+react@5.39.2_react-dom@19.2.1_react@19.2.1__react@19.2.1/node_modules/@ark-ui/react/dist/components/tree-view/tree-view-root-provider.js
│  (1:0): Module level directives cause errors when bundled, "use client"
│  in
│  "node_modules/.pnpm/@ark-ui+react@5.39.2_react-dom@19.2.1_react@19.2.1__react@19.2.1/node_modules/@ark-ui/react/dist/components/tree-view/tree-view-root-provider.js"
│  was ignored.
│
▲  Vite
│  node_modules/.pnpm/@ark-ui+react@5.39.2_react-dom@19.2.1_react@19.2.1__react@19.2.1/node_modules/@ark-ui/react/dist/components/tree-view/tree-view-tree.js
│  (1:0): Module level directives cause errors when bundled, "use client"
│  in
│  "node_modules/.pnpm/@ark-ui+react@5.39.2_react-dom@19.2.1_react@19.2.1__react@19.2.1/node_modules/@ark-ui/react/dist/components/tree-view/tree-view-tree.js"
│  was ignored.
│
▲  Vite
│  node_modules/.pnpm/@ark-ui+react@5.39.2_react-dom@19.2.1_react@19.2.1__react@19.2.1/node_modules/@ark-ui/react/dist/components/tree-view/tree-view-node-checkbox.js
│  (1:0): Module level directives cause errors when bundled, "use client"
│  in
│  "node_modules/.pnpm/@ark-ui+react@5.39.2_react-dom@19.2.1_react@19.2.1__react@19.2.1/node_modules/@ark-ui/react/dist/components/tree-view/tree-view-node-checkbox.js"
│  was ignored.
│
▲  Vite
│  node_modules/.pnpm/@ark-ui+react@5.39.2_react-dom@19.2.1_react@19.2.1__react@19.2.1/node_modules/@ark-ui/react/dist/components/tree-view/tree-view-node-checkbox-indicator.js
│  (1:0): Module level directives cause errors when bundled, "use client"
│  in
│  "node_modules/.pnpm/@ark-ui+react@5.39.2_react-dom@19.2.1_react@19.2.1__react@19.2.1/node_modules/@ark-ui/react/dist/components/tree-view/tree-view-node-checkbox-indicator.js"
│  was ignored.
│
▲  Vite
│  node_modules/.pnpm/@ark-ui+react@5.39.2_react-dom@19.2.1_react@19.2.1__react@19.2.1/node_modules/@ark-ui/react/dist/components/tree-view/tree-view-node-rename-input.js
│  (1:0): Module level directives cause errors when bundled, "use client"
│  in
│  "node_modules/.pnpm/@ark-ui+react@5.39.2_react-dom@19.2.1_react@19.2.1__react@19.2.1/node_modules/@ark-ui/react/dist/components/tree-view/tree-view-node-rename-input.js"
│  was ignored.
│
▲  Vite
│  node_modules/.pnpm/@ark-ui+react@5.39.2_react-dom@19.2.1_react@19.2.1__react@19.2.1/node_modules/@ark-ui/react/dist/components/json-tree-view/json-tree-view-root.js
│  (1:0): Module level directives cause errors when bundled, "use client"
│  in
│  "node_modules/.pnpm/@ark-ui+react@5.39.2_react-dom@19.2.1_react@19.2.1__react@19.2.1/node_modules/@ark-ui/react/dist/components/json-tree-view/json-tree-view-root.js"
│  was ignored.
│
▲  Vite
│  node_modules/.pnpm/@ark-ui+react@5.39.2_react-dom@19.2.1_react@19.2.1__react@19.2.1/node_modules/@ark-ui/react/dist/components/json-tree-view/json-tree-view-root-provider.js
│  (1:0): Module level directives cause errors when bundled, "use client"
│  in
│  "node_modules/.pnpm/@ark-ui+react@5.39.2_react-dom@19.2.1_react@19.2.1__react@19.2.1/node_modules/@ark-ui/react/dist/components/json-tree-view/json-tree-view-root-provider.js"
│  was ignored.
│
▲  Vite
│  node_modules/.pnpm/@ark-ui+react@5.39.2_react-dom@19.2.1_react@19.2.1__react@19.2.1/node_modules/@ark-ui/react/dist/components/json-tree-view/json-tree-view-tree.js
│  (1:0): Module level directives cause errors when bundled, "use client"
│  in
│  "node_modules/.pnpm/@ark-ui+react@5.39.2_react-dom@19.2.1_react@19.2.1__react@19.2.1/node_modules/@ark-ui/react/dist/components/json-tree-view/json-tree-view-tree.js"
│  was ignored.
│
▲  Vite
│  node_modules/.pnpm/@ark-ui+react@5.39.2_react-dom@19.2.1_react@19.2.1__react@19.2.1/node_modules/@ark-ui/react/dist/components/json-tree-view/use-json-tree-view.js
│  (1:0): Module level directives cause errors when bundled, "use client"
│  in
│  "node_modules/.pnpm/@ark-ui+react@5.39.2_react-dom@19.2.1_react@19.2.1__react@19.2.1/node_modules/@ark-ui/react/dist/components/json-tree-view/use-json-tree-view.js"
│  was ignored.
│
▲  Vite
│  node_modules/.pnpm/@ark-ui+react@5.39.2_react-dom@19.2.1_react@19.2.1__react@19.2.1/node_modules/@ark-ui/react/dist/components/listbox/use-listbox-context.js
│  (1:0): Module level directives cause errors when bundled, "use client"
│  in
│  "node_modules/.pnpm/@ark-ui+react@5.39.2_react-dom@19.2.1_react@19.2.1__react@19.2.1/node_modules/@ark-ui/react/dist/components/listbox/use-listbox-context.js"
│  was ignored.
│
▲  Vite
│  node_modules/.pnpm/@ark-ui+react@5.39.2_react-dom@19.2.1_react@19.2.1__react@19.2.1/node_modules/@ark-ui/react/dist/components/listbox/listbox-content.js
│  (1:0): Module level directives cause errors when bundled, "use client"
│  in
│  "node_modules/.pnpm/@ark-ui+react@5.39.2_react-dom@19.2.1_react@19.2.1__react@19.2.1/node_modules/@ark-ui/react/dist/components/listbox/listbox-content.js"
│  was ignored.
│
▲  Vite
│  node_modules/.pnpm/@ark-ui+react@5.39.2_react-dom@19.2.1_react@19.2.1__react@19.2.1/node_modules/@ark-ui/react/dist/components/listbox/listbox-context.js
│  (1:0): Module level directives cause errors when bundled, "use client"
│  in
│  "node_modules/.pnpm/@ark-ui+react@5.39.2_react-dom@19.2.1_react@19.2.1__react@19.2.1/node_modules/@ark-ui/react/dist/components/listbox/listbox-context.js"
│  was ignored.
│
▲  Vite
│  node_modules/.pnpm/@ark-ui+react@5.39.2_react-dom@19.2.1_react@19.2.1__react@19.2.1/node_modules/@ark-ui/react/dist/components/listbox/listbox-empty.js
│  (1:0): Module level directives cause errors when bundled, "use client"
│  in
│  "node_modules/.pnpm/@ark-ui+react@5.39.2_react-dom@19.2.1_react@19.2.1__react@19.2.1/node_modules/@ark-ui/react/dist/components/listbox/listbox-empty.js"
│  was ignored.
│
▲  Vite
│  node_modules/.pnpm/@ark-ui+react@5.39.2_react-dom@19.2.1_react@19.2.1__react@19.2.1/node_modules/@ark-ui/react/dist/components/listbox/listbox-input.js
│  (1:0): Module level directives cause errors when bundled, "use client"
│  in
│  "node_modules/.pnpm/@ark-ui+react@5.39.2_react-dom@19.2.1_react@19.2.1__react@19.2.1/node_modules/@ark-ui/react/dist/components/listbox/listbox-input.js"
│  was ignored.
│
▲  Vite
│  node_modules/.pnpm/@ark-ui+react@5.39.2_react-dom@19.2.1_react@19.2.1__react@19.2.1/node_modules/@ark-ui/react/dist/components/listbox/use-listbox-item-context.js
│  (1:0): Module level directives cause errors when bundled, "use client"
│  in
│  "node_modules/.pnpm/@ark-ui+react@5.39.2_react-dom@19.2.1_react@19.2.1__react@19.2.1/node_modules/@ark-ui/react/dist/components/listbox/use-listbox-item-context.js"
│  was ignored.
│
▲  Vite
│  node_modules/.pnpm/@ark-ui+react@5.39.2_react-dom@19.2.1_react@19.2.1__react@19.2.1/node_modules/@ark-ui/react/dist/components/listbox/listbox-item.js
│  (1:0): Module level directives cause errors when bundled, "use client"
│  in
│  "node_modules/.pnpm/@ark-ui+react@5.39.2_react-dom@19.2.1_react@19.2.1__react@19.2.1/node_modules/@ark-ui/react/dist/components/listbox/listbox-item.js"
│  was ignored.
│
▲  Vite
│  node_modules/.pnpm/@ark-ui+react@5.39.2_react-dom@19.2.1_react@19.2.1__react@19.2.1/node_modules/@ark-ui/react/dist/components/listbox/listbox-item-context.js
│  (1:0): Module level directives cause errors when bundled, "use client"
│  in
│  "node_modules/.pnpm/@ark-ui+react@5.39.2_react-dom@19.2.1_react@19.2.1__react@19.2.1/node_modules/@ark-ui/react/dist/components/listbox/listbox-item-context.js"
│  was ignored.
│
▲  Vite
│  node_modules/.pnpm/@ark-ui+react@5.39.2_react-dom@19.2.1_react@19.2.1__react@19.2.1/node_modules/@ark-ui/react/dist/components/angle-slider/angle-slider-marker-group.js
│  (1:0): Module level directives cause errors when bundled, "use client"
│  in
│  "node_modules/.pnpm/@ark-ui+react@5.39.2_react-dom@19.2.1_react@19.2.1__react@19.2.1/node_modules/@ark-ui/react/dist/components/angle-slider/angle-slider-marker-group.js"
│  was ignored.
│
▲  Vite
│  node_modules/.pnpm/@ark-ui+react@5.39.2_react-dom@19.2.1_react@19.2.1__react@19.2.1/node_modules/@ark-ui/react/dist/components/angle-slider/use-angle-slider.js
│  (1:0): Module level directives cause errors when bundled, "use client"
│  in
│  "node_modules/.pnpm/@ark-ui+react@5.39.2_react-dom@19.2.1_react@19.2.1__react@19.2.1/node_modules/@ark-ui/react/dist/components/angle-slider/use-angle-slider.js"
│  was ignored.
│
▲  Vite
│  node_modules/.pnpm/@ark-ui+react@5.39.2_react-dom@19.2.1_react@19.2.1__react@19.2.1/node_modules/@ark-ui/react/dist/components/listbox/listbox-item-indicator.js
│  (1:0): Module level directives cause errors when bundled, "use client"
│  in
│  "node_modules/.pnpm/@ark-ui+react@5.39.2_react-dom@19.2.1_react@19.2.1__react@19.2.1/node_modules/@ark-ui/react/dist/components/listbox/listbox-item-indicator.js"
│  was ignored.
│
▲  Vite
│  node_modules/.pnpm/@ark-ui+react@5.39.2_react-dom@19.2.1_react@19.2.1__react@19.2.1/node_modules/@ark-ui/react/dist/components/listbox/listbox-item-text.js
│  (1:0): Module level directives cause errors when bundled, "use client"
│  in
│  "node_modules/.pnpm/@ark-ui+react@5.39.2_react-dom@19.2.1_react@19.2.1__react@19.2.1/node_modules/@ark-ui/react/dist/components/listbox/listbox-item-text.js"
│  was ignored.
│
▲  Vite
│  node_modules/.pnpm/@ark-ui+react@5.39.2_react-dom@19.2.1_react@19.2.1__react@19.2.1/node_modules/@ark-ui/react/dist/components/listbox/listbox-label.js
│  (1:0): Module level directives cause errors when bundled, "use client"
│  in
│  "node_modules/.pnpm/@ark-ui+react@5.39.2_react-dom@19.2.1_react@19.2.1__react@19.2.1/node_modules/@ark-ui/react/dist/components/listbox/listbox-label.js"
│  was ignored.
│
▲  Vite
│  node_modules/.pnpm/@ark-ui+react@5.39.2_react-dom@19.2.1_react@19.2.1__react@19.2.1/node_modules/@ark-ui/react/dist/components/listbox/use-listbox.js
│  (1:0): Module level directives cause errors when bundled, "use client"
│  in
│  "node_modules/.pnpm/@ark-ui+react@5.39.2_react-dom@19.2.1_react@19.2.1__react@19.2.1/node_modules/@ark-ui/react/dist/components/listbox/use-listbox.js"
│  was ignored.
│
▲  Vite
│  node_modules/.pnpm/@ark-ui+react@5.39.2_react-dom@19.2.1_react@19.2.1__react@19.2.1/node_modules/@ark-ui/react/dist/components/listbox/listbox-root.js
│  (1:0): Module level directives cause errors when bundled, "use client"
│  in
│  "node_modules/.pnpm/@ark-ui+react@5.39.2_react-dom@19.2.1_react@19.2.1__react@19.2.1/node_modules/@ark-ui/react/dist/components/listbox/listbox-root.js"
│  was ignored.
│
▲  Vite
│  node_modules/.pnpm/@ark-ui+react@5.39.2_react-dom@19.2.1_react@19.2.1__react@19.2.1/node_modules/@ark-ui/react/dist/components/listbox/listbox-root-provider.js
│  (1:0): Module level directives cause errors when bundled, "use client"
│  in
│  "node_modules/.pnpm/@ark-ui+react@5.39.2_react-dom@19.2.1_react@19.2.1__react@19.2.1/node_modules/@ark-ui/react/dist/components/listbox/listbox-root-provider.js"
│  was ignored.
│
▲  Vite
│  node_modules/.pnpm/@ark-ui+react@5.39.2_react-dom@19.2.1_react@19.2.1__react@19.2.1/node_modules/@ark-ui/react/dist/components/listbox/listbox-value-text.js
│  (1:0): Module level directives cause errors when bundled, "use client"
│  in
│  "node_modules/.pnpm/@ark-ui+react@5.39.2_react-dom@19.2.1_react@19.2.1__react@19.2.1/node_modules/@ark-ui/react/dist/components/listbox/listbox-value-text.js"
│  was ignored.
│
▲  Vite
│  node_modules/.pnpm/@ark-ui+react@5.39.2_react-dom@19.2.1_react@19.2.1__react@19.2.1/node_modules/@ark-ui/react/dist/components/marquee/use-marquee-context.js
│  (1:0): Module level directives cause errors when bundled, "use client"
│  in
│  "node_modules/.pnpm/@ark-ui+react@5.39.2_react-dom@19.2.1_react@19.2.1__react@19.2.1/node_modules/@ark-ui/react/dist/components/marquee/use-marquee-context.js"
│  was ignored.
│
▲  Vite
│  node_modules/.pnpm/@ark-ui+react@5.39.2_react-dom@19.2.1_react@19.2.1__react@19.2.1/node_modules/@ark-ui/react/dist/components/marquee/marquee-content.js
│  (1:0): Module level directives cause errors when bundled, "use client"
│  in
│  "node_modules/.pnpm/@ark-ui+react@5.39.2_react-dom@19.2.1_react@19.2.1__react@19.2.1/node_modules/@ark-ui/react/dist/components/marquee/marquee-content.js"
│  was ignored.
│
▲  Vite
│  node_modules/.pnpm/@ark-ui+react@5.39.2_react-dom@19.2.1_react@19.2.1__react@19.2.1/node_modules/@ark-ui/react/dist/components/marquee/marquee-context.js
│  (1:0): Module level directives cause errors when bundled, "use client"
│  in
│  "node_modules/.pnpm/@ark-ui+react@5.39.2_react-dom@19.2.1_react@19.2.1__react@19.2.1/node_modules/@ark-ui/react/dist/components/marquee/marquee-context.js"
│  was ignored.
│
▲  Vite
│  node_modules/.pnpm/@ark-ui+react@5.39.2_react-dom@19.2.1_react@19.2.1__react@19.2.1/node_modules/@ark-ui/react/dist/components/marquee/marquee-edge.js
│  (1:0): Module level directives cause errors when bundled, "use client"
│  in
│  "node_modules/.pnpm/@ark-ui+react@5.39.2_react-dom@19.2.1_react@19.2.1__react@19.2.1/node_modules/@ark-ui/react/dist/components/marquee/marquee-edge.js"
│  was ignored.
│
▲  Vite
│  node_modules/.pnpm/@ark-ui+react@5.39.2_react-dom@19.2.1_react@19.2.1__react@19.2.1/node_modules/@ark-ui/react/dist/components/marquee/marquee-item.js
│  (1:0): Module level directives cause errors when bundled, "use client"
│  in
│  "node_modules/.pnpm/@ark-ui+react@5.39.2_react-dom@19.2.1_react@19.2.1__react@19.2.1/node_modules/@ark-ui/react/dist/components/marquee/marquee-item.js"
│  was ignored.
│
▲  Vite
│  node_modules/.pnpm/@ark-ui+react@5.39.2_react-dom@19.2.1_react@19.2.1__react@19.2.1/node_modules/@ark-ui/react/dist/components/marquee/use-marquee.js
│  (1:0): Module level directives cause errors when bundled, "use client"
│  in
│  "node_modules/.pnpm/@ark-ui+react@5.39.2_react-dom@19.2.1_react@19.2.1__react@19.2.1/node_modules/@ark-ui/react/dist/components/marquee/use-marquee.js"
│  was ignored.
│
▲  Vite
│  node_modules/.pnpm/@ark-ui+react@5.39.2_react-dom@19.2.1_react@19.2.1__react@19.2.1/node_modules/@ark-ui/react/dist/components/marquee/marquee-root.js
│  (1:0): Module level directives cause errors when bundled, "use client"
│  in
│  "node_modules/.pnpm/@ark-ui+react@5.39.2_react-dom@19.2.1_react@19.2.1__react@19.2.1/node_modules/@ark-ui/react/dist/components/marquee/marquee-root.js"
│  was ignored.
│
▲  Vite
│  node_modules/.pnpm/@ark-ui+react@5.39.2_react-dom@19.2.1_react@19.2.1__react@19.2.1/node_modules/@ark-ui/react/dist/components/marquee/marquee-root-provider.js
│  (1:0): Module level directives cause errors when bundled, "use client"
│  in
│  "node_modules/.pnpm/@ark-ui+react@5.39.2_react-dom@19.2.1_react@19.2.1__react@19.2.1/node_modules/@ark-ui/react/dist/components/marquee/marquee-root-provider.js"
│  was ignored.
│
▲  Vite
│  node_modules/.pnpm/@ark-ui+react@5.39.2_react-dom@19.2.1_react@19.2.1__react@19.2.1/node_modules/@ark-ui/react/dist/components/marquee/marquee-viewport.js
│  (1:0): Module level directives cause errors when bundled, "use client"
│  in
│  "node_modules/.pnpm/@ark-ui+react@5.39.2_react-dom@19.2.1_react@19.2.1__react@19.2.1/node_modules/@ark-ui/react/dist/components/marquee/marquee-viewport.js"
│  was ignored.
│
▲  Vite
│  node_modules/.pnpm/@ark-ui+react@5.39.2_react-dom@19.2.1_react@19.2.1__react@19.2.1/node_modules/@ark-ui/react/dist/components/menu/use-menu-context.js
│  (1:0): Module level directives cause errors when bundled, "use client"
│  in
│  "node_modules/.pnpm/@ark-ui+react@5.39.2_react-dom@19.2.1_react@19.2.1__react@19.2.1/node_modules/@ark-ui/react/dist/components/menu/use-menu-context.js"
│  was ignored.
│
▲  Vite
│  node_modules/.pnpm/@ark-ui+react@5.39.2_react-dom@19.2.1_react@19.2.1__react@19.2.1/node_modules/@ark-ui/react/dist/components/menu/menu-arrow.js
│  (1:0): Module level directives cause errors when bundled, "use client"
│  in
│  "node_modules/.pnpm/@ark-ui+react@5.39.2_react-dom@19.2.1_react@19.2.1__react@19.2.1/node_modules/@ark-ui/react/dist/components/menu/menu-arrow.js"
│  was ignored.
│
▲  Vite
│  node_modules/.pnpm/@ark-ui+react@5.39.2_react-dom@19.2.1_react@19.2.1__react@19.2.1/node_modules/@ark-ui/react/dist/components/menu/menu-arrow-tip.js
│  (1:0): Module level directives cause errors when bundled, "use client"
│  in
│  "node_modules/.pnpm/@ark-ui+react@5.39.2_react-dom@19.2.1_react@19.2.1__react@19.2.1/node_modules/@ark-ui/react/dist/components/menu/menu-arrow-tip.js"
│  was ignored.
│
▲  Vite
│  node_modules/.pnpm/@ark-ui+react@5.39.2_react-dom@19.2.1_react@19.2.1__react@19.2.1/node_modules/@ark-ui/react/dist/components/menu/use-menu-item-context.js
│  (1:0): Module level directives cause errors when bundled, "use client"
│  in
│  "node_modules/.pnpm/@ark-ui+react@5.39.2_react-dom@19.2.1_react@19.2.1__react@19.2.1/node_modules/@ark-ui/react/dist/components/menu/use-menu-item-context.js"
│  was ignored.
│
▲  Vite
│  node_modules/.pnpm/@ark-ui+react@5.39.2_react-dom@19.2.1_react@19.2.1__react@19.2.1/node_modules/@ark-ui/react/dist/components/menu/menu-checkbox-item.js
│  (1:0): Module level directives cause errors when bundled, "use client"
│  in
│  "node_modules/.pnpm/@ark-ui+react@5.39.2_react-dom@19.2.1_react@19.2.1__react@19.2.1/node_modules/@ark-ui/react/dist/components/menu/menu-checkbox-item.js"
│  was ignored.
│
▲  Vite
│  node_modules/.pnpm/@ark-ui+react@5.39.2_react-dom@19.2.1_react@19.2.1__react@19.2.1/node_modules/@ark-ui/react/dist/components/menu/menu-content.js
│  (1:0): Module level directives cause errors when bundled, "use client"
│  in
│  "node_modules/.pnpm/@ark-ui+react@5.39.2_react-dom@19.2.1_react@19.2.1__react@19.2.1/node_modules/@ark-ui/react/dist/components/menu/menu-content.js"
│  was ignored.
│
▲  Vite
│  node_modules/.pnpm/@ark-ui+react@5.39.2_react-dom@19.2.1_react@19.2.1__react@19.2.1/node_modules/@ark-ui/react/dist/components/menu/menu-context.js
│  (1:0): Module level directives cause errors when bundled, "use client"
│  in
│  "node_modules/.pnpm/@ark-ui+react@5.39.2_react-dom@19.2.1_react@19.2.1__react@19.2.1/node_modules/@ark-ui/react/dist/components/menu/menu-context.js"
│  was ignored.
│
▲  Vite
│  node_modules/.pnpm/@ark-ui+react@5.39.2_react-dom@19.2.1_react@19.2.1__react@19.2.1/node_modules/@ark-ui/react/dist/components/menu/menu-context-trigger.js
│  (1:0): Module level directives cause errors when bundled, "use client"
│  in
│  "node_modules/.pnpm/@ark-ui+react@5.39.2_react-dom@19.2.1_react@19.2.1__react@19.2.1/node_modules/@ark-ui/react/dist/components/menu/menu-context-trigger.js"
│  was ignored.
│
▲  Vite
│  node_modules/.pnpm/@ark-ui+react@5.39.2_react-dom@19.2.1_react@19.2.1__react@19.2.1/node_modules/@ark-ui/react/dist/components/menu/menu-indicator.js
│  (1:0): Module level directives cause errors when bundled, "use client"
│  in
│  "node_modules/.pnpm/@ark-ui+react@5.39.2_react-dom@19.2.1_react@19.2.1__react@19.2.1/node_modules/@ark-ui/react/dist/components/menu/menu-indicator.js"
│  was ignored.
│
▲  Vite
│  node_modules/.pnpm/@ark-ui+react@5.39.2_react-dom@19.2.1_react@19.2.1__react@19.2.1/node_modules/@ark-ui/react/dist/components/menu/menu-item.js
│  (1:0): Module level directives cause errors when bundled, "use client"
│  in
│  "node_modules/.pnpm/@ark-ui+react@5.39.2_react-dom@19.2.1_react@19.2.1__react@19.2.1/node_modules/@ark-ui/react/dist/components/menu/menu-item.js"
│  was ignored.
│
▲  Vite
│  node_modules/.pnpm/@ark-ui+react@5.39.2_react-dom@19.2.1_react@19.2.1__react@19.2.1/node_modules/@ark-ui/react/dist/components/menu/menu-item-context.js
│  (1:0): Module level directives cause errors when bundled, "use client"
│  in
│  "node_modules/.pnpm/@ark-ui+react@5.39.2_react-dom@19.2.1_react@19.2.1__react@19.2.1/node_modules/@ark-ui/react/dist/components/menu/menu-item-context.js"
│  was ignored.
│
▲  Vite
│  node_modules/.pnpm/@ark-ui+react@5.39.2_react-dom@19.2.1_react@19.2.1__react@19.2.1/node_modules/@ark-ui/react/dist/components/menu/menu-item-group.js
│  (1:0): Module level directives cause errors when bundled, "use client"
│  in
│  "node_modules/.pnpm/@ark-ui+react@5.39.2_react-dom@19.2.1_react@19.2.1__react@19.2.1/node_modules/@ark-ui/react/dist/components/menu/menu-item-group.js"
│  was ignored.
│
▲  Vite
│  node_modules/.pnpm/@ark-ui+react@5.39.2_react-dom@19.2.1_react@19.2.1__react@19.2.1/node_modules/@ark-ui/react/dist/components/menu/menu-item-group-label.js
│  (1:0): Module level directives cause errors when bundled, "use client"
│  in
│  "node_modules/.pnpm/@ark-ui+react@5.39.2_react-dom@19.2.1_react@19.2.1__react@19.2.1/node_modules/@ark-ui/react/dist/components/menu/menu-item-group-label.js"
│  was ignored.
│
▲  Vite
│  node_modules/.pnpm/@ark-ui+react@5.39.2_react-dom@19.2.1_react@19.2.1__react@19.2.1/node_modules/@ark-ui/react/dist/components/menu/menu-item-indicator.js
│  (1:0): Module level directives cause errors when bundled, "use client"
│  in
│  "node_modules/.pnpm/@ark-ui+react@5.39.2_react-dom@19.2.1_react@19.2.1__react@19.2.1/node_modules/@ark-ui/react/dist/components/menu/menu-item-indicator.js"
│  was ignored.
│
▲  Vite
│  node_modules/.pnpm/@ark-ui+react@5.39.2_react-dom@19.2.1_react@19.2.1__react@19.2.1/node_modules/@ark-ui/react/dist/components/menu/menu-item-text.js
│  (1:0): Module level directives cause errors when bundled, "use client"
│  in
│  "node_modules/.pnpm/@ark-ui+react@5.39.2_react-dom@19.2.1_react@19.2.1__react@19.2.1/node_modules/@ark-ui/react/dist/components/menu/menu-item-text.js"
│  was ignored.
│
▲  Vite
│  node_modules/.pnpm/@ark-ui+react@5.39.2_react-dom@19.2.1_react@19.2.1__react@19.2.1/node_modules/@ark-ui/react/dist/components/menu/menu-positioner.js
│  (1:0): Module level directives cause errors when bundled, "use client"
│  in
│  "node_modules/.pnpm/@ark-ui+react@5.39.2_react-dom@19.2.1_react@19.2.1__react@19.2.1/node_modules/@ark-ui/react/dist/components/menu/menu-positioner.js"
│  was ignored.
│
▲  Vite
│  node_modules/.pnpm/@ark-ui+react@5.39.2_react-dom@19.2.1_react@19.2.1__react@19.2.1/node_modules/@ark-ui/react/dist/components/menu/menu-radio-item.js
│  (1:0): Module level directives cause errors when bundled, "use client"
│  in
│  "node_modules/.pnpm/@ark-ui+react@5.39.2_react-dom@19.2.1_react@19.2.1__react@19.2.1/node_modules/@ark-ui/react/dist/components/menu/menu-radio-item.js"
│  was ignored.
│
▲  Vite
│  node_modules/.pnpm/@ark-ui+react@5.39.2_react-dom@19.2.1_react@19.2.1__react@19.2.1/node_modules/@ark-ui/react/dist/components/menu/menu-radio-item-group.js
│  (1:0): Module level directives cause errors when bundled, "use client"
│  in
│  "node_modules/.pnpm/@ark-ui+react@5.39.2_react-dom@19.2.1_react@19.2.1__react@19.2.1/node_modules/@ark-ui/react/dist/components/menu/menu-radio-item-group.js"
│  was ignored.
│
▲  Vite
│  node_modules/.pnpm/@ark-ui+react@5.39.2_react-dom@19.2.1_react@19.2.1__react@19.2.1/node_modules/@ark-ui/react/dist/components/menu/use-menu.js
│  (1:0): Module level directives cause errors when bundled, "use client"
│  in
│  "node_modules/.pnpm/@ark-ui+react@5.39.2_react-dom@19.2.1_react@19.2.1__react@19.2.1/node_modules/@ark-ui/react/dist/components/menu/use-menu.js"
│  was ignored.
│
▲  Vite
│  node_modules/.pnpm/@ark-ui+react@5.39.2_react-dom@19.2.1_react@19.2.1__react@19.2.1/node_modules/@ark-ui/react/dist/components/menu/menu-root.js
│  (1:0): Module level directives cause errors when bundled, "use client"
│  in
│  "node_modules/.pnpm/@ark-ui+react@5.39.2_react-dom@19.2.1_react@19.2.1__react@19.2.1/node_modules/@ark-ui/react/dist/components/menu/menu-root.js"
│  was ignored.
│
▲  Vite
│  node_modules/.pnpm/@ark-ui+react@5.39.2_react-dom@19.2.1_react@19.2.1__react@19.2.1/node_modules/@ark-ui/react/dist/components/menu/menu-separator.js
│  (1:0): Module level directives cause errors when bundled, "use client"
│  in
│  "node_modules/.pnpm/@ark-ui+react@5.39.2_react-dom@19.2.1_react@19.2.1__react@19.2.1/node_modules/@ark-ui/react/dist/components/menu/menu-separator.js"
│  was ignored.
│
▲  Vite
│  node_modules/.pnpm/@ark-ui+react@5.39.2_react-dom@19.2.1_react@19.2.1__react@19.2.1/node_modules/@ark-ui/react/dist/components/menu/menu-trigger.js
│  (1:0): Module level directives cause errors when bundled, "use client"
│  in
│  "node_modules/.pnpm/@ark-ui+react@5.39.2_react-dom@19.2.1_react@19.2.1__react@19.2.1/node_modules/@ark-ui/react/dist/components/menu/menu-trigger.js"
│  was ignored.
│
▲  Vite
│  node_modules/.pnpm/@ark-ui+react@5.39.2_react-dom@19.2.1_react@19.2.1__react@19.2.1/node_modules/@ark-ui/react/dist/components/menu/menu-root-provider.js
│  (1:0): Module level directives cause errors when bundled, "use client"
│  in
│  "node_modules/.pnpm/@ark-ui+react@5.39.2_react-dom@19.2.1_react@19.2.1__react@19.2.1/node_modules/@ark-ui/react/dist/components/menu/menu-root-provider.js"
│  was ignored.
│
▲  Vite
│  node_modules/.pnpm/@ark-ui+react@5.39.2_react-dom@19.2.1_react@19.2.1__react@19.2.1/node_modules/@ark-ui/react/dist/components/menu/menu-trigger-item.js
│  (1:0): Module level directives cause errors when bundled, "use client"
│  in
│  "node_modules/.pnpm/@ark-ui+react@5.39.2_react-dom@19.2.1_react@19.2.1__react@19.2.1/node_modules/@ark-ui/react/dist/components/menu/menu-trigger-item.js"
│  was ignored.
│
▲  Vite
│  node_modules/.pnpm/@ark-ui+react@5.39.2_react-dom@19.2.1_react@19.2.1__react@19.2.1/node_modules/@ark-ui/react/dist/components/navigation-menu/use-navigation-menu-context.js
│  (1:0): Module level directives cause errors when bundled, "use client"
│  in
│  "node_modules/.pnpm/@ark-ui+react@5.39.2_react-dom@19.2.1_react@19.2.1__react@19.2.1/node_modules/@ark-ui/react/dist/components/navigation-menu/use-navigation-menu-context.js"
│  was ignored.
│
▲  Vite
│  node_modules/.pnpm/@ark-ui+react@5.39.2_react-dom@19.2.1_react@19.2.1__react@19.2.1/node_modules/@ark-ui/react/dist/components/navigation-menu/navigation-menu-arrow.js
│  (1:0): Module level directives cause errors when bundled, "use client"
│  in
│  "node_modules/.pnpm/@ark-ui+react@5.39.2_react-dom@19.2.1_react@19.2.1__react@19.2.1/node_modules/@ark-ui/react/dist/components/navigation-menu/navigation-menu-arrow.js"
│  was ignored.
│
▲  Vite
│  node_modules/.pnpm/@ark-ui+react@5.39.2_react-dom@19.2.1_react@19.2.1__react@19.2.1/node_modules/@ark-ui/react/dist/components/portal/portal.js
│  (1:0): Module level directives cause errors when bundled, "use client"
│  in
│  "node_modules/.pnpm/@ark-ui+react@5.39.2_react-dom@19.2.1_react@19.2.1__react@19.2.1/node_modules/@ark-ui/react/dist/components/portal/portal.js"
│  was ignored.
│
▲  Vite
│  node_modules/.pnpm/@ark-ui+react@5.39.2_react-dom@19.2.1_react@19.2.1__react@19.2.1/node_modules/@ark-ui/react/dist/components/navigation-menu/navigation-menu-content.js
│  (1:0): Module level directives cause errors when bundled, "use client"
│  in
│  "node_modules/.pnpm/@ark-ui+react@5.39.2_react-dom@19.2.1_react@19.2.1__react@19.2.1/node_modules/@ark-ui/react/dist/components/navigation-menu/navigation-menu-content.js"
│  was ignored.
│
▲  Vite
│  node_modules/.pnpm/@ark-ui+react@5.39.2_react-dom@19.2.1_react@19.2.1__react@19.2.1/node_modules/@ark-ui/react/dist/components/navigation-menu/navigation-menu-context.js
│  (1:0): Module level directives cause errors when bundled, "use client"
│  in
│  "node_modules/.pnpm/@ark-ui+react@5.39.2_react-dom@19.2.1_react@19.2.1__react@19.2.1/node_modules/@ark-ui/react/dist/components/navigation-menu/navigation-menu-context.js"
│  was ignored.
│
▲  Vite
│  node_modules/.pnpm/@ark-ui+react@5.39.2_react-dom@19.2.1_react@19.2.1__react@19.2.1/node_modules/@ark-ui/react/dist/components/navigation-menu/navigation-menu-indicator.js
│  (1:0): Module level directives cause errors when bundled, "use client"
│  in
│  "node_modules/.pnpm/@ark-ui+react@5.39.2_react-dom@19.2.1_react@19.2.1__react@19.2.1/node_modules/@ark-ui/react/dist/components/navigation-menu/navigation-menu-indicator.js"
│  was ignored.
│
▲  Vite
│  node_modules/.pnpm/@ark-ui+react@5.39.2_react-dom@19.2.1_react@19.2.1__react@19.2.1/node_modules/@ark-ui/react/dist/components/navigation-menu/navigation-menu-item.js
│  (1:0): Module level directives cause errors when bundled, "use client"
│  in
│  "node_modules/.pnpm/@ark-ui+react@5.39.2_react-dom@19.2.1_react@19.2.1__react@19.2.1/node_modules/@ark-ui/react/dist/components/navigation-menu/navigation-menu-item.js"
│  was ignored.
│
▲  Vite
│  node_modules/.pnpm/@ark-ui+react@5.39.2_react-dom@19.2.1_react@19.2.1__react@19.2.1/node_modules/@ark-ui/react/dist/components/navigation-menu/navigation-menu-item-indicator.js
│  (1:0): Module level directives cause errors when bundled, "use client"
│  in
│  "node_modules/.pnpm/@ark-ui+react@5.39.2_react-dom@19.2.1_react@19.2.1__react@19.2.1/node_modules/@ark-ui/react/dist/components/navigation-menu/navigation-menu-item-indicator.js"
│  was ignored.
│
▲  Vite
│  node_modules/.pnpm/@ark-ui+react@5.39.2_react-dom@19.2.1_react@19.2.1__react@19.2.1/node_modules/@ark-ui/react/dist/components/navigation-menu/navigation-menu-link.js
│  (1:0): Module level directives cause errors when bundled, "use client"
│  in
│  "node_modules/.pnpm/@ark-ui+react@5.39.2_react-dom@19.2.1_react@19.2.1__react@19.2.1/node_modules/@ark-ui/react/dist/components/navigation-menu/navigation-menu-link.js"
│  was ignored.
│
▲  Vite
│  node_modules/.pnpm/@ark-ui+react@5.39.2_react-dom@19.2.1_react@19.2.1__react@19.2.1/node_modules/@ark-ui/react/dist/components/navigation-menu/navigation-menu-list.js
│  (1:0): Module level directives cause errors when bundled, "use client"
│  in
│  "node_modules/.pnpm/@ark-ui+react@5.39.2_react-dom@19.2.1_react@19.2.1__react@19.2.1/node_modules/@ark-ui/react/dist/components/navigation-menu/navigation-menu-list.js"
│  was ignored.
│
▲  Vite
│  node_modules/.pnpm/@ark-ui+react@5.39.2_react-dom@19.2.1_react@19.2.1__react@19.2.1/node_modules/@ark-ui/react/dist/components/navigation-menu/use-navigation-menu.js
│  (1:0): Module level directives cause errors when bundled, "use client"
│  in
│  "node_modules/.pnpm/@ark-ui+react@5.39.2_react-dom@19.2.1_react@19.2.1__react@19.2.1/node_modules/@ark-ui/react/dist/components/navigation-menu/use-navigation-menu.js"
│  was ignored.
│
▲  Vite
│  node_modules/.pnpm/@ark-ui+react@5.39.2_react-dom@19.2.1_react@19.2.1__react@19.2.1/node_modules/@ark-ui/react/dist/components/navigation-menu/navigation-menu-root.js
│  (1:0): Module level directives cause errors when bundled, "use client"
│  in
│  "node_modules/.pnpm/@ark-ui+react@5.39.2_react-dom@19.2.1_react@19.2.1__react@19.2.1/node_modules/@ark-ui/react/dist/components/navigation-menu/navigation-menu-root.js"
│  was ignored.
│
▲  Vite
│  node_modules/.pnpm/@ark-ui+react@5.39.2_react-dom@19.2.1_react@19.2.1__react@19.2.1/node_modules/@ark-ui/react/dist/components/navigation-menu/navigation-menu-root-provider.js
│  (1:0): Module level directives cause errors when bundled, "use client"
│  in
│  "node_modules/.pnpm/@ark-ui+react@5.39.2_react-dom@19.2.1_react@19.2.1__react@19.2.1/node_modules/@ark-ui/react/dist/components/navigation-menu/navigation-menu-root-provider.js"
│  was ignored.
│
▲  Vite
│  node_modules/.pnpm/@ark-ui+react@5.39.2_react-dom@19.2.1_react@19.2.1__react@19.2.1/node_modules/@ark-ui/react/dist/components/navigation-menu/navigation-menu-trigger.js
│  (1:0): Module level directives cause errors when bundled, "use client"
│  in
│  "node_modules/.pnpm/@ark-ui+react@5.39.2_react-dom@19.2.1_react@19.2.1__react@19.2.1/node_modules/@ark-ui/react/dist/components/navigation-menu/navigation-menu-trigger.js"
│  was ignored.
│
▲  Vite
│  node_modules/.pnpm/@ark-ui+react@5.39.2_react-dom@19.2.1_react@19.2.1__react@19.2.1/node_modules/@ark-ui/react/dist/components/navigation-menu/navigation-menu-viewport.js
│  (1:0): Module level directives cause errors when bundled, "use client"
│  in
│  "node_modules/.pnpm/@ark-ui+react@5.39.2_react-dom@19.2.1_react@19.2.1__react@19.2.1/node_modules/@ark-ui/react/dist/components/navigation-menu/navigation-menu-viewport.js"
│  was ignored.
│
▲  Vite
│  node_modules/.pnpm/@ark-ui+react@5.39.2_react-dom@19.2.1_react@19.2.1__react@19.2.1/node_modules/@ark-ui/react/dist/components/navigation-menu/navigation-menu-viewport-positioner.js
│  (1:0): Module level directives cause errors when bundled, "use client"
│  in
│  "node_modules/.pnpm/@ark-ui+react@5.39.2_react-dom@19.2.1_react@19.2.1__react@19.2.1/node_modules/@ark-ui/react/dist/components/navigation-menu/navigation-menu-viewport-positioner.js"
│  was ignored.
│
▲  Vite
│  node_modules/.pnpm/@ark-ui+react@5.39.2_react-dom@19.2.1_react@19.2.1__react@19.2.1/node_modules/@ark-ui/react/dist/components/number-input/use-number-input-context.js
│  (1:0): Module level directives cause errors when bundled, "use client"
│  in
│  "node_modules/.pnpm/@ark-ui+react@5.39.2_react-dom@19.2.1_react@19.2.1__react@19.2.1/node_modules/@ark-ui/react/dist/components/number-input/use-number-input-context.js"
│  was ignored.
│
▲  Vite
│  node_modules/.pnpm/@ark-ui+react@5.39.2_react-dom@19.2.1_react@19.2.1__react@19.2.1/node_modules/@ark-ui/react/dist/components/number-input/number-input-context.js
│  (1:0): Module level directives cause errors when bundled, "use client"
│  in
│  "node_modules/.pnpm/@ark-ui+react@5.39.2_react-dom@19.2.1_react@19.2.1__react@19.2.1/node_modules/@ark-ui/react/dist/components/number-input/number-input-context.js"
│  was ignored.
│
▲  Vite
│  node_modules/.pnpm/@ark-ui+react@5.39.2_react-dom@19.2.1_react@19.2.1__react@19.2.1/node_modules/@ark-ui/react/dist/components/number-input/number-input-control.js
│  (1:0): Module level directives cause errors when bundled, "use client"
│  in
│  "node_modules/.pnpm/@ark-ui+react@5.39.2_react-dom@19.2.1_react@19.2.1__react@19.2.1/node_modules/@ark-ui/react/dist/components/number-input/number-input-control.js"
│  was ignored.
│
▲  Vite
│  node_modules/.pnpm/@ark-ui+react@5.39.2_react-dom@19.2.1_react@19.2.1__react@19.2.1/node_modules/@ark-ui/react/dist/components/number-input/number-input-decrement-trigger.js
│  (1:0): Module level directives cause errors when bundled, "use client"
│  in
│  "node_modules/.pnpm/@ark-ui+react@5.39.2_react-dom@19.2.1_react@19.2.1__react@19.2.1/node_modules/@ark-ui/react/dist/components/number-input/number-input-decrement-trigger.js"
│  was ignored.
│
▲  Vite
│  node_modules/.pnpm/@ark-ui+react@5.39.2_react-dom@19.2.1_react@19.2.1__react@19.2.1/node_modules/@ark-ui/react/dist/components/number-input/number-input-increment-trigger.js
│  (1:0): Module level directives cause errors when bundled, "use client"
│  in
│  "node_modules/.pnpm/@ark-ui+react@5.39.2_react-dom@19.2.1_react@19.2.1__react@19.2.1/node_modules/@ark-ui/react/dist/components/number-input/number-input-increment-trigger.js"
│  was ignored.
│
▲  Vite
│  node_modules/.pnpm/@ark-ui+react@5.39.2_react-dom@19.2.1_react@19.2.1__react@19.2.1/node_modules/@ark-ui/react/dist/components/number-input/number-input-input.js
│  (1:0): Module level directives cause errors when bundled, "use client"
│  in
│  "node_modules/.pnpm/@ark-ui+react@5.39.2_react-dom@19.2.1_react@19.2.1__react@19.2.1/node_modules/@ark-ui/react/dist/components/number-input/number-input-input.js"
│  was ignored.
│
▲  Vite
│  node_modules/.pnpm/@ark-ui+react@5.39.2_react-dom@19.2.1_react@19.2.1__react@19.2.1/node_modules/@ark-ui/react/dist/components/number-input/number-input-label.js
│  (1:0): Module level directives cause errors when bundled, "use client"
│  in
│  "node_modules/.pnpm/@ark-ui+react@5.39.2_react-dom@19.2.1_react@19.2.1__react@19.2.1/node_modules/@ark-ui/react/dist/components/number-input/number-input-label.js"
│  was ignored.
│
▲  Vite
│  node_modules/.pnpm/@ark-ui+react@5.39.2_react-dom@19.2.1_react@19.2.1__react@19.2.1/node_modules/@ark-ui/react/dist/components/number-input/use-number-input.js
│  (1:0): Module level directives cause errors when bundled, "use client"
│  in
│  "node_modules/.pnpm/@ark-ui+react@5.39.2_react-dom@19.2.1_react@19.2.1__react@19.2.1/node_modules/@ark-ui/react/dist/components/number-input/use-number-input.js"
│  was ignored.
│
▲  Vite
│  node_modules/.pnpm/@ark-ui+react@5.39.2_react-dom@19.2.1_react@19.2.1__react@19.2.1/node_modules/@ark-ui/react/dist/components/number-input/number-input-root.js
│  (1:0): Module level directives cause errors when bundled, "use client"
│  in
│  "node_modules/.pnpm/@ark-ui+react@5.39.2_react-dom@19.2.1_react@19.2.1__react@19.2.1/node_modules/@ark-ui/react/dist/components/number-input/number-input-root.js"
│  was ignored.
│
▲  Vite
│  node_modules/.pnpm/@ark-ui+react@5.39.2_react-dom@19.2.1_react@19.2.1__react@19.2.1/node_modules/@ark-ui/react/dist/components/number-input/number-input-root-provider.js
│  (1:0): Module level directives cause errors when bundled, "use client"
│  in
│  "node_modules/.pnpm/@ark-ui+react@5.39.2_react-dom@19.2.1_react@19.2.1__react@19.2.1/node_modules/@ark-ui/react/dist/components/number-input/number-input-root-provider.js"
│  was ignored.
│
▲  Vite
│  node_modules/.pnpm/@ark-ui+react@5.39.2_react-dom@19.2.1_react@19.2.1__react@19.2.1/node_modules/@ark-ui/react/dist/components/number-input/number-input-scrubber.js
│  (1:0): Module level directives cause errors when bundled, "use client"
│  in
│  "node_modules/.pnpm/@ark-ui+react@5.39.2_react-dom@19.2.1_react@19.2.1__react@19.2.1/node_modules/@ark-ui/react/dist/components/number-input/number-input-scrubber.js"
│  was ignored.
│
▲  Vite
│  node_modules/.pnpm/@ark-ui+react@5.39.2_react-dom@19.2.1_react@19.2.1__react@19.2.1/node_modules/@ark-ui/react/dist/components/number-input/number-input-value-text.js
│  (1:0): Module level directives cause errors when bundled, "use client"
│  in
│  "node_modules/.pnpm/@ark-ui+react@5.39.2_react-dom@19.2.1_react@19.2.1__react@19.2.1/node_modules/@ark-ui/react/dist/components/number-input/number-input-value-text.js"
│  was ignored.
│
▲  Vite
│  node_modules/.pnpm/@ark-ui+react@5.39.2_react-dom@19.2.1_react@19.2.1__react@19.2.1/node_modules/@ark-ui/react/dist/components/pagination/use-pagination-context.js
│  (1:0): Module level directives cause errors when bundled, "use client"
│  in
│  "node_modules/.pnpm/@ark-ui+react@5.39.2_react-dom@19.2.1_react@19.2.1__react@19.2.1/node_modules/@ark-ui/react/dist/components/pagination/use-pagination-context.js"
│  was ignored.
│
▲  Vite
│  node_modules/.pnpm/@ark-ui+react@5.39.2_react-dom@19.2.1_react@19.2.1__react@19.2.1/node_modules/@ark-ui/react/dist/components/pagination/pagination-context.js
│  (1:0): Module level directives cause errors when bundled, "use client"
│  in
│  "node_modules/.pnpm/@ark-ui+react@5.39.2_react-dom@19.2.1_react@19.2.1__react@19.2.1/node_modules/@ark-ui/react/dist/components/pagination/pagination-context.js"
│  was ignored.
│
▲  Vite
│  node_modules/.pnpm/@ark-ui+react@5.39.2_react-dom@19.2.1_react@19.2.1__react@19.2.1/node_modules/@ark-ui/react/dist/components/pagination/pagination-ellipsis.js
│  (1:0): Module level directives cause errors when bundled, "use client"
│  in
│  "node_modules/.pnpm/@ark-ui+react@5.39.2_react-dom@19.2.1_react@19.2.1__react@19.2.1/node_modules/@ark-ui/react/dist/components/pagination/pagination-ellipsis.js"
│  was ignored.
│
▲  Vite
│  node_modules/.pnpm/@ark-ui+react@5.39.2_react-dom@19.2.1_react@19.2.1__react@19.2.1/node_modules/@ark-ui/react/dist/components/pagination/pagination-first-trigger.js
│  (1:0): Module level directives cause errors when bundled, "use client"
│  in
│  "node_modules/.pnpm/@ark-ui+react@5.39.2_react-dom@19.2.1_react@19.2.1__react@19.2.1/node_modules/@ark-ui/react/dist/components/pagination/pagination-first-trigger.js"
│  was ignored.
│
▲  Vite
│  node_modules/.pnpm/@ark-ui+react@5.39.2_react-dom@19.2.1_react@19.2.1__react@19.2.1/node_modules/@ark-ui/react/dist/components/pagination/pagination-item.js
│  (1:0): Module level directives cause errors when bundled, "use client"
│  in
│  "node_modules/.pnpm/@ark-ui+react@5.39.2_react-dom@19.2.1_react@19.2.1__react@19.2.1/node_modules/@ark-ui/react/dist/components/pagination/pagination-item.js"
│  was ignored.
│
▲  Vite
│  node_modules/.pnpm/@ark-ui+react@5.39.2_react-dom@19.2.1_react@19.2.1__react@19.2.1/node_modules/@ark-ui/react/dist/components/pagination/pagination-last-trigger.js
│  (1:0): Module level directives cause errors when bundled, "use client"
│  in
│  "node_modules/.pnpm/@ark-ui+react@5.39.2_react-dom@19.2.1_react@19.2.1__react@19.2.1/node_modules/@ark-ui/react/dist/components/pagination/pagination-last-trigger.js"
│  was ignored.
│
▲  Vite
│  node_modules/.pnpm/@ark-ui+react@5.39.2_react-dom@19.2.1_react@19.2.1__react@19.2.1/node_modules/@ark-ui/react/dist/components/pagination/pagination-prev-trigger.js
│  (1:0): Module level directives cause errors when bundled, "use client"
│  in
│  "node_modules/.pnpm/@ark-ui+react@5.39.2_react-dom@19.2.1_react@19.2.1__react@19.2.1/node_modules/@ark-ui/react/dist/components/pagination/pagination-prev-trigger.js"
│  was ignored.
│
▲  Vite
│  node_modules/.pnpm/@ark-ui+react@5.39.2_react-dom@19.2.1_react@19.2.1__react@19.2.1/node_modules/@ark-ui/react/dist/components/pagination/use-pagination.js
│  (1:0): Module level directives cause errors when bundled, "use client"
│  in
│  "node_modules/.pnpm/@ark-ui+react@5.39.2_react-dom@19.2.1_react@19.2.1__react@19.2.1/node_modules/@ark-ui/react/dist/components/pagination/use-pagination.js"
│  was ignored.
│
▲  Vite
│  node_modules/.pnpm/@ark-ui+react@5.39.2_react-dom@19.2.1_react@19.2.1__react@19.2.1/node_modules/@ark-ui/react/dist/components/pagination/pagination-root.js
│  (1:0): Module level directives cause errors when bundled, "use client"
│  in
│  "node_modules/.pnpm/@ark-ui+react@5.39.2_react-dom@19.2.1_react@19.2.1__react@19.2.1/node_modules/@ark-ui/react/dist/components/pagination/pagination-root.js"
│  was ignored.
│
▲  Vite
│  node_modules/.pnpm/@ark-ui+react@5.39.2_react-dom@19.2.1_react@19.2.1__react@19.2.1/node_modules/@ark-ui/react/dist/components/pagination/pagination-root-provider.js
│  (1:0): Module level directives cause errors when bundled, "use client"
│  in
│  "node_modules/.pnpm/@ark-ui+react@5.39.2_react-dom@19.2.1_react@19.2.1__react@19.2.1/node_modules/@ark-ui/react/dist/components/pagination/pagination-root-provider.js"
│  was ignored.
│
▲  Vite
│  node_modules/.pnpm/@ark-ui+react@5.39.2_react-dom@19.2.1_react@19.2.1__react@19.2.1/node_modules/@ark-ui/react/dist/components/password-input/use-password-input-context.js
│  (1:0): Module level directives cause errors when bundled, "use client"
│  in
│  "node_modules/.pnpm/@ark-ui+react@5.39.2_react-dom@19.2.1_react@19.2.1__react@19.2.1/node_modules/@ark-ui/react/dist/components/password-input/use-password-input-context.js"
│  was ignored.
│
▲  Vite
│  node_modules/.pnpm/@ark-ui+react@5.39.2_react-dom@19.2.1_react@19.2.1__react@19.2.1/node_modules/@ark-ui/react/dist/components/password-input/password-input-context.js
│  (1:0): Module level directives cause errors when bundled, "use client"
│  in
│  "node_modules/.pnpm/@ark-ui+react@5.39.2_react-dom@19.2.1_react@19.2.1__react@19.2.1/node_modules/@ark-ui/react/dist/components/password-input/password-input-context.js"
│  was ignored.
│
▲  Vite
│  node_modules/.pnpm/@ark-ui+react@5.39.2_react-dom@19.2.1_react@19.2.1__react@19.2.1/node_modules/@ark-ui/react/dist/components/password-input/password-input-control.js
│  (1:0): Module level directives cause errors when bundled, "use client"
│  in
│  "node_modules/.pnpm/@ark-ui+react@5.39.2_react-dom@19.2.1_react@19.2.1__react@19.2.1/node_modules/@ark-ui/react/dist/components/password-input/password-input-control.js"
│  was ignored.
│
▲  Vite
│  node_modules/.pnpm/@ark-ui+react@5.39.2_react-dom@19.2.1_react@19.2.1__react@19.2.1/node_modules/@ark-ui/react/dist/components/password-input/password-input-indicator.js
│  (1:0): Module level directives cause errors when bundled, "use client"
│  in
│  "node_modules/.pnpm/@ark-ui+react@5.39.2_react-dom@19.2.1_react@19.2.1__react@19.2.1/node_modules/@ark-ui/react/dist/components/password-input/password-input-indicator.js"
│  was ignored.
│
▲  Vite
│  node_modules/.pnpm/@ark-ui+react@5.39.2_react-dom@19.2.1_react@19.2.1__react@19.2.1/node_modules/@ark-ui/react/dist/components/pagination/pagination-next-trigger.js
│  (1:0): Module level directives cause errors when bundled, "use client"
│  in
│  "node_modules/.pnpm/@ark-ui+react@5.39.2_react-dom@19.2.1_react@19.2.1__react@19.2.1/node_modules/@ark-ui/react/dist/components/pagination/pagination-next-trigger.js"
│  was ignored.
│
▲  Vite
│  node_modules/.pnpm/@ark-ui+react@5.39.2_react-dom@19.2.1_react@19.2.1__react@19.2.1/node_modules/@ark-ui/react/dist/components/password-input/password-input-input.js
│  (1:0): Module level directives cause errors when bundled, "use client"
│  in
│  "node_modules/.pnpm/@ark-ui+react@5.39.2_react-dom@19.2.1_react@19.2.1__react@19.2.1/node_modules/@ark-ui/react/dist/components/password-input/password-input-input.js"
│  was ignored.
│
▲  Vite
│  node_modules/.pnpm/@ark-ui+react@5.39.2_react-dom@19.2.1_react@19.2.1__react@19.2.1/node_modules/@ark-ui/react/dist/components/password-input/password-input-label.js
│  (1:0): Module level directives cause errors when bundled, "use client"
│  in
│  "node_modules/.pnpm/@ark-ui+react@5.39.2_react-dom@19.2.1_react@19.2.1__react@19.2.1/node_modules/@ark-ui/react/dist/components/password-input/password-input-label.js"
│  was ignored.
│
▲  Vite
│  node_modules/.pnpm/@ark-ui+react@5.39.2_react-dom@19.2.1_react@19.2.1__react@19.2.1/node_modules/@ark-ui/react/dist/components/password-input/use-password-input.js
│  (1:0): Module level directives cause errors when bundled, "use client"
│  in
│  "node_modules/.pnpm/@ark-ui+react@5.39.2_react-dom@19.2.1_react@19.2.1__react@19.2.1/node_modules/@ark-ui/react/dist/components/password-input/use-password-input.js"
│  was ignored.
│
▲  Vite
│  node_modules/.pnpm/@ark-ui+react@5.39.2_react-dom@19.2.1_react@19.2.1__react@19.2.1/node_modules/@ark-ui/react/dist/components/password-input/password-input-root.js
│  (1:0): Module level directives cause errors when bundled, "use client"
│  in
│  "node_modules/.pnpm/@ark-ui+react@5.39.2_react-dom@19.2.1_react@19.2.1__react@19.2.1/node_modules/@ark-ui/react/dist/components/password-input/password-input-root.js"
│  was ignored.
│
▲  Vite
│  node_modules/.pnpm/@ark-ui+react@5.39.2_react-dom@19.2.1_react@19.2.1__react@19.2.1/node_modules/@ark-ui/react/dist/components/password-input/password-input-root-provider.js
│  (1:0): Module level directives cause errors when bundled, "use client"
│  in
│  "node_modules/.pnpm/@ark-ui+react@5.39.2_react-dom@19.2.1_react@19.2.1__react@19.2.1/node_modules/@ark-ui/react/dist/components/password-input/password-input-root-provider.js"
│  was ignored.
│
▲  Vite
│  node_modules/.pnpm/@ark-ui+react@5.39.2_react-dom@19.2.1_react@19.2.1__react@19.2.1/node_modules/@ark-ui/react/dist/components/password-input/password-input-visibility-trigger.js
│  (1:0): Module level directives cause errors when bundled, "use client"
│  in
│  "node_modules/.pnpm/@ark-ui+react@5.39.2_react-dom@19.2.1_react@19.2.1__react@19.2.1/node_modules/@ark-ui/react/dist/components/password-input/password-input-visibility-trigger.js"
│  was ignored.
│
▲  Vite
│  node_modules/.pnpm/@ark-ui+react@5.39.2_react-dom@19.2.1_react@19.2.1__react@19.2.1/node_modules/@ark-ui/react/dist/components/pin-input/use-pin-input-context.js
│  (1:0): Module level directives cause errors when bundled, "use client"
│  in
│  "node_modules/.pnpm/@ark-ui+react@5.39.2_react-dom@19.2.1_react@19.2.1__react@19.2.1/node_modules/@ark-ui/react/dist/components/pin-input/use-pin-input-context.js"
│  was ignored.
│
▲  Vite
│  node_modules/.pnpm/@ark-ui+react@5.39.2_react-dom@19.2.1_react@19.2.1__react@19.2.1/node_modules/@ark-ui/react/dist/components/pin-input/pin-input-context.js
│  (1:0): Module level directives cause errors when bundled, "use client"
│  in
│  "node_modules/.pnpm/@ark-ui+react@5.39.2_react-dom@19.2.1_react@19.2.1__react@19.2.1/node_modules/@ark-ui/react/dist/components/pin-input/pin-input-context.js"
│  was ignored.
│
▲  Vite
│  node_modules/.pnpm/@ark-ui+react@5.39.2_react-dom@19.2.1_react@19.2.1__react@19.2.1/node_modules/@ark-ui/react/dist/components/pin-input/pin-input-control.js
│  (1:0): Module level directives cause errors when bundled, "use client"
│  in
│  "node_modules/.pnpm/@ark-ui+react@5.39.2_react-dom@19.2.1_react@19.2.1__react@19.2.1/node_modules/@ark-ui/react/dist/components/pin-input/pin-input-control.js"
│  was ignored.
│
▲  Vite
│  node_modules/.pnpm/@ark-ui+react@5.39.2_react-dom@19.2.1_react@19.2.1__react@19.2.1/node_modules/@ark-ui/react/dist/components/pin-input/pin-input-hidden-input.js
│  (1:0): Module level directives cause errors when bundled, "use client"
│  in
│  "node_modules/.pnpm/@ark-ui+react@5.39.2_react-dom@19.2.1_react@19.2.1__react@19.2.1/node_modules/@ark-ui/react/dist/components/pin-input/pin-input-hidden-input.js"
│  was ignored.
│
▲  Vite
│  node_modules/.pnpm/@ark-ui+react@5.39.2_react-dom@19.2.1_react@19.2.1__react@19.2.1/node_modules/@ark-ui/react/dist/components/pin-input/pin-input-input.js
│  (1:0): Module level directives cause errors when bundled, "use client"
│  in
│  "node_modules/.pnpm/@ark-ui+react@5.39.2_react-dom@19.2.1_react@19.2.1__react@19.2.1/node_modules/@ark-ui/react/dist/components/pin-input/pin-input-input.js"
│  was ignored.
│
▲  Vite
│  node_modules/.pnpm/@ark-ui+react@5.39.2_react-dom@19.2.1_react@19.2.1__react@19.2.1/node_modules/@ark-ui/react/dist/components/pin-input/pin-input-label.js
│  (1:0): Module level directives cause errors when bundled, "use client"
│  in
│  "node_modules/.pnpm/@ark-ui+react@5.39.2_react-dom@19.2.1_react@19.2.1__react@19.2.1/node_modules/@ark-ui/react/dist/components/pin-input/pin-input-label.js"
│  was ignored.
│
▲  Vite
│  node_modules/.pnpm/@ark-ui+react@5.39.2_react-dom@19.2.1_react@19.2.1__react@19.2.1/node_modules/@ark-ui/react/dist/components/pin-input/use-pin-input.js
│  (1:0): Module level directives cause errors when bundled, "use client"
│  in
│  "node_modules/.pnpm/@ark-ui+react@5.39.2_react-dom@19.2.1_react@19.2.1__react@19.2.1/node_modules/@ark-ui/react/dist/components/pin-input/use-pin-input.js"
│  was ignored.
│
▲  Vite
│  node_modules/.pnpm/@ark-ui+react@5.39.2_react-dom@19.2.1_react@19.2.1__react@19.2.1/node_modules/@ark-ui/react/dist/components/pin-input/pin-input-root-provider.js
│  (1:0): Module level directives cause errors when bundled, "use client"
│  in
│  "node_modules/.pnpm/@ark-ui+react@5.39.2_react-dom@19.2.1_react@19.2.1__react@19.2.1/node_modules/@ark-ui/react/dist/components/pin-input/pin-input-root-provider.js"
│  was ignored.
│
▲  Vite
│  node_modules/.pnpm/@ark-ui+react@5.39.2_react-dom@19.2.1_react@19.2.1__react@19.2.1/node_modules/@ark-ui/react/dist/components/popover/use-popover-context.js
│  (1:0): Module level directives cause errors when bundled, "use client"
│  in
│  "node_modules/.pnpm/@ark-ui+react@5.39.2_react-dom@19.2.1_react@19.2.1__react@19.2.1/node_modules/@ark-ui/react/dist/components/popover/use-popover-context.js"
│  was ignored.
│
▲  Vite
│  node_modules/.pnpm/@ark-ui+react@5.39.2_react-dom@19.2.1_react@19.2.1__react@19.2.1/node_modules/@ark-ui/react/dist/components/popover/popover-anchor.js
│  (1:0): Module level directives cause errors when bundled, "use client"
│  in
│  "node_modules/.pnpm/@ark-ui+react@5.39.2_react-dom@19.2.1_react@19.2.1__react@19.2.1/node_modules/@ark-ui/react/dist/components/popover/popover-anchor.js"
│  was ignored.
│
▲  Vite
│  node_modules/.pnpm/@ark-ui+react@5.39.2_react-dom@19.2.1_react@19.2.1__react@19.2.1/node_modules/@ark-ui/react/dist/components/pin-input/pin-input-root.js
│  (1:0): Module level directives cause errors when bundled, "use client"
│  in
│  "node_modules/.pnpm/@ark-ui+react@5.39.2_react-dom@19.2.1_react@19.2.1__react@19.2.1/node_modules/@ark-ui/react/dist/components/pin-input/pin-input-root.js"
│  was ignored.
│
▲  Vite
│  node_modules/.pnpm/@ark-ui+react@5.39.2_react-dom@19.2.1_react@19.2.1__react@19.2.1/node_modules/@ark-ui/react/dist/components/popover/popover-arrow.js
│  (1:0): Module level directives cause errors when bundled, "use client"
│  in
│  "node_modules/.pnpm/@ark-ui+react@5.39.2_react-dom@19.2.1_react@19.2.1__react@19.2.1/node_modules/@ark-ui/react/dist/components/popover/popover-arrow.js"
│  was ignored.
│
▲  Vite
│  node_modules/.pnpm/@ark-ui+react@5.39.2_react-dom@19.2.1_react@19.2.1__react@19.2.1/node_modules/@ark-ui/react/dist/components/popover/popover-arrow-tip.js
│  (1:0): Module level directives cause errors when bundled, "use client"
│  in
│  "node_modules/.pnpm/@ark-ui+react@5.39.2_react-dom@19.2.1_react@19.2.1__react@19.2.1/node_modules/@ark-ui/react/dist/components/popover/popover-arrow-tip.js"
│  was ignored.
│
▲  Vite
│  node_modules/.pnpm/@ark-ui+react@5.39.2_react-dom@19.2.1_react@19.2.1__react@19.2.1/node_modules/@ark-ui/react/dist/components/popover/popover-close-trigger.js
│  (1:0): Module level directives cause errors when bundled, "use client"
│  in
│  "node_modules/.pnpm/@ark-ui+react@5.39.2_react-dom@19.2.1_react@19.2.1__react@19.2.1/node_modules/@ark-ui/react/dist/components/popover/popover-close-trigger.js"
│  was ignored.
│
▲  Vite
│  node_modules/.pnpm/@ark-ui+react@5.39.2_react-dom@19.2.1_react@19.2.1__react@19.2.1/node_modules/@ark-ui/react/dist/components/popover/popover-content.js
│  (1:0): Module level directives cause errors when bundled, "use client"
│  in
│  "node_modules/.pnpm/@ark-ui+react@5.39.2_react-dom@19.2.1_react@19.2.1__react@19.2.1/node_modules/@ark-ui/react/dist/components/popover/popover-content.js"
│  was ignored.
│
▲  Vite
│  node_modules/.pnpm/@ark-ui+react@5.39.2_react-dom@19.2.1_react@19.2.1__react@19.2.1/node_modules/@ark-ui/react/dist/components/popover/popover-context.js
│  (1:0): Module level directives cause errors when bundled, "use client"
│  in
│  "node_modules/.pnpm/@ark-ui+react@5.39.2_react-dom@19.2.1_react@19.2.1__react@19.2.1/node_modules/@ark-ui/react/dist/components/popover/popover-context.js"
│  was ignored.
│
▲  Vite
│  node_modules/.pnpm/@ark-ui+react@5.39.2_react-dom@19.2.1_react@19.2.1__react@19.2.1/node_modules/@ark-ui/react/dist/components/popover/popover-description.js
│  (1:0): Module level directives cause errors when bundled, "use client"
│  in
│  "node_modules/.pnpm/@ark-ui+react@5.39.2_react-dom@19.2.1_react@19.2.1__react@19.2.1/node_modules/@ark-ui/react/dist/components/popover/popover-description.js"
│  was ignored.
│
▲  Vite
│  node_modules/.pnpm/@ark-ui+react@5.39.2_react-dom@19.2.1_react@19.2.1__react@19.2.1/node_modules/@ark-ui/react/dist/components/popover/popover-indicator.js
│  (1:0): Module level directives cause errors when bundled, "use client"
│  in
│  "node_modules/.pnpm/@ark-ui+react@5.39.2_react-dom@19.2.1_react@19.2.1__react@19.2.1/node_modules/@ark-ui/react/dist/components/popover/popover-indicator.js"
│  was ignored.
│
▲  Vite
│  node_modules/.pnpm/@ark-ui+react@5.39.2_react-dom@19.2.1_react@19.2.1__react@19.2.1/node_modules/@ark-ui/react/dist/components/popover/popover-positioner.js
│  (1:0): Module level directives cause errors when bundled, "use client"
│  in
│  "node_modules/.pnpm/@ark-ui+react@5.39.2_react-dom@19.2.1_react@19.2.1__react@19.2.1/node_modules/@ark-ui/react/dist/components/popover/popover-positioner.js"
│  was ignored.
│
▲  Vite
│  node_modules/.pnpm/@ark-ui+react@5.39.2_react-dom@19.2.1_react@19.2.1__react@19.2.1/node_modules/@ark-ui/react/dist/components/popover/use-popover.js
│  (1:0): Module level directives cause errors when bundled, "use client"
│  in
│  "node_modules/.pnpm/@ark-ui+react@5.39.2_react-dom@19.2.1_react@19.2.1__react@19.2.1/node_modules/@ark-ui/react/dist/components/popover/use-popover.js"
│  was ignored.
│
▲  Vite
│  node_modules/.pnpm/@ark-ui+react@5.39.2_react-dom@19.2.1_react@19.2.1__react@19.2.1/node_modules/@ark-ui/react/dist/components/popover/popover-root.js
│  (1:0): Module level directives cause errors when bundled, "use client"
│  in
│  "node_modules/.pnpm/@ark-ui+react@5.39.2_react-dom@19.2.1_react@19.2.1__react@19.2.1/node_modules/@ark-ui/react/dist/components/popover/popover-root.js"
│  was ignored.
│
▲  Vite
│  node_modules/.pnpm/@ark-ui+react@5.39.2_react-dom@19.2.1_react@19.2.1__react@19.2.1/node_modules/@ark-ui/react/dist/components/popover/popover-root-provider.js
│  (1:0): Module level directives cause errors when bundled, "use client"
│  in
│  "node_modules/.pnpm/@ark-ui+react@5.39.2_react-dom@19.2.1_react@19.2.1__react@19.2.1/node_modules/@ark-ui/react/dist/components/popover/popover-root-provider.js"
│  was ignored.
│
▲  Vite
│  node_modules/.pnpm/@ark-ui+react@5.39.2_react-dom@19.2.1_react@19.2.1__react@19.2.1/node_modules/@ark-ui/react/dist/components/popover/popover-title.js
│  (1:0): Module level directives cause errors when bundled, "use client"
│  in
│  "node_modules/.pnpm/@ark-ui+react@5.39.2_react-dom@19.2.1_react@19.2.1__react@19.2.1/node_modules/@ark-ui/react/dist/components/popover/popover-title.js"
│  was ignored.
│
▲  Vite
│  node_modules/.pnpm/@ark-ui+react@5.39.2_react-dom@19.2.1_react@19.2.1__react@19.2.1/node_modules/@ark-ui/react/dist/components/popover/popover-trigger.js
│  (1:0): Module level directives cause errors when bundled, "use client"
│  in
│  "node_modules/.pnpm/@ark-ui+react@5.39.2_react-dom@19.2.1_react@19.2.1__react@19.2.1/node_modules/@ark-ui/react/dist/components/popover/popover-trigger.js"
│  was ignored.
│
▲  Vite
│  node_modules/.pnpm/@ark-ui+react@5.39.2_react-dom@19.2.1_react@19.2.1__react@19.2.1/node_modules/@ark-ui/react/dist/components/progress/use-progress-context.js
│  (1:0): Module level directives cause errors when bundled, "use client"
│  in
│  "node_modules/.pnpm/@ark-ui+react@5.39.2_react-dom@19.2.1_react@19.2.1__react@19.2.1/node_modules/@ark-ui/react/dist/components/progress/use-progress-context.js"
│  was ignored.
│
▲  Vite
│  node_modules/.pnpm/@ark-ui+react@5.39.2_react-dom@19.2.1_react@19.2.1__react@19.2.1/node_modules/@ark-ui/react/dist/components/progress/progress-circle.js
│  (1:0): Module level directives cause errors when bundled, "use client"
│  in
│  "node_modules/.pnpm/@ark-ui+react@5.39.2_react-dom@19.2.1_react@19.2.1__react@19.2.1/node_modules/@ark-ui/react/dist/components/progress/progress-circle.js"
│  was ignored.
│
▲  Vite
│  node_modules/.pnpm/@ark-ui+react@5.39.2_react-dom@19.2.1_react@19.2.1__react@19.2.1/node_modules/@ark-ui/react/dist/components/progress/progress-circle-range.js
│  (1:0): Module level directives cause errors when bundled, "use client"
│  in
│  "node_modules/.pnpm/@ark-ui+react@5.39.2_react-dom@19.2.1_react@19.2.1__react@19.2.1/node_modules/@ark-ui/react/dist/components/progress/progress-circle-range.js"
│  was ignored.
│
▲  Vite
│  node_modules/.pnpm/@ark-ui+react@5.39.2_react-dom@19.2.1_react@19.2.1__react@19.2.1/node_modules/@ark-ui/react/dist/components/progress/progress-circle-track.js
│  (1:0): Module level directives cause errors when bundled, "use client"
│  in
│  "node_modules/.pnpm/@ark-ui+react@5.39.2_react-dom@19.2.1_react@19.2.1__react@19.2.1/node_modules/@ark-ui/react/dist/components/progress/progress-circle-track.js"
│  was ignored.
│
▲  Vite
│  node_modules/.pnpm/@ark-ui+react@5.39.2_react-dom@19.2.1_react@19.2.1__react@19.2.1/node_modules/@ark-ui/react/dist/components/progress/progress-label.js
│  (1:0): Module level directives cause errors when bundled, "use client"
│  in
│  "node_modules/.pnpm/@ark-ui+react@5.39.2_react-dom@19.2.1_react@19.2.1__react@19.2.1/node_modules/@ark-ui/react/dist/components/progress/progress-label.js"
│  was ignored.
│
▲  Vite
│  node_modules/.pnpm/@ark-ui+react@5.39.2_react-dom@19.2.1_react@19.2.1__react@19.2.1/node_modules/@ark-ui/react/dist/components/progress/progress-range.js
│  (1:0): Module level directives cause errors when bundled, "use client"
│  in
│  "node_modules/.pnpm/@ark-ui+react@5.39.2_react-dom@19.2.1_react@19.2.1__react@19.2.1/node_modules/@ark-ui/react/dist/components/progress/progress-range.js"
│  was ignored.
│
▲  Vite
│  node_modules/.pnpm/@ark-ui+react@5.39.2_react-dom@19.2.1_react@19.2.1__react@19.2.1/node_modules/@ark-ui/react/dist/components/progress/progress-context.js
│  (1:0): Module level directives cause errors when bundled, "use client"
│  in
│  "node_modules/.pnpm/@ark-ui+react@5.39.2_react-dom@19.2.1_react@19.2.1__react@19.2.1/node_modules/@ark-ui/react/dist/components/progress/progress-context.js"
│  was ignored.
│
▲  Vite
│  node_modules/.pnpm/@ark-ui+react@5.39.2_react-dom@19.2.1_react@19.2.1__react@19.2.1/node_modules/@ark-ui/react/dist/components/progress/use-progress.js
│  (1:0): Module level directives cause errors when bundled, "use client"
│  in
│  "node_modules/.pnpm/@ark-ui+react@5.39.2_react-dom@19.2.1_react@19.2.1__react@19.2.1/node_modules/@ark-ui/react/dist/components/progress/use-progress.js"
│  was ignored.
│
▲  Vite
│  node_modules/.pnpm/@ark-ui+react@5.39.2_react-dom@19.2.1_react@19.2.1__react@19.2.1/node_modules/@ark-ui/react/dist/components/progress/progress-root-provider.js
│  (1:0): Module level directives cause errors when bundled, "use client"
│  in
│  "node_modules/.pnpm/@ark-ui+react@5.39.2_react-dom@19.2.1_react@19.2.1__react@19.2.1/node_modules/@ark-ui/react/dist/components/progress/progress-root-provider.js"
│  was ignored.
│
▲  Vite
│  node_modules/.pnpm/@ark-ui+react@5.39.2_react-dom@19.2.1_react@19.2.1__react@19.2.1/node_modules/@ark-ui/react/dist/components/progress/progress-track.js
│  (1:0): Module level directives cause errors when bundled, "use client"
│  in
│  "node_modules/.pnpm/@ark-ui+react@5.39.2_react-dom@19.2.1_react@19.2.1__react@19.2.1/node_modules/@ark-ui/react/dist/components/progress/progress-track.js"
│  was ignored.
│
▲  Vite
│  node_modules/.pnpm/@ark-ui+react@5.39.2_react-dom@19.2.1_react@19.2.1__react@19.2.1/node_modules/@ark-ui/react/dist/components/progress/progress-value-text.js
│  (1:0): Module level directives cause errors when bundled, "use client"
│  in
│  "node_modules/.pnpm/@ark-ui+react@5.39.2_react-dom@19.2.1_react@19.2.1__react@19.2.1/node_modules/@ark-ui/react/dist/components/progress/progress-value-text.js"
│  was ignored.
│
▲  Vite
│  node_modules/.pnpm/@ark-ui+react@5.39.2_react-dom@19.2.1_react@19.2.1__react@19.2.1/node_modules/@ark-ui/react/dist/components/progress/progress-root.js
│  (1:0): Module level directives cause errors when bundled, "use client"
│  in
│  "node_modules/.pnpm/@ark-ui+react@5.39.2_react-dom@19.2.1_react@19.2.1__react@19.2.1/node_modules/@ark-ui/react/dist/components/progress/progress-root.js"
│  was ignored.
│
▲  Vite
│  node_modules/.pnpm/@ark-ui+react@5.39.2_react-dom@19.2.1_react@19.2.1__react@19.2.1/node_modules/@ark-ui/react/dist/components/progress/progress-view.js
│  (1:0): Module level directives cause errors when bundled, "use client"
│  in
│  "node_modules/.pnpm/@ark-ui+react@5.39.2_react-dom@19.2.1_react@19.2.1__react@19.2.1/node_modules/@ark-ui/react/dist/components/progress/progress-view.js"
│  was ignored.
│
▲  Vite
│  node_modules/.pnpm/@ark-ui+react@5.39.2_react-dom@19.2.1_react@19.2.1__react@19.2.1/node_modules/@ark-ui/react/dist/components/qr-code/use-qr-code-context.js
│  (1:0): Module level directives cause errors when bundled, "use client"
│  in
│  "node_modules/.pnpm/@ark-ui+react@5.39.2_react-dom@19.2.1_react@19.2.1__react@19.2.1/node_modules/@ark-ui/react/dist/components/qr-code/use-qr-code-context.js"
│  was ignored.
│
▲  Vite
│  node_modules/.pnpm/@ark-ui+react@5.39.2_react-dom@19.2.1_react@19.2.1__react@19.2.1/node_modules/@ark-ui/react/dist/components/qr-code/qr-code-context.js
│  (1:0): Module level directives cause errors when bundled, "use client"
│  in
│  "node_modules/.pnpm/@ark-ui+react@5.39.2_react-dom@19.2.1_react@19.2.1__react@19.2.1/node_modules/@ark-ui/react/dist/components/qr-code/qr-code-context.js"
│  was ignored.
│
▲  Vite
│  node_modules/.pnpm/@ark-ui+react@5.39.2_react-dom@19.2.1_react@19.2.1__react@19.2.1/node_modules/@ark-ui/react/dist/components/qr-code/qr-code-download-trigger.js
│  (1:0): Module level directives cause errors when bundled, "use client"
│  in
│  "node_modules/.pnpm/@ark-ui+react@5.39.2_react-dom@19.2.1_react@19.2.1__react@19.2.1/node_modules/@ark-ui/react/dist/components/qr-code/qr-code-download-trigger.js"
│  was ignored.
│
▲  Vite
│  node_modules/.pnpm/@ark-ui+react@5.39.2_react-dom@19.2.1_react@19.2.1__react@19.2.1/node_modules/@ark-ui/react/dist/components/qr-code/qr-code-frame.js
│  (1:0): Module level directives cause errors when bundled, "use client"
│  in
│  "node_modules/.pnpm/@ark-ui+react@5.39.2_react-dom@19.2.1_react@19.2.1__react@19.2.1/node_modules/@ark-ui/react/dist/components/qr-code/qr-code-frame.js"
│  was ignored.
│
▲  Vite
│  node_modules/.pnpm/@ark-ui+react@5.39.2_react-dom@19.2.1_react@19.2.1__react@19.2.1/node_modules/@ark-ui/react/dist/components/qr-code/qr-code-overlay.js
│  (1:0): Module level directives cause errors when bundled, "use client"
│  in
│  "node_modules/.pnpm/@ark-ui+react@5.39.2_react-dom@19.2.1_react@19.2.1__react@19.2.1/node_modules/@ark-ui/react/dist/components/qr-code/qr-code-overlay.js"
│  was ignored.
│
▲  Vite
│  node_modules/.pnpm/@ark-ui+react@5.39.2_react-dom@19.2.1_react@19.2.1__react@19.2.1/node_modules/@ark-ui/react/dist/components/qr-code/qr-code-pattern.js
│  (1:0): Module level directives cause errors when bundled, "use client"
│  in
│  "node_modules/.pnpm/@ark-ui+react@5.39.2_react-dom@19.2.1_react@19.2.1__react@19.2.1/node_modules/@ark-ui/react/dist/components/qr-code/qr-code-pattern.js"
│  was ignored.
│
▲  Vite
│  node_modules/.pnpm/@ark-ui+react@5.39.2_react-dom@19.2.1_react@19.2.1__react@19.2.1/node_modules/@ark-ui/react/dist/components/qr-code/use-qr-code.js
│  (1:0): Module level directives cause errors when bundled, "use client"
│  in
│  "node_modules/.pnpm/@ark-ui+react@5.39.2_react-dom@19.2.1_react@19.2.1__react@19.2.1/node_modules/@ark-ui/react/dist/components/qr-code/use-qr-code.js"
│  was ignored.
│
▲  Vite
│  node_modules/.pnpm/@ark-ui+react@5.39.2_react-dom@19.2.1_react@19.2.1__react@19.2.1/node_modules/@ark-ui/react/dist/components/qr-code/qr-code-root.js
│  (1:0): Module level directives cause errors when bundled, "use client"
│  in
│  "node_modules/.pnpm/@ark-ui+react@5.39.2_react-dom@19.2.1_react@19.2.1__react@19.2.1/node_modules/@ark-ui/react/dist/components/qr-code/qr-code-root.js"
│  was ignored.
│
▲  Vite
│  node_modules/.pnpm/@ark-ui+react@5.39.2_react-dom@19.2.1_react@19.2.1__react@19.2.1/node_modules/@ark-ui/react/dist/components/qr-code/qr-code-root-provider.js
│  (1:0): Module level directives cause errors when bundled, "use client"
│  in
│  "node_modules/.pnpm/@ark-ui+react@5.39.2_react-dom@19.2.1_react@19.2.1__react@19.2.1/node_modules/@ark-ui/react/dist/components/qr-code/qr-code-root-provider.js"
│  was ignored.
│
▲  Vite
│  node_modules/.pnpm/@ark-ui+react@5.39.2_react-dom@19.2.1_react@19.2.1__react@19.2.1/node_modules/@ark-ui/react/dist/components/radio-group/use-radio-group-context.js
│  (1:0): Module level directives cause errors when bundled, "use client"
│  in
│  "node_modules/.pnpm/@ark-ui+react@5.39.2_react-dom@19.2.1_react@19.2.1__react@19.2.1/node_modules/@ark-ui/react/dist/components/radio-group/use-radio-group-context.js"
│  was ignored.
│
▲  Vite
│  node_modules/.pnpm/@ark-ui+react@5.39.2_react-dom@19.2.1_react@19.2.1__react@19.2.1/node_modules/@ark-ui/react/dist/components/radio-group/radio-group-context.js
│  (1:0): Module level directives cause errors when bundled, "use client"
│  in
│  "node_modules/.pnpm/@ark-ui+react@5.39.2_react-dom@19.2.1_react@19.2.1__react@19.2.1/node_modules/@ark-ui/react/dist/components/radio-group/radio-group-context.js"
│  was ignored.
│
▲  Vite
│  node_modules/.pnpm/@ark-ui+react@5.39.2_react-dom@19.2.1_react@19.2.1__react@19.2.1/node_modules/@ark-ui/react/dist/components/radio-group/use-radio-group-item-context.js
│  (1:0): Module level directives cause errors when bundled, "use client"
│  in
│  "node_modules/.pnpm/@ark-ui+react@5.39.2_react-dom@19.2.1_react@19.2.1__react@19.2.1/node_modules/@ark-ui/react/dist/components/radio-group/use-radio-group-item-context.js"
│  was ignored.
│
▲  Vite
│  node_modules/.pnpm/@ark-ui+react@5.39.2_react-dom@19.2.1_react@19.2.1__react@19.2.1/node_modules/@ark-ui/react/dist/components/radio-group/radio-group-item.js
│  (1:0): Module level directives cause errors when bundled, "use client"
│  in
│  "node_modules/.pnpm/@ark-ui+react@5.39.2_react-dom@19.2.1_react@19.2.1__react@19.2.1/node_modules/@ark-ui/react/dist/components/radio-group/radio-group-item.js"
│  was ignored.
│
▲  Vite
│  node_modules/.pnpm/@ark-ui+react@5.39.2_react-dom@19.2.1_react@19.2.1__react@19.2.1/node_modules/@ark-ui/react/dist/components/radio-group/radio-group-item-context.js
│  (1:0): Module level directives cause errors when bundled, "use client"
│  in
│  "node_modules/.pnpm/@ark-ui+react@5.39.2_react-dom@19.2.1_react@19.2.1__react@19.2.1/node_modules/@ark-ui/react/dist/components/radio-group/radio-group-item-context.js"
│  was ignored.
│
▲  Vite
│  node_modules/.pnpm/@ark-ui+react@5.39.2_react-dom@19.2.1_react@19.2.1__react@19.2.1/node_modules/@ark-ui/react/dist/components/radio-group/radio-group-item-control.js
│  (1:0): Module level directives cause errors when bundled, "use client"
│  in
│  "node_modules/.pnpm/@ark-ui+react@5.39.2_react-dom@19.2.1_react@19.2.1__react@19.2.1/node_modules/@ark-ui/react/dist/components/radio-group/radio-group-item-control.js"
│  was ignored.
│
▲  Vite
│  node_modules/.pnpm/@ark-ui+react@5.39.2_react-dom@19.2.1_react@19.2.1__react@19.2.1/node_modules/@ark-ui/react/dist/components/radio-group/radio-group-item-hidden-input.js
│  (1:0): Module level directives cause errors when bundled, "use client"
│  in
│  "node_modules/.pnpm/@ark-ui+react@5.39.2_react-dom@19.2.1_react@19.2.1__react@19.2.1/node_modules/@ark-ui/react/dist/components/radio-group/radio-group-item-hidden-input.js"
│  was ignored.
│
▲  Vite
│  node_modules/.pnpm/@ark-ui+react@5.39.2_react-dom@19.2.1_react@19.2.1__react@19.2.1/node_modules/@ark-ui/react/dist/components/radio-group/radio-group-item-text.js
│  (1:0): Module level directives cause errors when bundled, "use client"
│  in
│  "node_modules/.pnpm/@ark-ui+react@5.39.2_react-dom@19.2.1_react@19.2.1__react@19.2.1/node_modules/@ark-ui/react/dist/components/radio-group/radio-group-item-text.js"
│  was ignored.
│
▲  Vite
│  node_modules/.pnpm/@ark-ui+react@5.39.2_react-dom@19.2.1_react@19.2.1__react@19.2.1/node_modules/@ark-ui/react/dist/components/radio-group/radio-group-indicator.js
│  (1:0): Module level directives cause errors when bundled, "use client"
│  in
│  "node_modules/.pnpm/@ark-ui+react@5.39.2_react-dom@19.2.1_react@19.2.1__react@19.2.1/node_modules/@ark-ui/react/dist/components/radio-group/radio-group-indicator.js"
│  was ignored.
│
▲  Vite
│  node_modules/.pnpm/@ark-ui+react@5.39.2_react-dom@19.2.1_react@19.2.1__react@19.2.1/node_modules/@ark-ui/react/dist/components/radio-group/radio-group-label.js
│  (1:0): Module level directives cause errors when bundled, "use client"
│  in
│  "node_modules/.pnpm/@ark-ui+react@5.39.2_react-dom@19.2.1_react@19.2.1__react@19.2.1/node_modules/@ark-ui/react/dist/components/radio-group/radio-group-label.js"
│  was ignored.
│
▲  Vite
│  node_modules/.pnpm/@ark-ui+react@5.39.2_react-dom@19.2.1_react@19.2.1__react@19.2.1/node_modules/@ark-ui/react/dist/components/radio-group/use-radio-group.js
│  (1:0): Module level directives cause errors when bundled, "use client"
│  in
│  "node_modules/.pnpm/@ark-ui+react@5.39.2_react-dom@19.2.1_react@19.2.1__react@19.2.1/node_modules/@ark-ui/react/dist/components/radio-group/use-radio-group.js"
│  was ignored.
│
▲  Vite
│  node_modules/.pnpm/@ark-ui+react@5.39.2_react-dom@19.2.1_react@19.2.1__react@19.2.1/node_modules/@ark-ui/react/dist/components/radio-group/radio-group-root.js
│  (1:0): Module level directives cause errors when bundled, "use client"
│  in
│  "node_modules/.pnpm/@ark-ui+react@5.39.2_react-dom@19.2.1_react@19.2.1__react@19.2.1/node_modules/@ark-ui/react/dist/components/radio-group/radio-group-root.js"
│  was ignored.
│
▲  Vite
│  node_modules/.pnpm/@ark-ui+react@5.39.2_react-dom@19.2.1_react@19.2.1__react@19.2.1/node_modules/@ark-ui/react/dist/components/radio-group/radio-group-root-provider.js
│  (1:0): Module level directives cause errors when bundled, "use client"
│  in
│  "node_modules/.pnpm/@ark-ui+react@5.39.2_react-dom@19.2.1_react@19.2.1__react@19.2.1/node_modules/@ark-ui/react/dist/components/radio-group/radio-group-root-provider.js"
│  was ignored.
│
▲  Vite
│  node_modules/.pnpm/@ark-ui+react@5.39.2_react-dom@19.2.1_react@19.2.1__react@19.2.1/node_modules/@ark-ui/react/dist/components/rating-group/use-rating-group-context.js
│  (1:0): Module level directives cause errors when bundled, "use client"
│  in
│  "node_modules/.pnpm/@ark-ui+react@5.39.2_react-dom@19.2.1_react@19.2.1__react@19.2.1/node_modules/@ark-ui/react/dist/components/rating-group/use-rating-group-context.js"
│  was ignored.
│
▲  Vite
│  node_modules/.pnpm/@ark-ui+react@5.39.2_react-dom@19.2.1_react@19.2.1__react@19.2.1/node_modules/@ark-ui/react/dist/components/rating-group/rating-group-context.js
│  (1:0): Module level directives cause errors when bundled, "use client"
│  in
│  "node_modules/.pnpm/@ark-ui+react@5.39.2_react-dom@19.2.1_react@19.2.1__react@19.2.1/node_modules/@ark-ui/react/dist/components/rating-group/rating-group-context.js"
│  was ignored.
│
▲  Vite
│  node_modules/.pnpm/@ark-ui+react@5.39.2_react-dom@19.2.1_react@19.2.1__react@19.2.1/node_modules/@ark-ui/react/dist/components/rating-group/rating-group-control.js
│  (1:0): Module level directives cause errors when bundled, "use client"
│  in
│  "node_modules/.pnpm/@ark-ui+react@5.39.2_react-dom@19.2.1_react@19.2.1__react@19.2.1/node_modules/@ark-ui/react/dist/components/rating-group/rating-group-control.js"
│  was ignored.
│
▲  Vite
│  node_modules/.pnpm/@ark-ui+react@5.39.2_react-dom@19.2.1_react@19.2.1__react@19.2.1/node_modules/@ark-ui/react/dist/components/rating-group/rating-group-hidden-input.js
│  (1:0): Module level directives cause errors when bundled, "use client"
│  in
│  "node_modules/.pnpm/@ark-ui+react@5.39.2_react-dom@19.2.1_react@19.2.1__react@19.2.1/node_modules/@ark-ui/react/dist/components/rating-group/rating-group-hidden-input.js"
│  was ignored.
│
▲  Vite
│  node_modules/.pnpm/@ark-ui+react@5.39.2_react-dom@19.2.1_react@19.2.1__react@19.2.1/node_modules/@ark-ui/react/dist/components/rating-group/use-rating-group-item-context.js
│  (1:0): Module level directives cause errors when bundled, "use client"
│  in
│  "node_modules/.pnpm/@ark-ui+react@5.39.2_react-dom@19.2.1_react@19.2.1__react@19.2.1/node_modules/@ark-ui/react/dist/components/rating-group/use-rating-group-item-context.js"
│  was ignored.
│
▲  Vite
│  node_modules/.pnpm/@ark-ui+react@5.39.2_react-dom@19.2.1_react@19.2.1__react@19.2.1/node_modules/@ark-ui/react/dist/components/rating-group/rating-group-item.js
│  (1:0): Module level directives cause errors when bundled, "use client"
│  in
│  "node_modules/.pnpm/@ark-ui+react@5.39.2_react-dom@19.2.1_react@19.2.1__react@19.2.1/node_modules/@ark-ui/react/dist/components/rating-group/rating-group-item.js"
│  was ignored.
│
▲  Vite
│  node_modules/.pnpm/@ark-ui+react@5.39.2_react-dom@19.2.1_react@19.2.1__react@19.2.1/node_modules/@ark-ui/react/dist/components/rating-group/rating-group-item-context.js
│  (1:0): Module level directives cause errors when bundled, "use client"
│  in
│  "node_modules/.pnpm/@ark-ui+react@5.39.2_react-dom@19.2.1_react@19.2.1__react@19.2.1/node_modules/@ark-ui/react/dist/components/rating-group/rating-group-item-context.js"
│  was ignored.
│
▲  Vite
│  node_modules/.pnpm/@ark-ui+react@5.39.2_react-dom@19.2.1_react@19.2.1__react@19.2.1/node_modules/@ark-ui/react/dist/components/rating-group/rating-group-label.js
│  (1:0): Module level directives cause errors when bundled, "use client"
│  in
│  "node_modules/.pnpm/@ark-ui+react@5.39.2_react-dom@19.2.1_react@19.2.1__react@19.2.1/node_modules/@ark-ui/react/dist/components/rating-group/rating-group-label.js"
│  was ignored.
│
▲  Vite
│  node_modules/.pnpm/@ark-ui+react@5.39.2_react-dom@19.2.1_react@19.2.1__react@19.2.1/node_modules/@ark-ui/react/dist/components/rating-group/use-rating-group.js
│  (1:0): Module level directives cause errors when bundled, "use client"
│  in
│  "node_modules/.pnpm/@ark-ui+react@5.39.2_react-dom@19.2.1_react@19.2.1__react@19.2.1/node_modules/@ark-ui/react/dist/components/rating-group/use-rating-group.js"
│  was ignored.
│
▲  Vite
│  node_modules/.pnpm/@ark-ui+react@5.39.2_react-dom@19.2.1_react@19.2.1__react@19.2.1/node_modules/@ark-ui/react/dist/components/rating-group/rating-group-root.js
│  (1:0): Module level directives cause errors when bundled, "use client"
│  in
│  "node_modules/.pnpm/@ark-ui+react@5.39.2_react-dom@19.2.1_react@19.2.1__react@19.2.1/node_modules/@ark-ui/react/dist/components/rating-group/rating-group-root.js"
│  was ignored.
│
▲  Vite
│  node_modules/.pnpm/@ark-ui+react@5.39.2_react-dom@19.2.1_react@19.2.1__react@19.2.1/node_modules/@ark-ui/react/dist/components/rating-group/rating-group-root-provider.js
│  (1:0): Module level directives cause errors when bundled, "use client"
│  in
│  "node_modules/.pnpm/@ark-ui+react@5.39.2_react-dom@19.2.1_react@19.2.1__react@19.2.1/node_modules/@ark-ui/react/dist/components/rating-group/rating-group-root-provider.js"
│  was ignored.
│
▲  Vite
│  node_modules/.pnpm/@ark-ui+react@5.39.2_react-dom@19.2.1_react@19.2.1__react@19.2.1/node_modules/@ark-ui/react/dist/components/scroll-area/use-scroll-area-context.js
│  (1:0): Module level directives cause errors when bundled, "use client"
│  in
│  "node_modules/.pnpm/@ark-ui+react@5.39.2_react-dom@19.2.1_react@19.2.1__react@19.2.1/node_modules/@ark-ui/react/dist/components/scroll-area/use-scroll-area-context.js"
│  was ignored.
│
▲  Vite
│  node_modules/.pnpm/@ark-ui+react@5.39.2_react-dom@19.2.1_react@19.2.1__react@19.2.1/node_modules/@ark-ui/react/dist/components/scroll-area/scroll-area-context.js
│  (1:0): Module level directives cause errors when bundled, "use client"
│  in
│  "node_modules/.pnpm/@ark-ui+react@5.39.2_react-dom@19.2.1_react@19.2.1__react@19.2.1/node_modules/@ark-ui/react/dist/components/scroll-area/scroll-area-context.js"
│  was ignored.
│
▲  Vite
│  node_modules/.pnpm/@ark-ui+react@5.39.2_react-dom@19.2.1_react@19.2.1__react@19.2.1/node_modules/@ark-ui/react/dist/components/scroll-area/scroll-area-content.js
│  (1:0): Module level directives cause errors when bundled, "use client"
│  in
│  "node_modules/.pnpm/@ark-ui+react@5.39.2_react-dom@19.2.1_react@19.2.1__react@19.2.1/node_modules/@ark-ui/react/dist/components/scroll-area/scroll-area-content.js"
│  was ignored.
│
▲  Vite
│  node_modules/.pnpm/@ark-ui+react@5.39.2_react-dom@19.2.1_react@19.2.1__react@19.2.1/node_modules/@ark-ui/react/dist/components/scroll-area/scroll-area-corner.js
│  (1:0): Module level directives cause errors when bundled, "use client"
│  in
│  "node_modules/.pnpm/@ark-ui+react@5.39.2_react-dom@19.2.1_react@19.2.1__react@19.2.1/node_modules/@ark-ui/react/dist/components/scroll-area/scroll-area-corner.js"
│  was ignored.
│
▲  Vite
│  node_modules/.pnpm/@ark-ui+react@5.39.2_react-dom@19.2.1_react@19.2.1__react@19.2.1/node_modules/@ark-ui/react/dist/components/scroll-area/scroll-area-root.js
│  (1:0): Module level directives cause errors when bundled, "use client"
│  in
│  "node_modules/.pnpm/@ark-ui+react@5.39.2_react-dom@19.2.1_react@19.2.1__react@19.2.1/node_modules/@ark-ui/react/dist/components/scroll-area/scroll-area-root.js"
│  was ignored.
│
▲  Vite
│  node_modules/.pnpm/@ark-ui+react@5.39.2_react-dom@19.2.1_react@19.2.1__react@19.2.1/node_modules/@ark-ui/react/dist/components/scroll-area/scroll-area-root-provider.js
│  (1:0): Module level directives cause errors when bundled, "use client"
│  in
│  "node_modules/.pnpm/@ark-ui+react@5.39.2_react-dom@19.2.1_react@19.2.1__react@19.2.1/node_modules/@ark-ui/react/dist/components/scroll-area/scroll-area-root-provider.js"
│  was ignored.
│
▲  Vite
│  node_modules/.pnpm/@ark-ui+react@5.39.2_react-dom@19.2.1_react@19.2.1__react@19.2.1/node_modules/@ark-ui/react/dist/components/scroll-area/scroll-area-scrollbar.js
│  (1:0): Module level directives cause errors when bundled, "use client"
│  in
│  "node_modules/.pnpm/@ark-ui+react@5.39.2_react-dom@19.2.1_react@19.2.1__react@19.2.1/node_modules/@ark-ui/react/dist/components/scroll-area/scroll-area-scrollbar.js"
│  was ignored.
│
▲  Vite
│  node_modules/.pnpm/@ark-ui+react@5.39.2_react-dom@19.2.1_react@19.2.1__react@19.2.1/node_modules/@ark-ui/react/dist/components/scroll-area/scroll-area-thumb.js
│  (1:0): Module level directives cause errors when bundled, "use client"
│  in
│  "node_modules/.pnpm/@ark-ui+react@5.39.2_react-dom@19.2.1_react@19.2.1__react@19.2.1/node_modules/@ark-ui/react/dist/components/scroll-area/scroll-area-thumb.js"
│  was ignored.
│
▲  Vite
│  node_modules/.pnpm/@ark-ui+react@5.39.2_react-dom@19.2.1_react@19.2.1__react@19.2.1/node_modules/@ark-ui/react/dist/components/scroll-area/scroll-area-viewport.js
│  (1:0): Module level directives cause errors when bundled, "use client"
│  in
│  "node_modules/.pnpm/@ark-ui+react@5.39.2_react-dom@19.2.1_react@19.2.1__react@19.2.1/node_modules/@ark-ui/react/dist/components/scroll-area/scroll-area-viewport.js"
│  was ignored.
│
▲  Vite
│  node_modules/.pnpm/@ark-ui+react@5.39.2_react-dom@19.2.1_react@19.2.1__react@19.2.1/node_modules/@ark-ui/react/dist/components/segment-group/use-segment-group-context.js
│  (1:0): Module level directives cause errors when bundled, "use client"
│  in
│  "node_modules/.pnpm/@ark-ui+react@5.39.2_react-dom@19.2.1_react@19.2.1__react@19.2.1/node_modules/@ark-ui/react/dist/components/segment-group/use-segment-group-context.js"
│  was ignored.
│
▲  Vite
│  node_modules/.pnpm/@ark-ui+react@5.39.2_react-dom@19.2.1_react@19.2.1__react@19.2.1/node_modules/@ark-ui/react/dist/components/segment-group/segment-group-context.js
│  (1:0): Module level directives cause errors when bundled, "use client"
│  in
│  "node_modules/.pnpm/@ark-ui+react@5.39.2_react-dom@19.2.1_react@19.2.1__react@19.2.1/node_modules/@ark-ui/react/dist/components/segment-group/segment-group-context.js"
│  was ignored.
│
▲  Vite
│  node_modules/.pnpm/@ark-ui+react@5.39.2_react-dom@19.2.1_react@19.2.1__react@19.2.1/node_modules/@ark-ui/react/dist/components/segment-group/segment-group-indicator.js
│  (1:0): Module level directives cause errors when bundled, "use client"
│  in
│  "node_modules/.pnpm/@ark-ui+react@5.39.2_react-dom@19.2.1_react@19.2.1__react@19.2.1/node_modules/@ark-ui/react/dist/components/segment-group/segment-group-indicator.js"
│  was ignored.
│
▲  Vite
│  node_modules/.pnpm/@ark-ui+react@5.39.2_react-dom@19.2.1_react@19.2.1__react@19.2.1/node_modules/@ark-ui/react/dist/components/segment-group/use-segment-group-item-context.js
│  (1:0): Module level directives cause errors when bundled, "use client"
│  in
│  "node_modules/.pnpm/@ark-ui+react@5.39.2_react-dom@19.2.1_react@19.2.1__react@19.2.1/node_modules/@ark-ui/react/dist/components/segment-group/use-segment-group-item-context.js"
│  was ignored.
│
▲  Vite
│  node_modules/.pnpm/@ark-ui+react@5.39.2_react-dom@19.2.1_react@19.2.1__react@19.2.1/node_modules/@ark-ui/react/dist/components/segment-group/segment-group-item.js
│  (1:0): Module level directives cause errors when bundled, "use client"
│  in
│  "node_modules/.pnpm/@ark-ui+react@5.39.2_react-dom@19.2.1_react@19.2.1__react@19.2.1/node_modules/@ark-ui/react/dist/components/segment-group/segment-group-item.js"
│  was ignored.
│
▲  Vite
│  node_modules/.pnpm/@ark-ui+react@5.39.2_react-dom@19.2.1_react@19.2.1__react@19.2.1/node_modules/@ark-ui/react/dist/components/segment-group/segment-group-item-context.js
│  (1:0): Module level directives cause errors when bundled, "use client"
│  in
│  "node_modules/.pnpm/@ark-ui+react@5.39.2_react-dom@19.2.1_react@19.2.1__react@19.2.1/node_modules/@ark-ui/react/dist/components/segment-group/segment-group-item-context.js"
│  was ignored.
│
▲  Vite
│  node_modules/.pnpm/@ark-ui+react@5.39.2_react-dom@19.2.1_react@19.2.1__react@19.2.1/node_modules/@ark-ui/react/dist/components/segment-group/segment-group-item-control.js
│  (1:0): Module level directives cause errors when bundled, "use client"
│  in
│  "node_modules/.pnpm/@ark-ui+react@5.39.2_react-dom@19.2.1_react@19.2.1__react@19.2.1/node_modules/@ark-ui/react/dist/components/segment-group/segment-group-item-control.js"
│  was ignored.
│
▲  Vite
│  node_modules/.pnpm/@ark-ui+react@5.39.2_react-dom@19.2.1_react@19.2.1__react@19.2.1/node_modules/@ark-ui/react/dist/components/segment-group/segment-group-item-hidden-input.js
│  (1:0): Module level directives cause errors when bundled, "use client"
│  in
│  "node_modules/.pnpm/@ark-ui+react@5.39.2_react-dom@19.2.1_react@19.2.1__react@19.2.1/node_modules/@ark-ui/react/dist/components/segment-group/segment-group-item-hidden-input.js"
│  was ignored.
│
▲  Vite
│  node_modules/.pnpm/@ark-ui+react@5.39.2_react-dom@19.2.1_react@19.2.1__react@19.2.1/node_modules/@ark-ui/react/dist/components/scroll-area/use-scroll-area.js
│  (1:0): Module level directives cause errors when bundled, "use client"
│  in
│  "node_modules/.pnpm/@ark-ui+react@5.39.2_react-dom@19.2.1_react@19.2.1__react@19.2.1/node_modules/@ark-ui/react/dist/components/scroll-area/use-scroll-area.js"
│  was ignored.
│
▲  Vite
│  node_modules/.pnpm/@ark-ui+react@5.39.2_react-dom@19.2.1_react@19.2.1__react@19.2.1/node_modules/@ark-ui/react/dist/components/segment-group/segment-group-item-text.js
│  (1:0): Module level directives cause errors when bundled, "use client"
│  in
│  "node_modules/.pnpm/@ark-ui+react@5.39.2_react-dom@19.2.1_react@19.2.1__react@19.2.1/node_modules/@ark-ui/react/dist/components/segment-group/segment-group-item-text.js"
│  was ignored.
│
▲  Vite
│  node_modules/.pnpm/@ark-ui+react@5.39.2_react-dom@19.2.1_react@19.2.1__react@19.2.1/node_modules/@ark-ui/react/dist/components/segment-group/segment-group-label.js
│  (1:0): Module level directives cause errors when bundled, "use client"
│  in
│  "node_modules/.pnpm/@ark-ui+react@5.39.2_react-dom@19.2.1_react@19.2.1__react@19.2.1/node_modules/@ark-ui/react/dist/components/segment-group/segment-group-label.js"
│  was ignored.
│
▲  Vite
│  node_modules/.pnpm/@ark-ui+react@5.39.2_react-dom@19.2.1_react@19.2.1__react@19.2.1/node_modules/@ark-ui/react/dist/components/segment-group/use-segment-group.js
│  (1:0): Module level directives cause errors when bundled, "use client"
│  in
│  "node_modules/.pnpm/@ark-ui+react@5.39.2_react-dom@19.2.1_react@19.2.1__react@19.2.1/node_modules/@ark-ui/react/dist/components/segment-group/use-segment-group.js"
│  was ignored.
│
▲  Vite
│  node_modules/.pnpm/@ark-ui+react@5.39.2_react-dom@19.2.1_react@19.2.1__react@19.2.1/node_modules/@ark-ui/react/dist/components/segment-group/segment-group-root.js
│  (1:0): Module level directives cause errors when bundled, "use client"
│  in
│  "node_modules/.pnpm/@ark-ui+react@5.39.2_react-dom@19.2.1_react@19.2.1__react@19.2.1/node_modules/@ark-ui/react/dist/components/segment-group/segment-group-root.js"
│  was ignored.
│
▲  Vite
│  node_modules/.pnpm/@ark-ui+react@5.39.2_react-dom@19.2.1_react@19.2.1__react@19.2.1/node_modules/@ark-ui/react/dist/components/segment-group/segment-group-root-provider.js
│  (1:0): Module level directives cause errors when bundled, "use client"
│  in
│  "node_modules/.pnpm/@ark-ui+react@5.39.2_react-dom@19.2.1_react@19.2.1__react@19.2.1/node_modules/@ark-ui/react/dist/components/segment-group/segment-group-root-provider.js"
│  was ignored.
│
▲  Vite
│  node_modules/.pnpm/@ark-ui+react@5.39.2_react-dom@19.2.1_react@19.2.1__react@19.2.1/node_modules/@ark-ui/react/dist/components/select/use-select-context.js
│  (1:0): Module level directives cause errors when bundled, "use client"
│  in
│  "node_modules/.pnpm/@ark-ui+react@5.39.2_react-dom@19.2.1_react@19.2.1__react@19.2.1/node_modules/@ark-ui/react/dist/components/select/use-select-context.js"
│  was ignored.
│
▲  Vite
│  node_modules/.pnpm/@ark-ui+react@5.39.2_react-dom@19.2.1_react@19.2.1__react@19.2.1/node_modules/@ark-ui/react/dist/components/select/select-clear-trigger.js
│  (1:0): Module level directives cause errors when bundled, "use client"
│  in
│  "node_modules/.pnpm/@ark-ui+react@5.39.2_react-dom@19.2.1_react@19.2.1__react@19.2.1/node_modules/@ark-ui/react/dist/components/select/select-clear-trigger.js"
│  was ignored.
│
▲  Vite
│  node_modules/.pnpm/@ark-ui+react@5.39.2_react-dom@19.2.1_react@19.2.1__react@19.2.1/node_modules/@ark-ui/react/dist/components/select/select-content.js
│  (1:0): Module level directives cause errors when bundled, "use client"
│  in
│  "node_modules/.pnpm/@ark-ui+react@5.39.2_react-dom@19.2.1_react@19.2.1__react@19.2.1/node_modules/@ark-ui/react/dist/components/select/select-content.js"
│  was ignored.
│
▲  Vite
│  node_modules/.pnpm/@ark-ui+react@5.39.2_react-dom@19.2.1_react@19.2.1__react@19.2.1/node_modules/@ark-ui/react/dist/components/select/select-context.js
│  (1:0): Module level directives cause errors when bundled, "use client"
│  in
│  "node_modules/.pnpm/@ark-ui+react@5.39.2_react-dom@19.2.1_react@19.2.1__react@19.2.1/node_modules/@ark-ui/react/dist/components/select/select-context.js"
│  was ignored.
│
▲  Vite
│  node_modules/.pnpm/@ark-ui+react@5.39.2_react-dom@19.2.1_react@19.2.1__react@19.2.1/node_modules/@ark-ui/react/dist/components/select/select-control.js
│  (1:0): Module level directives cause errors when bundled, "use client"
│  in
│  "node_modules/.pnpm/@ark-ui+react@5.39.2_react-dom@19.2.1_react@19.2.1__react@19.2.1/node_modules/@ark-ui/react/dist/components/select/select-control.js"
│  was ignored.
│
▲  Vite
│  node_modules/.pnpm/@ark-ui+react@5.39.2_react-dom@19.2.1_react@19.2.1__react@19.2.1/node_modules/@ark-ui/react/dist/components/select/select-hidden-select.js
│  (1:0): Module level directives cause errors when bundled, "use client"
│  in
│  "node_modules/.pnpm/@ark-ui+react@5.39.2_react-dom@19.2.1_react@19.2.1__react@19.2.1/node_modules/@ark-ui/react/dist/components/select/select-hidden-select.js"
│  was ignored.
│
▲  Vite
│  node_modules/.pnpm/@ark-ui+react@5.39.2_react-dom@19.2.1_react@19.2.1__react@19.2.1/node_modules/@ark-ui/react/dist/components/select/select-indicator.js
│  (1:0): Module level directives cause errors when bundled, "use client"
│  in
│  "node_modules/.pnpm/@ark-ui+react@5.39.2_react-dom@19.2.1_react@19.2.1__react@19.2.1/node_modules/@ark-ui/react/dist/components/select/select-indicator.js"
│  was ignored.
│
▲  Vite
│  node_modules/.pnpm/@ark-ui+react@5.39.2_react-dom@19.2.1_react@19.2.1__react@19.2.1/node_modules/@ark-ui/react/dist/components/select/use-select-item-context.js
│  (1:0): Module level directives cause errors when bundled, "use client"
│  in
│  "node_modules/.pnpm/@ark-ui+react@5.39.2_react-dom@19.2.1_react@19.2.1__react@19.2.1/node_modules/@ark-ui/react/dist/components/select/use-select-item-context.js"
│  was ignored.
│
▲  Vite
│  node_modules/.pnpm/@ark-ui+react@5.39.2_react-dom@19.2.1_react@19.2.1__react@19.2.1/node_modules/@ark-ui/react/dist/components/select/select-item.js
│  (1:0): Module level directives cause errors when bundled, "use client"
│  in
│  "node_modules/.pnpm/@ark-ui+react@5.39.2_react-dom@19.2.1_react@19.2.1__react@19.2.1/node_modules/@ark-ui/react/dist/components/select/select-item.js"
│  was ignored.
│
▲  Vite
│  node_modules/.pnpm/@ark-ui+react@5.39.2_react-dom@19.2.1_react@19.2.1__react@19.2.1/node_modules/@ark-ui/react/dist/components/select/select-item-context.js
│  (1:0): Module level directives cause errors when bundled, "use client"
│  in
│  "node_modules/.pnpm/@ark-ui+react@5.39.2_react-dom@19.2.1_react@19.2.1__react@19.2.1/node_modules/@ark-ui/react/dist/components/select/select-item-context.js"
│  was ignored.
│
▲  Vite
│  node_modules/.pnpm/@ark-ui+react@5.39.2_react-dom@19.2.1_react@19.2.1__react@19.2.1/node_modules/@ark-ui/react/dist/components/select/select-item-group.js
│  (1:0): Module level directives cause errors when bundled, "use client"
│  in
│  "node_modules/.pnpm/@ark-ui+react@5.39.2_react-dom@19.2.1_react@19.2.1__react@19.2.1/node_modules/@ark-ui/react/dist/components/select/select-item-group.js"
│  was ignored.
│
▲  Vite
│  node_modules/.pnpm/@ark-ui+react@5.39.2_react-dom@19.2.1_react@19.2.1__react@19.2.1/node_modules/@ark-ui/react/dist/components/select/select-item-group-label.js
│  (1:0): Module level directives cause errors when bundled, "use client"
│  in
│  "node_modules/.pnpm/@ark-ui+react@5.39.2_react-dom@19.2.1_react@19.2.1__react@19.2.1/node_modules/@ark-ui/react/dist/components/select/select-item-group-label.js"
│  was ignored.
│
▲  Vite
│  node_modules/.pnpm/@ark-ui+react@5.39.2_react-dom@19.2.1_react@19.2.1__react@19.2.1/node_modules/@ark-ui/react/dist/components/select/select-item-indicator.js
│  (1:0): Module level directives cause errors when bundled, "use client"
│  in
│  "node_modules/.pnpm/@ark-ui+react@5.39.2_react-dom@19.2.1_react@19.2.1__react@19.2.1/node_modules/@ark-ui/react/dist/components/select/select-item-indicator.js"
│  was ignored.
│
▲  Vite
│  node_modules/.pnpm/@ark-ui+react@5.39.2_react-dom@19.2.1_react@19.2.1__react@19.2.1/node_modules/@ark-ui/react/dist/components/select/select-item-text.js
│  (1:0): Module level directives cause errors when bundled, "use client"
│  in
│  "node_modules/.pnpm/@ark-ui+react@5.39.2_react-dom@19.2.1_react@19.2.1__react@19.2.1/node_modules/@ark-ui/react/dist/components/select/select-item-text.js"
│  was ignored.
│
▲  Vite
│  node_modules/.pnpm/@ark-ui+react@5.39.2_react-dom@19.2.1_react@19.2.1__react@19.2.1/node_modules/@ark-ui/react/dist/components/select/select-label.js
│  (1:0): Module level directives cause errors when bundled, "use client"
│  in
│  "node_modules/.pnpm/@ark-ui+react@5.39.2_react-dom@19.2.1_react@19.2.1__react@19.2.1/node_modules/@ark-ui/react/dist/components/select/select-label.js"
│  was ignored.
│
▲  Vite
│  node_modules/.pnpm/@ark-ui+react@5.39.2_react-dom@19.2.1_react@19.2.1__react@19.2.1/node_modules/@ark-ui/react/dist/components/select/select-list.js
│  (1:0): Module level directives cause errors when bundled, "use client"
│  in
│  "node_modules/.pnpm/@ark-ui+react@5.39.2_react-dom@19.2.1_react@19.2.1__react@19.2.1/node_modules/@ark-ui/react/dist/components/select/select-list.js"
│  was ignored.
│
▲  Vite
│  node_modules/.pnpm/@ark-ui+react@5.39.2_react-dom@19.2.1_react@19.2.1__react@19.2.1/node_modules/@ark-ui/react/dist/components/select/select-positioner.js
│  (1:0): Module level directives cause errors when bundled, "use client"
│  in
│  "node_modules/.pnpm/@ark-ui+react@5.39.2_react-dom@19.2.1_react@19.2.1__react@19.2.1/node_modules/@ark-ui/react/dist/components/select/select-positioner.js"
│  was ignored.
│
▲  Vite
│  node_modules/.pnpm/@ark-ui+react@5.39.2_react-dom@19.2.1_react@19.2.1__react@19.2.1/node_modules/@ark-ui/react/dist/components/select/use-select.js
│  (1:0): Module level directives cause errors when bundled, "use client"
│  in
│  "node_modules/.pnpm/@ark-ui+react@5.39.2_react-dom@19.2.1_react@19.2.1__react@19.2.1/node_modules/@ark-ui/react/dist/components/select/use-select.js"
│  was ignored.
│
▲  Vite
│  node_modules/.pnpm/@ark-ui+react@5.39.2_react-dom@19.2.1_react@19.2.1__react@19.2.1/node_modules/@ark-ui/react/dist/components/select/select-root.js
│  (1:0): Module level directives cause errors when bundled, "use client"
│  in
│  "node_modules/.pnpm/@ark-ui+react@5.39.2_react-dom@19.2.1_react@19.2.1__react@19.2.1/node_modules/@ark-ui/react/dist/components/select/select-root.js"
│  was ignored.
│
▲  Vite
│  node_modules/.pnpm/@ark-ui+react@5.39.2_react-dom@19.2.1_react@19.2.1__react@19.2.1/node_modules/@ark-ui/react/dist/components/select/select-root-provider.js
│  (1:0): Module level directives cause errors when bundled, "use client"
│  in
│  "node_modules/.pnpm/@ark-ui+react@5.39.2_react-dom@19.2.1_react@19.2.1__react@19.2.1/node_modules/@ark-ui/react/dist/components/select/select-root-provider.js"
│  was ignored.
│
▲  Vite
│  node_modules/.pnpm/@ark-ui+react@5.39.2_react-dom@19.2.1_react@19.2.1__react@19.2.1/node_modules/@ark-ui/react/dist/components/select/select-trigger.js
│  (1:0): Module level directives cause errors when bundled, "use client"
│  in
│  "node_modules/.pnpm/@ark-ui+react@5.39.2_react-dom@19.2.1_react@19.2.1__react@19.2.1/node_modules/@ark-ui/react/dist/components/select/select-trigger.js"
│  was ignored.
│
▲  Vite
│  node_modules/.pnpm/@ark-ui+react@5.39.2_react-dom@19.2.1_react@19.2.1__react@19.2.1/node_modules/@ark-ui/react/dist/components/select/select-value-text.js
│  (1:0): Module level directives cause errors when bundled, "use client"
│  in
│  "node_modules/.pnpm/@ark-ui+react@5.39.2_react-dom@19.2.1_react@19.2.1__react@19.2.1/node_modules/@ark-ui/react/dist/components/select/select-value-text.js"
│  was ignored.
│
▲  Vite
│  node_modules/.pnpm/@ark-ui+react@5.39.2_react-dom@19.2.1_react@19.2.1__react@19.2.1/node_modules/@ark-ui/react/dist/components/signature-pad/use-signature-pad-context.js
│  (1:0): Module level directives cause errors when bundled, "use client"
│  in
│  "node_modules/.pnpm/@ark-ui+react@5.39.2_react-dom@19.2.1_react@19.2.1__react@19.2.1/node_modules/@ark-ui/react/dist/components/signature-pad/use-signature-pad-context.js"
│  was ignored.
│
▲  Vite
│  node_modules/.pnpm/@ark-ui+react@5.39.2_react-dom@19.2.1_react@19.2.1__react@19.2.1/node_modules/@ark-ui/react/dist/components/signature-pad/signature-pad-context.js
│  (1:0): Module level directives cause errors when bundled, "use client"
│  in
│  "node_modules/.pnpm/@ark-ui+react@5.39.2_react-dom@19.2.1_react@19.2.1__react@19.2.1/node_modules/@ark-ui/react/dist/components/signature-pad/signature-pad-context.js"
│  was ignored.
│
▲  Vite
│  node_modules/.pnpm/@ark-ui+react@5.39.2_react-dom@19.2.1_react@19.2.1__react@19.2.1/node_modules/@ark-ui/react/dist/components/signature-pad/signature-pad-control.js
│  (1:0): Module level directives cause errors when bundled, "use client"
│  in
│  "node_modules/.pnpm/@ark-ui+react@5.39.2_react-dom@19.2.1_react@19.2.1__react@19.2.1/node_modules/@ark-ui/react/dist/components/signature-pad/signature-pad-control.js"
│  was ignored.
│
▲  Vite
│  node_modules/.pnpm/@ark-ui+react@5.39.2_react-dom@19.2.1_react@19.2.1__react@19.2.1/node_modules/@ark-ui/react/dist/components/signature-pad/signature-pad-guide.js
│  (1:0): Module level directives cause errors when bundled, "use client"
│  in
│  "node_modules/.pnpm/@ark-ui+react@5.39.2_react-dom@19.2.1_react@19.2.1__react@19.2.1/node_modules/@ark-ui/react/dist/components/signature-pad/signature-pad-guide.js"
│  was ignored.
│
▲  Vite
│  node_modules/.pnpm/@ark-ui+react@5.39.2_react-dom@19.2.1_react@19.2.1__react@19.2.1/node_modules/@ark-ui/react/dist/components/signature-pad/signature-pad-hidden-input.js
│  (1:0): Module level directives cause errors when bundled, "use client"
│  in
│  "node_modules/.pnpm/@ark-ui+react@5.39.2_react-dom@19.2.1_react@19.2.1__react@19.2.1/node_modules/@ark-ui/react/dist/components/signature-pad/signature-pad-hidden-input.js"
│  was ignored.
│
▲  Vite
│  node_modules/.pnpm/@ark-ui+react@5.39.2_react-dom@19.2.1_react@19.2.1__react@19.2.1/node_modules/@ark-ui/react/dist/components/signature-pad/signature-pad-label.js
│  (1:0): Module level directives cause errors when bundled, "use client"
│  in
│  "node_modules/.pnpm/@ark-ui+react@5.39.2_react-dom@19.2.1_react@19.2.1__react@19.2.1/node_modules/@ark-ui/react/dist/components/signature-pad/signature-pad-label.js"
│  was ignored.
│
▲  Vite
│  node_modules/.pnpm/@ark-ui+react@5.39.2_react-dom@19.2.1_react@19.2.1__react@19.2.1/node_modules/@ark-ui/react/dist/components/signature-pad/use-signature-pad.js
│  (1:0): Module level directives cause errors when bundled, "use client"
│  in
│  "node_modules/.pnpm/@ark-ui+react@5.39.2_react-dom@19.2.1_react@19.2.1__react@19.2.1/node_modules/@ark-ui/react/dist/components/signature-pad/use-signature-pad.js"
│  was ignored.
│
▲  Vite
│  node_modules/.pnpm/@ark-ui+react@5.39.2_react-dom@19.2.1_react@19.2.1__react@19.2.1/node_modules/@ark-ui/react/dist/components/signature-pad/signature-pad-root.js
│  (1:0): Module level directives cause errors when bundled, "use client"
│  in
│  "node_modules/.pnpm/@ark-ui+react@5.39.2_react-dom@19.2.1_react@19.2.1__react@19.2.1/node_modules/@ark-ui/react/dist/components/signature-pad/signature-pad-root.js"
│  was ignored.
│
▲  Vite
│  node_modules/.pnpm/@ark-ui+react@5.39.2_react-dom@19.2.1_react@19.2.1__react@19.2.1/node_modules/@ark-ui/react/dist/components/signature-pad/signature-pad-root-provider.js
│  (1:0): Module level directives cause errors when bundled, "use client"
│  in
│  "node_modules/.pnpm/@ark-ui+react@5.39.2_react-dom@19.2.1_react@19.2.1__react@19.2.1/node_modules/@ark-ui/react/dist/components/signature-pad/signature-pad-root-provider.js"
│  was ignored.
│
▲  Vite
│  node_modules/.pnpm/@ark-ui+react@5.39.2_react-dom@19.2.1_react@19.2.1__react@19.2.1/node_modules/@ark-ui/react/dist/components/signature-pad/signature-pad-clear-trigger.js
│  (1:0): Module level directives cause errors when bundled, "use client"
│  in
│  "node_modules/.pnpm/@ark-ui+react@5.39.2_react-dom@19.2.1_react@19.2.1__react@19.2.1/node_modules/@ark-ui/react/dist/components/signature-pad/signature-pad-clear-trigger.js"
│  was ignored.
│
▲  Vite
│  node_modules/.pnpm/@ark-ui+react@5.39.2_react-dom@19.2.1_react@19.2.1__react@19.2.1/node_modules/@ark-ui/react/dist/components/signature-pad/signature-pad-segment.js
│  (1:0): Module level directives cause errors when bundled, "use client"
│  in
│  "node_modules/.pnpm/@ark-ui+react@5.39.2_react-dom@19.2.1_react@19.2.1__react@19.2.1/node_modules/@ark-ui/react/dist/components/signature-pad/signature-pad-segment.js"
│  was ignored.
│
▲  Vite
│  node_modules/.pnpm/@ark-ui+react@5.39.2_react-dom@19.2.1_react@19.2.1__react@19.2.1/node_modules/@ark-ui/react/dist/components/slider/use-slider-context.js
│  (1:0): Module level directives cause errors when bundled, "use client"
│  in
│  "node_modules/.pnpm/@ark-ui+react@5.39.2_react-dom@19.2.1_react@19.2.1__react@19.2.1/node_modules/@ark-ui/react/dist/components/slider/use-slider-context.js"
│  was ignored.
│
▲  Vite
│  node_modules/.pnpm/@ark-ui+react@5.39.2_react-dom@19.2.1_react@19.2.1__react@19.2.1/node_modules/@ark-ui/react/dist/components/slider/slider-context.js
│  (1:0): Module level directives cause errors when bundled, "use client"
│  in
│  "node_modules/.pnpm/@ark-ui+react@5.39.2_react-dom@19.2.1_react@19.2.1__react@19.2.1/node_modules/@ark-ui/react/dist/components/slider/slider-context.js"
│  was ignored.
│
▲  Vite
│  node_modules/.pnpm/@ark-ui+react@5.39.2_react-dom@19.2.1_react@19.2.1__react@19.2.1/node_modules/@ark-ui/react/dist/components/slider/slider-control.js
│  (1:0): Module level directives cause errors when bundled, "use client"
│  in
│  "node_modules/.pnpm/@ark-ui+react@5.39.2_react-dom@19.2.1_react@19.2.1__react@19.2.1/node_modules/@ark-ui/react/dist/components/slider/slider-control.js"
│  was ignored.
│
▲  Vite
│  node_modules/.pnpm/@ark-ui+react@5.39.2_react-dom@19.2.1_react@19.2.1__react@19.2.1/node_modules/@ark-ui/react/dist/components/slider/slider-dragging-indicator.js
│  (1:0): Module level directives cause errors when bundled, "use client"
│  in
│  "node_modules/.pnpm/@ark-ui+react@5.39.2_react-dom@19.2.1_react@19.2.1__react@19.2.1/node_modules/@ark-ui/react/dist/components/slider/slider-dragging-indicator.js"
│  was ignored.
│
▲  Vite
│  node_modules/.pnpm/@ark-ui+react@5.39.2_react-dom@19.2.1_react@19.2.1__react@19.2.1/node_modules/@ark-ui/react/dist/components/slider/slider-hidden-input.js
│  (1:0): Module level directives cause errors when bundled, "use client"
│  in
│  "node_modules/.pnpm/@ark-ui+react@5.39.2_react-dom@19.2.1_react@19.2.1__react@19.2.1/node_modules/@ark-ui/react/dist/components/slider/slider-hidden-input.js"
│  was ignored.
│
▲  Vite
│  node_modules/.pnpm/@ark-ui+react@5.39.2_react-dom@19.2.1_react@19.2.1__react@19.2.1/node_modules/@ark-ui/react/dist/components/slider/slider-label.js
│  (1:0): Module level directives cause errors when bundled, "use client"
│  in
│  "node_modules/.pnpm/@ark-ui+react@5.39.2_react-dom@19.2.1_react@19.2.1__react@19.2.1/node_modules/@ark-ui/react/dist/components/slider/slider-label.js"
│  was ignored.
│
▲  Vite
│  node_modules/.pnpm/@ark-ui+react@5.39.2_react-dom@19.2.1_react@19.2.1__react@19.2.1/node_modules/@ark-ui/react/dist/components/slider/slider-marker.js
│  (1:0): Module level directives cause errors when bundled, "use client"
│  in
│  "node_modules/.pnpm/@ark-ui+react@5.39.2_react-dom@19.2.1_react@19.2.1__react@19.2.1/node_modules/@ark-ui/react/dist/components/slider/slider-marker.js"
│  was ignored.
│
▲  Vite
│  node_modules/.pnpm/@ark-ui+react@5.39.2_react-dom@19.2.1_react@19.2.1__react@19.2.1/node_modules/@ark-ui/react/dist/components/slider/slider-marker-group.js
│  (1:0): Module level directives cause errors when bundled, "use client"
│  in
│  "node_modules/.pnpm/@ark-ui+react@5.39.2_react-dom@19.2.1_react@19.2.1__react@19.2.1/node_modules/@ark-ui/react/dist/components/slider/slider-marker-group.js"
│  was ignored.
│
▲  Vite
│  node_modules/.pnpm/@ark-ui+react@5.39.2_react-dom@19.2.1_react@19.2.1__react@19.2.1/node_modules/@ark-ui/react/dist/components/slider/slider-range.js
│  (1:0): Module level directives cause errors when bundled, "use client"
│  in
│  "node_modules/.pnpm/@ark-ui+react@5.39.2_react-dom@19.2.1_react@19.2.1__react@19.2.1/node_modules/@ark-ui/react/dist/components/slider/slider-range.js"
│  was ignored.
│
▲  Vite
│  node_modules/.pnpm/@ark-ui+react@5.39.2_react-dom@19.2.1_react@19.2.1__react@19.2.1/node_modules/@ark-ui/react/dist/components/slider/slider-root.js
│  (1:0): Module level directives cause errors when bundled, "use client"
│  in
│  "node_modules/.pnpm/@ark-ui+react@5.39.2_react-dom@19.2.1_react@19.2.1__react@19.2.1/node_modules/@ark-ui/react/dist/components/slider/slider-root.js"
│  was ignored.
│
▲  Vite
│  node_modules/.pnpm/@ark-ui+react@5.39.2_react-dom@19.2.1_react@19.2.1__react@19.2.1/node_modules/@ark-ui/react/dist/components/slider/slider-root-provider.js
│  (1:0): Module level directives cause errors when bundled, "use client"
│  in
│  "node_modules/.pnpm/@ark-ui+react@5.39.2_react-dom@19.2.1_react@19.2.1__react@19.2.1/node_modules/@ark-ui/react/dist/components/slider/slider-root-provider.js"
│  was ignored.
│
▲  Vite
│  node_modules/.pnpm/@ark-ui+react@5.39.2_react-dom@19.2.1_react@19.2.1__react@19.2.1/node_modules/@ark-ui/react/dist/components/slider/use-slider.js
│  (1:0): Module level directives cause errors when bundled, "use client"
│  in
│  "node_modules/.pnpm/@ark-ui+react@5.39.2_react-dom@19.2.1_react@19.2.1__react@19.2.1/node_modules/@ark-ui/react/dist/components/slider/use-slider.js"
│  was ignored.
│
▲  Vite
│  node_modules/.pnpm/@ark-ui+react@5.39.2_react-dom@19.2.1_react@19.2.1__react@19.2.1/node_modules/@ark-ui/react/dist/components/slider/slider-thumb.js
│  (1:0): Module level directives cause errors when bundled, "use client"
│  in
│  "node_modules/.pnpm/@ark-ui+react@5.39.2_react-dom@19.2.1_react@19.2.1__react@19.2.1/node_modules/@ark-ui/react/dist/components/slider/slider-thumb.js"
│  was ignored.
│
▲  Vite
│  node_modules/.pnpm/@ark-ui+react@5.39.2_react-dom@19.2.1_react@19.2.1__react@19.2.1/node_modules/@ark-ui/react/dist/components/slider/slider-track.js
│  (1:0): Module level directives cause errors when bundled, "use client"
│  in
│  "node_modules/.pnpm/@ark-ui+react@5.39.2_react-dom@19.2.1_react@19.2.1__react@19.2.1/node_modules/@ark-ui/react/dist/components/slider/slider-track.js"
│  was ignored.
│
▲  Vite
│  node_modules/.pnpm/@ark-ui+react@5.39.2_react-dom@19.2.1_react@19.2.1__react@19.2.1/node_modules/@ark-ui/react/dist/components/slider/slider-value-text.js
│  (1:0): Module level directives cause errors when bundled, "use client"
│  in
│  "node_modules/.pnpm/@ark-ui+react@5.39.2_react-dom@19.2.1_react@19.2.1__react@19.2.1/node_modules/@ark-ui/react/dist/components/slider/slider-value-text.js"
│  was ignored.
│
▲  Vite
│  node_modules/.pnpm/@ark-ui+react@5.39.2_react-dom@19.2.1_react@19.2.1__react@19.2.1/node_modules/@ark-ui/react/dist/components/splitter/create-splitter-registry.js
│  (1:0): Module level directives cause errors when bundled, "use client"
│  in
│  "node_modules/.pnpm/@ark-ui+react@5.39.2_react-dom@19.2.1_react@19.2.1__react@19.2.1/node_modules/@ark-ui/react/dist/components/splitter/create-splitter-registry.js"
│  was ignored.
│
▲  Vite
│  node_modules/.pnpm/@ark-ui+react@5.39.2_react-dom@19.2.1_react@19.2.1__react@19.2.1/node_modules/@ark-ui/react/dist/components/splitter/use-splitter-context.js
│  (1:0): Module level directives cause errors when bundled, "use client"
│  in
│  "node_modules/.pnpm/@ark-ui+react@5.39.2_react-dom@19.2.1_react@19.2.1__react@19.2.1/node_modules/@ark-ui/react/dist/components/splitter/use-splitter-context.js"
│  was ignored.
│
▲  Vite
│  node_modules/.pnpm/@ark-ui+react@5.39.2_react-dom@19.2.1_react@19.2.1__react@19.2.1/node_modules/@ark-ui/react/dist/components/splitter/splitter-context.js
│  (1:0): Module level directives cause errors when bundled, "use client"
│  in
│  "node_modules/.pnpm/@ark-ui+react@5.39.2_react-dom@19.2.1_react@19.2.1__react@19.2.1/node_modules/@ark-ui/react/dist/components/splitter/splitter-context.js"
│  was ignored.
│
▲  Vite
│  node_modules/.pnpm/@ark-ui+react@5.39.2_react-dom@19.2.1_react@19.2.1__react@19.2.1/node_modules/@ark-ui/react/dist/components/splitter/splitter-panel.js
│  (1:0): Module level directives cause errors when bundled, "use client"
│  in
│  "node_modules/.pnpm/@ark-ui+react@5.39.2_react-dom@19.2.1_react@19.2.1__react@19.2.1/node_modules/@ark-ui/react/dist/components/splitter/splitter-panel.js"
│  was ignored.
│
▲  Vite
│  node_modules/.pnpm/@ark-ui+react@5.39.2_react-dom@19.2.1_react@19.2.1__react@19.2.1/node_modules/@ark-ui/react/dist/components/splitter/splitter-resize-trigger-indicator.js
│  (1:0): Module level directives cause errors when bundled, "use client"
│  in
│  "node_modules/.pnpm/@ark-ui+react@5.39.2_react-dom@19.2.1_react@19.2.1__react@19.2.1/node_modules/@ark-ui/react/dist/components/splitter/splitter-resize-trigger-indicator.js"
│  was ignored.
│
▲  Vite
│  node_modules/.pnpm/@ark-ui+react@5.39.2_react-dom@19.2.1_react@19.2.1__react@19.2.1/node_modules/@ark-ui/react/dist/components/splitter/use-splitter.js
│  (1:0): Module level directives cause errors when bundled, "use client"
│  in
│  "node_modules/.pnpm/@ark-ui+react@5.39.2_react-dom@19.2.1_react@19.2.1__react@19.2.1/node_modules/@ark-ui/react/dist/components/splitter/use-splitter.js"
│  was ignored.
│
▲  Vite
│  node_modules/.pnpm/@ark-ui+react@5.39.2_react-dom@19.2.1_react@19.2.1__react@19.2.1/node_modules/@ark-ui/react/dist/components/splitter/splitter-resize-trigger.js
│  (1:0): Module level directives cause errors when bundled, "use client"
│  in
│  "node_modules/.pnpm/@ark-ui+react@5.39.2_react-dom@19.2.1_react@19.2.1__react@19.2.1/node_modules/@ark-ui/react/dist/components/splitter/splitter-resize-trigger.js"
│  was ignored.
│
▲  Vite
│  node_modules/.pnpm/@ark-ui+react@5.39.2_react-dom@19.2.1_react@19.2.1__react@19.2.1/node_modules/@ark-ui/react/dist/components/splitter/splitter-root.js
│  (1:0): Module level directives cause errors when bundled, "use client"
│  in
│  "node_modules/.pnpm/@ark-ui+react@5.39.2_react-dom@19.2.1_react@19.2.1__react@19.2.1/node_modules/@ark-ui/react/dist/components/splitter/splitter-root.js"
│  was ignored.
│
▲  Vite
│  node_modules/.pnpm/@ark-ui+react@5.39.2_react-dom@19.2.1_react@19.2.1__react@19.2.1/node_modules/@ark-ui/react/dist/components/splitter/splitter-root-provider.js
│  (1:0): Module level directives cause errors when bundled, "use client"
│  in
│  "node_modules/.pnpm/@ark-ui+react@5.39.2_react-dom@19.2.1_react@19.2.1__react@19.2.1/node_modules/@ark-ui/react/dist/components/splitter/splitter-root-provider.js"
│  was ignored.
│
▲  Vite
│  node_modules/.pnpm/@ark-ui+react@5.39.2_react-dom@19.2.1_react@19.2.1__react@19.2.1/node_modules/@ark-ui/react/dist/components/steps/use-steps-context.js
│  (1:0): Module level directives cause errors when bundled, "use client"
│  in
│  "node_modules/.pnpm/@ark-ui+react@5.39.2_react-dom@19.2.1_react@19.2.1__react@19.2.1/node_modules/@ark-ui/react/dist/components/steps/use-steps-context.js"
│  was ignored.
│
▲  Vite
│  node_modules/.pnpm/@ark-ui+react@5.39.2_react-dom@19.2.1_react@19.2.1__react@19.2.1/node_modules/@ark-ui/react/dist/components/steps/steps-completed-content.js
│  (1:0): Module level directives cause errors when bundled, "use client"
│  in
│  "node_modules/.pnpm/@ark-ui+react@5.39.2_react-dom@19.2.1_react@19.2.1__react@19.2.1/node_modules/@ark-ui/react/dist/components/steps/steps-completed-content.js"
│  was ignored.
│
▲  Vite
│  node_modules/.pnpm/@ark-ui+react@5.39.2_react-dom@19.2.1_react@19.2.1__react@19.2.1/node_modules/@ark-ui/react/dist/components/steps/steps-content.js
│  (1:0): Module level directives cause errors when bundled, "use client"
│  in
│  "node_modules/.pnpm/@ark-ui+react@5.39.2_react-dom@19.2.1_react@19.2.1__react@19.2.1/node_modules/@ark-ui/react/dist/components/steps/steps-content.js"
│  was ignored.
│
▲  Vite
│  node_modules/.pnpm/@ark-ui+react@5.39.2_react-dom@19.2.1_react@19.2.1__react@19.2.1/node_modules/@ark-ui/react/dist/components/steps/steps-context.js
│  (1:0): Module level directives cause errors when bundled, "use client"
│  in
│  "node_modules/.pnpm/@ark-ui+react@5.39.2_react-dom@19.2.1_react@19.2.1__react@19.2.1/node_modules/@ark-ui/react/dist/components/steps/steps-context.js"
│  was ignored.
│
▲  Vite
│  node_modules/.pnpm/@ark-ui+react@5.39.2_react-dom@19.2.1_react@19.2.1__react@19.2.1/node_modules/@ark-ui/react/dist/components/steps/steps-indicator.js
│  (1:0): Module level directives cause errors when bundled, "use client"
│  in
│  "node_modules/.pnpm/@ark-ui+react@5.39.2_react-dom@19.2.1_react@19.2.1__react@19.2.1/node_modules/@ark-ui/react/dist/components/steps/steps-indicator.js"
│  was ignored.
│
▲  Vite
│  node_modules/.pnpm/@ark-ui+react@5.39.2_react-dom@19.2.1_react@19.2.1__react@19.2.1/node_modules/@ark-ui/react/dist/components/steps/steps-item.js
│  (1:0): Module level directives cause errors when bundled, "use client"
│  in
│  "node_modules/.pnpm/@ark-ui+react@5.39.2_react-dom@19.2.1_react@19.2.1__react@19.2.1/node_modules/@ark-ui/react/dist/components/steps/steps-item.js"
│  was ignored.
│
▲  Vite
│  node_modules/.pnpm/@ark-ui+react@5.39.2_react-dom@19.2.1_react@19.2.1__react@19.2.1/node_modules/@ark-ui/react/dist/components/steps/steps-item-context.js
│  (1:0): Module level directives cause errors when bundled, "use client"
│  in
│  "node_modules/.pnpm/@ark-ui+react@5.39.2_react-dom@19.2.1_react@19.2.1__react@19.2.1/node_modules/@ark-ui/react/dist/components/steps/steps-item-context.js"
│  was ignored.
│
▲  Vite
│  node_modules/.pnpm/@ark-ui+react@5.39.2_react-dom@19.2.1_react@19.2.1__react@19.2.1/node_modules/@ark-ui/react/dist/components/steps/steps-list.js
│  (1:0): Module level directives cause errors when bundled, "use client"
│  in
│  "node_modules/.pnpm/@ark-ui+react@5.39.2_react-dom@19.2.1_react@19.2.1__react@19.2.1/node_modules/@ark-ui/react/dist/components/steps/steps-list.js"
│  was ignored.
│
▲  Vite
│  node_modules/.pnpm/@ark-ui+react@5.39.2_react-dom@19.2.1_react@19.2.1__react@19.2.1/node_modules/@ark-ui/react/dist/components/steps/steps-next-trigger.js
│  (1:0): Module level directives cause errors when bundled, "use client"
│  in
│  "node_modules/.pnpm/@ark-ui+react@5.39.2_react-dom@19.2.1_react@19.2.1__react@19.2.1/node_modules/@ark-ui/react/dist/components/steps/steps-next-trigger.js"
│  was ignored.
│
▲  Vite
│  node_modules/.pnpm/@ark-ui+react@5.39.2_react-dom@19.2.1_react@19.2.1__react@19.2.1/node_modules/@ark-ui/react/dist/components/steps/steps-prev-trigger.js
│  (1:0): Module level directives cause errors when bundled, "use client"
│  in
│  "node_modules/.pnpm/@ark-ui+react@5.39.2_react-dom@19.2.1_react@19.2.1__react@19.2.1/node_modules/@ark-ui/react/dist/components/steps/steps-prev-trigger.js"
│  was ignored.
│
▲  Vite
│  node_modules/.pnpm/@ark-ui+react@5.39.2_react-dom@19.2.1_react@19.2.1__react@19.2.1/node_modules/@ark-ui/react/dist/components/steps/steps-progress.js
│  (1:0): Module level directives cause errors when bundled, "use client"
│  in
│  "node_modules/.pnpm/@ark-ui+react@5.39.2_react-dom@19.2.1_react@19.2.1__react@19.2.1/node_modules/@ark-ui/react/dist/components/steps/steps-progress.js"
│  was ignored.
│
▲  Vite
│  node_modules/.pnpm/@ark-ui+react@5.39.2_react-dom@19.2.1_react@19.2.1__react@19.2.1/node_modules/@ark-ui/react/dist/components/steps/use-steps.js
│  (1:0): Module level directives cause errors when bundled, "use client"
│  in
│  "node_modules/.pnpm/@ark-ui+react@5.39.2_react-dom@19.2.1_react@19.2.1__react@19.2.1/node_modules/@ark-ui/react/dist/components/steps/use-steps.js"
│  was ignored.
│
▲  Vite
│  node_modules/.pnpm/@ark-ui+react@5.39.2_react-dom@19.2.1_react@19.2.1__react@19.2.1/node_modules/@ark-ui/react/dist/components/steps/steps-root.js
│  (1:0): Module level directives cause errors when bundled, "use client"
│  in
│  "node_modules/.pnpm/@ark-ui+react@5.39.2_react-dom@19.2.1_react@19.2.1__react@19.2.1/node_modules/@ark-ui/react/dist/components/steps/steps-root.js"
│  was ignored.
│
▲  Vite
│  node_modules/.pnpm/@ark-ui+react@5.39.2_react-dom@19.2.1_react@19.2.1__react@19.2.1/node_modules/@ark-ui/react/dist/components/steps/steps-root-provider.js
│  (1:0): Module level directives cause errors when bundled, "use client"
│  in
│  "node_modules/.pnpm/@ark-ui+react@5.39.2_react-dom@19.2.1_react@19.2.1__react@19.2.1/node_modules/@ark-ui/react/dist/components/steps/steps-root-provider.js"
│  was ignored.
│
▲  Vite
│  node_modules/.pnpm/@ark-ui+react@5.39.2_react-dom@19.2.1_react@19.2.1__react@19.2.1/node_modules/@ark-ui/react/dist/components/steps/steps-separator.js
│  (1:0): Module level directives cause errors when bundled, "use client"
│  in
│  "node_modules/.pnpm/@ark-ui+react@5.39.2_react-dom@19.2.1_react@19.2.1__react@19.2.1/node_modules/@ark-ui/react/dist/components/steps/steps-separator.js"
│  was ignored.
│
▲  Vite
│  node_modules/.pnpm/@ark-ui+react@5.39.2_react-dom@19.2.1_react@19.2.1__react@19.2.1/node_modules/@ark-ui/react/dist/components/steps/steps-trigger.js
│  (1:0): Module level directives cause errors when bundled, "use client"
│  in
│  "node_modules/.pnpm/@ark-ui+react@5.39.2_react-dom@19.2.1_react@19.2.1__react@19.2.1/node_modules/@ark-ui/react/dist/components/steps/steps-trigger.js"
│  was ignored.
│
▲  Vite
│  node_modules/.pnpm/@ark-ui+react@5.39.2_react-dom@19.2.1_react@19.2.1__react@19.2.1/node_modules/@ark-ui/react/dist/components/swap/use-swap-context.js
│  (1:0): Module level directives cause errors when bundled, "use client"
│  in
│  "node_modules/.pnpm/@ark-ui+react@5.39.2_react-dom@19.2.1_react@19.2.1__react@19.2.1/node_modules/@ark-ui/react/dist/components/swap/use-swap-context.js"
│  was ignored.
│
▲  Vite
│  node_modules/.pnpm/@ark-ui+react@5.39.2_react-dom@19.2.1_react@19.2.1__react@19.2.1/node_modules/@ark-ui/react/dist/components/swap/swap-indicator.js
│  (1:0): Module level directives cause errors when bundled, "use client"
│  in
│  "node_modules/.pnpm/@ark-ui+react@5.39.2_react-dom@19.2.1_react@19.2.1__react@19.2.1/node_modules/@ark-ui/react/dist/components/swap/swap-indicator.js"
│  was ignored.
│
▲  Vite
│  node_modules/.pnpm/@ark-ui+react@5.39.2_react-dom@19.2.1_react@19.2.1__react@19.2.1/node_modules/@ark-ui/react/dist/components/swap/use-swap.js
│  (1:0): Module level directives cause errors when bundled, "use client"
│  in
│  "node_modules/.pnpm/@ark-ui+react@5.39.2_react-dom@19.2.1_react@19.2.1__react@19.2.1/node_modules/@ark-ui/react/dist/components/swap/use-swap.js"
│  was ignored.
│
▲  Vite
│  node_modules/.pnpm/@ark-ui+react@5.39.2_react-dom@19.2.1_react@19.2.1__react@19.2.1/node_modules/@ark-ui/react/dist/components/swap/swap-root.js
│  (1:0): Module level directives cause errors when bundled, "use client"
│  in
│  "node_modules/.pnpm/@ark-ui+react@5.39.2_react-dom@19.2.1_react@19.2.1__react@19.2.1/node_modules/@ark-ui/react/dist/components/swap/swap-root.js"
│  was ignored.
│
▲  Vite
│  node_modules/.pnpm/@ark-ui+react@5.39.2_react-dom@19.2.1_react@19.2.1__react@19.2.1/node_modules/@ark-ui/react/dist/components/swap/swap-root-provider.js
│  (1:0): Module level directives cause errors when bundled, "use client"
│  in
│  "node_modules/.pnpm/@ark-ui+react@5.39.2_react-dom@19.2.1_react@19.2.1__react@19.2.1/node_modules/@ark-ui/react/dist/components/swap/swap-root-provider.js"
│  was ignored.
│
▲  Vite
│  node_modules/.pnpm/@ark-ui+react@5.39.2_react-dom@19.2.1_react@19.2.1__react@19.2.1/node_modules/@ark-ui/react/dist/components/switch/use-switch-context.js
│  (1:0): Module level directives cause errors when bundled, "use client"
│  in
│  "node_modules/.pnpm/@ark-ui+react@5.39.2_react-dom@19.2.1_react@19.2.1__react@19.2.1/node_modules/@ark-ui/react/dist/components/switch/use-switch-context.js"
│  was ignored.
│
▲  Vite
│  node_modules/.pnpm/@ark-ui+react@5.39.2_react-dom@19.2.1_react@19.2.1__react@19.2.1/node_modules/@ark-ui/react/dist/components/switch/switch-context.js
│  (1:0): Module level directives cause errors when bundled, "use client"
│  in
│  "node_modules/.pnpm/@ark-ui+react@5.39.2_react-dom@19.2.1_react@19.2.1__react@19.2.1/node_modules/@ark-ui/react/dist/components/switch/switch-context.js"
│  was ignored.
│
▲  Vite
│  node_modules/.pnpm/@ark-ui+react@5.39.2_react-dom@19.2.1_react@19.2.1__react@19.2.1/node_modules/@ark-ui/react/dist/components/switch/switch-control.js
│  (1:0): Module level directives cause errors when bundled, "use client"
│  in
│  "node_modules/.pnpm/@ark-ui+react@5.39.2_react-dom@19.2.1_react@19.2.1__react@19.2.1/node_modules/@ark-ui/react/dist/components/switch/switch-control.js"
│  was ignored.
│
▲  Vite
│  node_modules/.pnpm/@ark-ui+react@5.39.2_react-dom@19.2.1_react@19.2.1__react@19.2.1/node_modules/@ark-ui/react/dist/components/steps/use-steps-item-context.js
│  (1:0): Module level directives cause errors when bundled, "use client"
│  in
│  "node_modules/.pnpm/@ark-ui+react@5.39.2_react-dom@19.2.1_react@19.2.1__react@19.2.1/node_modules/@ark-ui/react/dist/components/steps/use-steps-item-context.js"
│  was ignored.
│
▲  Vite
│  node_modules/.pnpm/@ark-ui+react@5.39.2_react-dom@19.2.1_react@19.2.1__react@19.2.1/node_modules/@ark-ui/react/dist/components/switch/switch-hidden-input.js
│  (1:0): Module level directives cause errors when bundled, "use client"
│  in
│  "node_modules/.pnpm/@ark-ui+react@5.39.2_react-dom@19.2.1_react@19.2.1__react@19.2.1/node_modules/@ark-ui/react/dist/components/switch/switch-hidden-input.js"
│  was ignored.
│
▲  Vite
│  node_modules/.pnpm/@ark-ui+react@5.39.2_react-dom@19.2.1_react@19.2.1__react@19.2.1/node_modules/@ark-ui/react/dist/components/switch/use-switch.js
│  (1:0): Module level directives cause errors when bundled, "use client"
│  in
│  "node_modules/.pnpm/@ark-ui+react@5.39.2_react-dom@19.2.1_react@19.2.1__react@19.2.1/node_modules/@ark-ui/react/dist/components/switch/use-switch.js"
│  was ignored.
│
▲  Vite
│  node_modules/.pnpm/@ark-ui+react@5.39.2_react-dom@19.2.1_react@19.2.1__react@19.2.1/node_modules/@ark-ui/react/dist/components/switch/switch-root.js
│  (1:0): Module level directives cause errors when bundled, "use client"
│  in
│  "node_modules/.pnpm/@ark-ui+react@5.39.2_react-dom@19.2.1_react@19.2.1__react@19.2.1/node_modules/@ark-ui/react/dist/components/switch/switch-root.js"
│  was ignored.
│
▲  Vite
│  node_modules/.pnpm/@ark-ui+react@5.39.2_react-dom@19.2.1_react@19.2.1__react@19.2.1/node_modules/@ark-ui/react/dist/components/switch/switch-label.js
│  (1:0): Module level directives cause errors when bundled, "use client"
│  in
│  "node_modules/.pnpm/@ark-ui+react@5.39.2_react-dom@19.2.1_react@19.2.1__react@19.2.1/node_modules/@ark-ui/react/dist/components/switch/switch-label.js"
│  was ignored.
│
▲  Vite
│  node_modules/.pnpm/@ark-ui+react@5.39.2_react-dom@19.2.1_react@19.2.1__react@19.2.1/node_modules/@ark-ui/react/dist/components/switch/switch-root-provider.js
│  (1:0): Module level directives cause errors when bundled, "use client"
│  in
│  "node_modules/.pnpm/@ark-ui+react@5.39.2_react-dom@19.2.1_react@19.2.1__react@19.2.1/node_modules/@ark-ui/react/dist/components/switch/switch-root-provider.js"
│  was ignored.
│
▲  Vite
│  node_modules/.pnpm/@ark-ui+react@5.39.2_react-dom@19.2.1_react@19.2.1__react@19.2.1/node_modules/@ark-ui/react/dist/components/switch/switch-thumb.js
│  (1:0): Module level directives cause errors when bundled, "use client"
│  in
│  "node_modules/.pnpm/@ark-ui+react@5.39.2_react-dom@19.2.1_react@19.2.1__react@19.2.1/node_modules/@ark-ui/react/dist/components/switch/switch-thumb.js"
│  was ignored.
│
▲  Vite
│  node_modules/.pnpm/@ark-ui+react@5.39.2_react-dom@19.2.1_react@19.2.1__react@19.2.1/node_modules/@ark-ui/react/dist/components/tabs/use-tabs-context.js
│  (1:0): Module level directives cause errors when bundled, "use client"
│  in
│  "node_modules/.pnpm/@ark-ui+react@5.39.2_react-dom@19.2.1_react@19.2.1__react@19.2.1/node_modules/@ark-ui/react/dist/components/tabs/use-tabs-context.js"
│  was ignored.
│
▲  Vite
│  node_modules/.pnpm/@ark-ui+react@5.39.2_react-dom@19.2.1_react@19.2.1__react@19.2.1/node_modules/@ark-ui/react/dist/components/tabs/tab-content.js
│  (1:0): Module level directives cause errors when bundled, "use client"
│  in
│  "node_modules/.pnpm/@ark-ui+react@5.39.2_react-dom@19.2.1_react@19.2.1__react@19.2.1/node_modules/@ark-ui/react/dist/components/tabs/tab-content.js"
│  was ignored.
│
▲  Vite
│  node_modules/.pnpm/@ark-ui+react@5.39.2_react-dom@19.2.1_react@19.2.1__react@19.2.1/node_modules/@ark-ui/react/dist/components/tabs/tab-indicator.js
│  (1:0): Module level directives cause errors when bundled, "use client"
│  in
│  "node_modules/.pnpm/@ark-ui+react@5.39.2_react-dom@19.2.1_react@19.2.1__react@19.2.1/node_modules/@ark-ui/react/dist/components/tabs/tab-indicator.js"
│  was ignored.
│
▲  Vite
│  node_modules/.pnpm/@ark-ui+react@5.39.2_react-dom@19.2.1_react@19.2.1__react@19.2.1/node_modules/@ark-ui/react/dist/components/tabs/tab-list.js
│  (1:0): Module level directives cause errors when bundled, "use client"
│  in
│  "node_modules/.pnpm/@ark-ui+react@5.39.2_react-dom@19.2.1_react@19.2.1__react@19.2.1/node_modules/@ark-ui/react/dist/components/tabs/tab-list.js"
│  was ignored.
│
▲  Vite
│  node_modules/.pnpm/@ark-ui+react@5.39.2_react-dom@19.2.1_react@19.2.1__react@19.2.1/node_modules/@ark-ui/react/dist/components/tabs/tab-trigger.js
│  (1:0): Module level directives cause errors when bundled, "use client"
│  in
│  "node_modules/.pnpm/@ark-ui+react@5.39.2_react-dom@19.2.1_react@19.2.1__react@19.2.1/node_modules/@ark-ui/react/dist/components/tabs/tab-trigger.js"
│  was ignored.
│
▲  Vite
│  node_modules/.pnpm/@ark-ui+react@5.39.2_react-dom@19.2.1_react@19.2.1__react@19.2.1/node_modules/@ark-ui/react/dist/components/tabs/tabs-context.js
│  (1:0): Module level directives cause errors when bundled, "use client"
│  in
│  "node_modules/.pnpm/@ark-ui+react@5.39.2_react-dom@19.2.1_react@19.2.1__react@19.2.1/node_modules/@ark-ui/react/dist/components/tabs/tabs-context.js"
│  was ignored.
│
▲  Vite
│  node_modules/.pnpm/@ark-ui+react@5.39.2_react-dom@19.2.1_react@19.2.1__react@19.2.1/node_modules/@ark-ui/react/dist/components/tabs/use-tabs.js
│  (1:0): Module level directives cause errors when bundled, "use client"
│  in
│  "node_modules/.pnpm/@ark-ui+react@5.39.2_react-dom@19.2.1_react@19.2.1__react@19.2.1/node_modules/@ark-ui/react/dist/components/tabs/use-tabs.js"
│  was ignored.
│
▲  Vite
│  node_modules/.pnpm/@ark-ui+react@5.39.2_react-dom@19.2.1_react@19.2.1__react@19.2.1/node_modules/@ark-ui/react/dist/components/tabs/tabs-root.js
│  (1:0): Module level directives cause errors when bundled, "use client"
│  in
│  "node_modules/.pnpm/@ark-ui+react@5.39.2_react-dom@19.2.1_react@19.2.1__react@19.2.1/node_modules/@ark-ui/react/dist/components/tabs/tabs-root.js"
│  was ignored.
│
▲  Vite
│  node_modules/.pnpm/@ark-ui+react@5.39.2_react-dom@19.2.1_react@19.2.1__react@19.2.1/node_modules/@ark-ui/react/dist/components/tabs/tabs-root-provider.js
│  (1:0): Module level directives cause errors when bundled, "use client"
│  in
│  "node_modules/.pnpm/@ark-ui+react@5.39.2_react-dom@19.2.1_react@19.2.1__react@19.2.1/node_modules/@ark-ui/react/dist/components/tabs/tabs-root-provider.js"
│  was ignored.
│
▲  Vite
│  node_modules/.pnpm/@ark-ui+react@5.39.2_react-dom@19.2.1_react@19.2.1__react@19.2.1/node_modules/@ark-ui/react/dist/components/tags-input/use-tags-input-context.js
│  (1:0): Module level directives cause errors when bundled, "use client"
│  in
│  "node_modules/.pnpm/@ark-ui+react@5.39.2_react-dom@19.2.1_react@19.2.1__react@19.2.1/node_modules/@ark-ui/react/dist/components/tags-input/use-tags-input-context.js"
│  was ignored.
│
▲  Vite
│  node_modules/.pnpm/@ark-ui+react@5.39.2_react-dom@19.2.1_react@19.2.1__react@19.2.1/node_modules/@ark-ui/react/dist/components/tags-input/tags-input-clear-trigger.js
│  (1:0): Module level directives cause errors when bundled, "use client"
│  in
│  "node_modules/.pnpm/@ark-ui+react@5.39.2_react-dom@19.2.1_react@19.2.1__react@19.2.1/node_modules/@ark-ui/react/dist/components/tags-input/tags-input-clear-trigger.js"
│  was ignored.
│
▲  Vite
│  node_modules/.pnpm/@ark-ui+react@5.39.2_react-dom@19.2.1_react@19.2.1__react@19.2.1/node_modules/@ark-ui/react/dist/components/tags-input/tags-input-context.js
│  (1:0): Module level directives cause errors when bundled, "use client"
│  in
│  "node_modules/.pnpm/@ark-ui+react@5.39.2_react-dom@19.2.1_react@19.2.1__react@19.2.1/node_modules/@ark-ui/react/dist/components/tags-input/tags-input-context.js"
│  was ignored.
│
▲  Vite
│  node_modules/.pnpm/@ark-ui+react@5.39.2_react-dom@19.2.1_react@19.2.1__react@19.2.1/node_modules/@ark-ui/react/dist/components/tags-input/tags-input-control.js
│  (1:0): Module level directives cause errors when bundled, "use client"
│  in
│  "node_modules/.pnpm/@ark-ui+react@5.39.2_react-dom@19.2.1_react@19.2.1__react@19.2.1/node_modules/@ark-ui/react/dist/components/tags-input/tags-input-control.js"
│  was ignored.
│
▲  Vite
│  node_modules/.pnpm/@ark-ui+react@5.39.2_react-dom@19.2.1_react@19.2.1__react@19.2.1/node_modules/@ark-ui/react/dist/components/tags-input/tags-input-hidden-input.js
│  (1:0): Module level directives cause errors when bundled, "use client"
│  in
│  "node_modules/.pnpm/@ark-ui+react@5.39.2_react-dom@19.2.1_react@19.2.1__react@19.2.1/node_modules/@ark-ui/react/dist/components/tags-input/tags-input-hidden-input.js"
│  was ignored.
│
▲  Vite
│  node_modules/.pnpm/@ark-ui+react@5.39.2_react-dom@19.2.1_react@19.2.1__react@19.2.1/node_modules/@ark-ui/react/dist/components/tags-input/tags-input-input.js
│  (1:0): Module level directives cause errors when bundled, "use client"
│  in
│  "node_modules/.pnpm/@ark-ui+react@5.39.2_react-dom@19.2.1_react@19.2.1__react@19.2.1/node_modules/@ark-ui/react/dist/components/tags-input/tags-input-input.js"
│  was ignored.
│
▲  Vite
│  node_modules/.pnpm/@ark-ui+react@5.39.2_react-dom@19.2.1_react@19.2.1__react@19.2.1/node_modules/@ark-ui/react/dist/components/tags-input/use-tags-input-item-context.js
│  (1:0): Module level directives cause errors when bundled, "use client"
│  in
│  "node_modules/.pnpm/@ark-ui+react@5.39.2_react-dom@19.2.1_react@19.2.1__react@19.2.1/node_modules/@ark-ui/react/dist/components/tags-input/use-tags-input-item-context.js"
│  was ignored.
│
▲  Vite
│  node_modules/.pnpm/@ark-ui+react@5.39.2_react-dom@19.2.1_react@19.2.1__react@19.2.1/node_modules/@ark-ui/react/dist/components/tags-input/tags-input-item.js
│  (1:0): Module level directives cause errors when bundled, "use client"
│  in
│  "node_modules/.pnpm/@ark-ui+react@5.39.2_react-dom@19.2.1_react@19.2.1__react@19.2.1/node_modules/@ark-ui/react/dist/components/tags-input/tags-input-item.js"
│  was ignored.
│
▲  Vite
│  node_modules/.pnpm/@ark-ui+react@5.39.2_react-dom@19.2.1_react@19.2.1__react@19.2.1/node_modules/@ark-ui/react/dist/components/tags-input/tags-input-item-context.js
│  (1:0): Module level directives cause errors when bundled, "use client"
│  in
│  "node_modules/.pnpm/@ark-ui+react@5.39.2_react-dom@19.2.1_react@19.2.1__react@19.2.1/node_modules/@ark-ui/react/dist/components/tags-input/tags-input-item-context.js"
│  was ignored.
│
▲  Vite
│  node_modules/.pnpm/@ark-ui+react@5.39.2_react-dom@19.2.1_react@19.2.1__react@19.2.1/node_modules/@ark-ui/react/dist/components/tags-input/tags-input-item-delete-trigger.js
│  (1:0): Module level directives cause errors when bundled, "use client"
│  in
│  "node_modules/.pnpm/@ark-ui+react@5.39.2_react-dom@19.2.1_react@19.2.1__react@19.2.1/node_modules/@ark-ui/react/dist/components/tags-input/tags-input-item-delete-trigger.js"
│  was ignored.
│
▲  Vite
│  node_modules/.pnpm/@ark-ui+react@5.39.2_react-dom@19.2.1_react@19.2.1__react@19.2.1/node_modules/@ark-ui/react/dist/components/tags-input/tags-input-item-input.js
│  (1:0): Module level directives cause errors when bundled, "use client"
│  in
│  "node_modules/.pnpm/@ark-ui+react@5.39.2_react-dom@19.2.1_react@19.2.1__react@19.2.1/node_modules/@ark-ui/react/dist/components/tags-input/tags-input-item-input.js"
│  was ignored.
│
▲  Vite
│  node_modules/.pnpm/@ark-ui+react@5.39.2_react-dom@19.2.1_react@19.2.1__react@19.2.1/node_modules/@ark-ui/react/dist/components/tags-input/tags-input-item-preview.js
│  (1:0): Module level directives cause errors when bundled, "use client"
│  in
│  "node_modules/.pnpm/@ark-ui+react@5.39.2_react-dom@19.2.1_react@19.2.1__react@19.2.1/node_modules/@ark-ui/react/dist/components/tags-input/tags-input-item-preview.js"
│  was ignored.
│
▲  Vite
│  node_modules/.pnpm/@ark-ui+react@5.39.2_react-dom@19.2.1_react@19.2.1__react@19.2.1/node_modules/@ark-ui/react/dist/components/tags-input/tags-input-item-text.js
│  (1:0): Module level directives cause errors when bundled, "use client"
│  in
│  "node_modules/.pnpm/@ark-ui+react@5.39.2_react-dom@19.2.1_react@19.2.1__react@19.2.1/node_modules/@ark-ui/react/dist/components/tags-input/tags-input-item-text.js"
│  was ignored.
│
▲  Vite
│  node_modules/.pnpm/@ark-ui+react@5.39.2_react-dom@19.2.1_react@19.2.1__react@19.2.1/node_modules/@ark-ui/react/dist/components/tags-input/tags-input-label.js
│  (1:0): Module level directives cause errors when bundled, "use client"
│  in
│  "node_modules/.pnpm/@ark-ui+react@5.39.2_react-dom@19.2.1_react@19.2.1__react@19.2.1/node_modules/@ark-ui/react/dist/components/tags-input/tags-input-label.js"
│  was ignored.
│
▲  Vite
│  node_modules/.pnpm/@ark-ui+react@5.39.2_react-dom@19.2.1_react@19.2.1__react@19.2.1/node_modules/@ark-ui/react/dist/components/tags-input/use-tags-input.js
│  (1:0): Module level directives cause errors when bundled, "use client"
│  in
│  "node_modules/.pnpm/@ark-ui+react@5.39.2_react-dom@19.2.1_react@19.2.1__react@19.2.1/node_modules/@ark-ui/react/dist/components/tags-input/use-tags-input.js"
│  was ignored.
│
▲  Vite
│  node_modules/.pnpm/@ark-ui+react@5.39.2_react-dom@19.2.1_react@19.2.1__react@19.2.1/node_modules/@ark-ui/react/dist/components/tags-input/tags-input-root.js
│  (1:0): Module level directives cause errors when bundled, "use client"
│  in
│  "node_modules/.pnpm/@ark-ui+react@5.39.2_react-dom@19.2.1_react@19.2.1__react@19.2.1/node_modules/@ark-ui/react/dist/components/tags-input/tags-input-root.js"
│  was ignored.
│
▲  Vite
│  node_modules/.pnpm/@ark-ui+react@5.39.2_react-dom@19.2.1_react@19.2.1__react@19.2.1/node_modules/@ark-ui/react/dist/components/timer/use-timer-context.js
│  (1:0): Module level directives cause errors when bundled, "use client"
│  in
│  "node_modules/.pnpm/@ark-ui+react@5.39.2_react-dom@19.2.1_react@19.2.1__react@19.2.1/node_modules/@ark-ui/react/dist/components/timer/use-timer-context.js"
│  was ignored.
│
▲  Vite
│  node_modules/.pnpm/@ark-ui+react@5.39.2_react-dom@19.2.1_react@19.2.1__react@19.2.1/node_modules/@ark-ui/react/dist/components/tags-input/tags-input-root-provider.js
│  (1:0): Module level directives cause errors when bundled, "use client"
│  in
│  "node_modules/.pnpm/@ark-ui+react@5.39.2_react-dom@19.2.1_react@19.2.1__react@19.2.1/node_modules/@ark-ui/react/dist/components/tags-input/tags-input-root-provider.js"
│  was ignored.
│
▲  Vite
│  node_modules/.pnpm/@ark-ui+react@5.39.2_react-dom@19.2.1_react@19.2.1__react@19.2.1/node_modules/@ark-ui/react/dist/components/timer/timer-action-trigger.js
│  (1:0): Module level directives cause errors when bundled, "use client"
│  in
│  "node_modules/.pnpm/@ark-ui+react@5.39.2_react-dom@19.2.1_react@19.2.1__react@19.2.1/node_modules/@ark-ui/react/dist/components/timer/timer-action-trigger.js"
│  was ignored.
│
▲  Vite
│  node_modules/.pnpm/@ark-ui+react@5.39.2_react-dom@19.2.1_react@19.2.1__react@19.2.1/node_modules/@ark-ui/react/dist/components/timer/timer-area.js
│  (1:0): Module level directives cause errors when bundled, "use client"
│  in
│  "node_modules/.pnpm/@ark-ui+react@5.39.2_react-dom@19.2.1_react@19.2.1__react@19.2.1/node_modules/@ark-ui/react/dist/components/timer/timer-area.js"
│  was ignored.
│
▲  Vite
│  node_modules/.pnpm/@ark-ui+react@5.39.2_react-dom@19.2.1_react@19.2.1__react@19.2.1/node_modules/@ark-ui/react/dist/components/timer/timer-context.js
│  (1:0): Module level directives cause errors when bundled, "use client"
│  in
│  "node_modules/.pnpm/@ark-ui+react@5.39.2_react-dom@19.2.1_react@19.2.1__react@19.2.1/node_modules/@ark-ui/react/dist/components/timer/timer-context.js"
│  was ignored.
│
▲  Vite
│  node_modules/.pnpm/@ark-ui+react@5.39.2_react-dom@19.2.1_react@19.2.1__react@19.2.1/node_modules/@ark-ui/react/dist/components/timer/timer-item.js
│  (1:0): Module level directives cause errors when bundled, "use client"
│  in
│  "node_modules/.pnpm/@ark-ui+react@5.39.2_react-dom@19.2.1_react@19.2.1__react@19.2.1/node_modules/@ark-ui/react/dist/components/timer/timer-item.js"
│  was ignored.
│
▲  Vite
│  node_modules/.pnpm/@ark-ui+react@5.39.2_react-dom@19.2.1_react@19.2.1__react@19.2.1/node_modules/@ark-ui/react/dist/components/timer/use-timer.js
│  (1:0): Module level directives cause errors when bundled, "use client"
│  in
│  "node_modules/.pnpm/@ark-ui+react@5.39.2_react-dom@19.2.1_react@19.2.1__react@19.2.1/node_modules/@ark-ui/react/dist/components/timer/use-timer.js"
│  was ignored.
│
▲  Vite
│  node_modules/.pnpm/@ark-ui+react@5.39.2_react-dom@19.2.1_react@19.2.1__react@19.2.1/node_modules/@ark-ui/react/dist/components/timer/timer-root.js
│  (1:0): Module level directives cause errors when bundled, "use client"
│  in
│  "node_modules/.pnpm/@ark-ui+react@5.39.2_react-dom@19.2.1_react@19.2.1__react@19.2.1/node_modules/@ark-ui/react/dist/components/timer/timer-root.js"
│  was ignored.
│
▲  Vite
│  node_modules/.pnpm/@ark-ui+react@5.39.2_react-dom@19.2.1_react@19.2.1__react@19.2.1/node_modules/@ark-ui/react/dist/components/timer/timer-control.js
│  (1:0): Module level directives cause errors when bundled, "use client"
│  in
│  "node_modules/.pnpm/@ark-ui+react@5.39.2_react-dom@19.2.1_react@19.2.1__react@19.2.1/node_modules/@ark-ui/react/dist/components/timer/timer-control.js"
│  was ignored.
│
▲  Vite
│  node_modules/.pnpm/@ark-ui+react@5.39.2_react-dom@19.2.1_react@19.2.1__react@19.2.1/node_modules/@ark-ui/react/dist/components/timer/timer-root-provider.js
│  (1:0): Module level directives cause errors when bundled, "use client"
│  in
│  "node_modules/.pnpm/@ark-ui+react@5.39.2_react-dom@19.2.1_react@19.2.1__react@19.2.1/node_modules/@ark-ui/react/dist/components/timer/timer-root-provider.js"
│  was ignored.
│
▲  Vite
│  node_modules/.pnpm/@ark-ui+react@5.39.2_react-dom@19.2.1_react@19.2.1__react@19.2.1/node_modules/@ark-ui/react/dist/components/timer/timer-separator.js
│  (1:0): Module level directives cause errors when bundled, "use client"
│  in
│  "node_modules/.pnpm/@ark-ui+react@5.39.2_react-dom@19.2.1_react@19.2.1__react@19.2.1/node_modules/@ark-ui/react/dist/components/timer/timer-separator.js"
│  was ignored.
│
▲  Vite
│  node_modules/.pnpm/@ark-ui+react@5.39.2_react-dom@19.2.1_react@19.2.1__react@19.2.1/node_modules/@ark-ui/react/dist/components/toast/create-toaster.js
│  (1:0): Module level directives cause errors when bundled, "use client"
│  in
│  "node_modules/.pnpm/@ark-ui+react@5.39.2_react-dom@19.2.1_react@19.2.1__react@19.2.1/node_modules/@ark-ui/react/dist/components/toast/create-toaster.js"
│  was ignored.
│
▲  Vite
│  node_modules/.pnpm/@ark-ui+react@5.39.2_react-dom@19.2.1_react@19.2.1__react@19.2.1/node_modules/@ark-ui/react/dist/components/toast/use-toast-context.js
│  (1:0): Module level directives cause errors when bundled, "use client"
│  in
│  "node_modules/.pnpm/@ark-ui+react@5.39.2_react-dom@19.2.1_react@19.2.1__react@19.2.1/node_modules/@ark-ui/react/dist/components/toast/use-toast-context.js"
│  was ignored.
│
▲  Vite
│  node_modules/.pnpm/@ark-ui+react@5.39.2_react-dom@19.2.1_react@19.2.1__react@19.2.1/node_modules/@ark-ui/react/dist/components/toast/toast-action-trigger.js
│  (1:0): Module level directives cause errors when bundled, "use client"
│  in
│  "node_modules/.pnpm/@ark-ui+react@5.39.2_react-dom@19.2.1_react@19.2.1__react@19.2.1/node_modules/@ark-ui/react/dist/components/toast/toast-action-trigger.js"
│  was ignored.
│
▲  Vite
│  node_modules/.pnpm/@ark-ui+react@5.39.2_react-dom@19.2.1_react@19.2.1__react@19.2.1/node_modules/@ark-ui/react/dist/components/toast/toast-close-trigger.js
│  (1:0): Module level directives cause errors when bundled, "use client"
│  in
│  "node_modules/.pnpm/@ark-ui+react@5.39.2_react-dom@19.2.1_react@19.2.1__react@19.2.1/node_modules/@ark-ui/react/dist/components/toast/toast-close-trigger.js"
│  was ignored.
│
▲  Vite
│  node_modules/.pnpm/@ark-ui+react@5.39.2_react-dom@19.2.1_react@19.2.1__react@19.2.1/node_modules/@ark-ui/react/dist/components/toast/toast-context.js
│  (1:0): Module level directives cause errors when bundled, "use client"
│  in
│  "node_modules/.pnpm/@ark-ui+react@5.39.2_react-dom@19.2.1_react@19.2.1__react@19.2.1/node_modules/@ark-ui/react/dist/components/toast/toast-context.js"
│  was ignored.
│
▲  Vite
│  node_modules/.pnpm/@ark-ui+react@5.39.2_react-dom@19.2.1_react@19.2.1__react@19.2.1/node_modules/@ark-ui/react/dist/components/toast/toast-description.js
│  (1:0): Module level directives cause errors when bundled, "use client"
│  in
│  "node_modules/.pnpm/@ark-ui+react@5.39.2_react-dom@19.2.1_react@19.2.1__react@19.2.1/node_modules/@ark-ui/react/dist/components/toast/toast-description.js"
│  was ignored.
│
▲  Vite
│  node_modules/.pnpm/@ark-ui+react@5.39.2_react-dom@19.2.1_react@19.2.1__react@19.2.1/node_modules/@ark-ui/react/dist/components/toast/toast-root.js
│  (1:0): Module level directives cause errors when bundled, "use client"
│  in
│  "node_modules/.pnpm/@ark-ui+react@5.39.2_react-dom@19.2.1_react@19.2.1__react@19.2.1/node_modules/@ark-ui/react/dist/components/toast/toast-root.js"
│  was ignored.
│
▲  Vite
│  node_modules/.pnpm/@ark-ui+react@5.39.2_react-dom@19.2.1_react@19.2.1__react@19.2.1/node_modules/@ark-ui/react/dist/components/toast/toast-title.js
│  (1:0): Module level directives cause errors when bundled, "use client"
│  in
│  "node_modules/.pnpm/@ark-ui+react@5.39.2_react-dom@19.2.1_react@19.2.1__react@19.2.1/node_modules/@ark-ui/react/dist/components/toast/toast-title.js"
│  was ignored.
│
▲  Vite
│  node_modules/.pnpm/@ark-ui+react@5.39.2_react-dom@19.2.1_react@19.2.1__react@19.2.1/node_modules/@ark-ui/react/dist/components/toast/toaster.js
│  (1:0): Module level directives cause errors when bundled, "use client"
│  in
│  "node_modules/.pnpm/@ark-ui+react@5.39.2_react-dom@19.2.1_react@19.2.1__react@19.2.1/node_modules/@ark-ui/react/dist/components/toast/toaster.js"
│  was ignored.
│
▲  Vite
│  node_modules/.pnpm/@ark-ui+react@5.39.2_react-dom@19.2.1_react@19.2.1__react@19.2.1/node_modules/@ark-ui/react/dist/components/toggle/use-toggle-context.js
│  (1:0): Module level directives cause errors when bundled, "use client"
│  in
│  "node_modules/.pnpm/@ark-ui+react@5.39.2_react-dom@19.2.1_react@19.2.1__react@19.2.1/node_modules/@ark-ui/react/dist/components/toggle/use-toggle-context.js"
│  was ignored.
│
▲  Vite
│  node_modules/.pnpm/@ark-ui+react@5.39.2_react-dom@19.2.1_react@19.2.1__react@19.2.1/node_modules/@ark-ui/react/dist/components/toggle/toggle-context.js
│  (1:0): Module level directives cause errors when bundled, "use client"
│  in
│  "node_modules/.pnpm/@ark-ui+react@5.39.2_react-dom@19.2.1_react@19.2.1__react@19.2.1/node_modules/@ark-ui/react/dist/components/toggle/toggle-context.js"
│  was ignored.
│
▲  Vite
│  node_modules/.pnpm/@ark-ui+react@5.39.2_react-dom@19.2.1_react@19.2.1__react@19.2.1/node_modules/@ark-ui/react/dist/components/toggle/toggle-indicator.js
│  (1:0): Module level directives cause errors when bundled, "use client"
│  in
│  "node_modules/.pnpm/@ark-ui+react@5.39.2_react-dom@19.2.1_react@19.2.1__react@19.2.1/node_modules/@ark-ui/react/dist/components/toggle/toggle-indicator.js"
│  was ignored.
│
▲  Vite
│  node_modules/.pnpm/@ark-ui+react@5.39.2_react-dom@19.2.1_react@19.2.1__react@19.2.1/node_modules/@ark-ui/react/dist/components/toggle/use-toggle.js
│  (1:0): Module level directives cause errors when bundled, "use client"
│  in
│  "node_modules/.pnpm/@ark-ui+react@5.39.2_react-dom@19.2.1_react@19.2.1__react@19.2.1/node_modules/@ark-ui/react/dist/components/toggle/use-toggle.js"
│  was ignored.
│
▲  Vite
│  node_modules/.pnpm/@ark-ui+react@5.39.2_react-dom@19.2.1_react@19.2.1__react@19.2.1/node_modules/@ark-ui/react/dist/components/toggle/toggle-root.js
│  (1:0): Module level directives cause errors when bundled, "use client"
│  in
│  "node_modules/.pnpm/@ark-ui+react@5.39.2_react-dom@19.2.1_react@19.2.1__react@19.2.1/node_modules/@ark-ui/react/dist/components/toggle/toggle-root.js"
│  was ignored.
│
▲  Vite
│  node_modules/.pnpm/@ark-ui+react@5.39.2_react-dom@19.2.1_react@19.2.1__react@19.2.1/node_modules/@ark-ui/react/dist/components/toggle-group/toggle-group-context.js
│  (1:0): Module level directives cause errors when bundled, "use client"
│  in
│  "node_modules/.pnpm/@ark-ui+react@5.39.2_react-dom@19.2.1_react@19.2.1__react@19.2.1/node_modules/@ark-ui/react/dist/components/toggle-group/toggle-group-context.js"
│  was ignored.
│
▲  Vite
│  node_modules/.pnpm/@ark-ui+react@5.39.2_react-dom@19.2.1_react@19.2.1__react@19.2.1/node_modules/@ark-ui/react/dist/components/toggle-group/toggle-group-item.js
│  (1:0): Module level directives cause errors when bundled, "use client"
│  in
│  "node_modules/.pnpm/@ark-ui+react@5.39.2_react-dom@19.2.1_react@19.2.1__react@19.2.1/node_modules/@ark-ui/react/dist/components/toggle-group/toggle-group-item.js"
│  was ignored.
│
▲  Vite
│  node_modules/.pnpm/@ark-ui+react@5.39.2_react-dom@19.2.1_react@19.2.1__react@19.2.1/node_modules/@ark-ui/react/dist/components/toggle-group/use-toggle-group-context.js
│  (1:0): Module level directives cause errors when bundled, "use client"
│  in
│  "node_modules/.pnpm/@ark-ui+react@5.39.2_react-dom@19.2.1_react@19.2.1__react@19.2.1/node_modules/@ark-ui/react/dist/components/toggle-group/use-toggle-group-context.js"
│  was ignored.
│
▲  Vite
│  node_modules/.pnpm/@ark-ui+react@5.39.2_react-dom@19.2.1_react@19.2.1__react@19.2.1/node_modules/@ark-ui/react/dist/components/toggle-group/use-toggle-group.js
│  (1:0): Module level directives cause errors when bundled, "use client"
│  in
│  "node_modules/.pnpm/@ark-ui+react@5.39.2_react-dom@19.2.1_react@19.2.1__react@19.2.1/node_modules/@ark-ui/react/dist/components/toggle-group/use-toggle-group.js"
│  was ignored.
│
▲  Vite
│  node_modules/.pnpm/@ark-ui+react@5.39.2_react-dom@19.2.1_react@19.2.1__react@19.2.1/node_modules/@ark-ui/react/dist/components/toggle-group/toggle-group-root.js
│  (1:0): Module level directives cause errors when bundled, "use client"
│  in
│  "node_modules/.pnpm/@ark-ui+react@5.39.2_react-dom@19.2.1_react@19.2.1__react@19.2.1/node_modules/@ark-ui/react/dist/components/toggle-group/toggle-group-root.js"
│  was ignored.
│
▲  Vite
│  node_modules/.pnpm/@ark-ui+react@5.39.2_react-dom@19.2.1_react@19.2.1__react@19.2.1/node_modules/@ark-ui/react/dist/components/toggle-group/toggle-group-root-provider.js
│  (1:0): Module level directives cause errors when bundled, "use client"
│  in
│  "node_modules/.pnpm/@ark-ui+react@5.39.2_react-dom@19.2.1_react@19.2.1__react@19.2.1/node_modules/@ark-ui/react/dist/components/toggle-group/toggle-group-root-provider.js"
│  was ignored.
│
▲  Vite
│  node_modules/.pnpm/@ark-ui+react@5.39.2_react-dom@19.2.1_react@19.2.1__react@19.2.1/node_modules/@ark-ui/react/dist/components/tooltip/use-tooltip-context.js
│  (1:0): Module level directives cause errors when bundled, "use client"
│  in
│  "node_modules/.pnpm/@ark-ui+react@5.39.2_react-dom@19.2.1_react@19.2.1__react@19.2.1/node_modules/@ark-ui/react/dist/components/tooltip/use-tooltip-context.js"
│  was ignored.
│
▲  Vite
│  node_modules/.pnpm/@ark-ui+react@5.39.2_react-dom@19.2.1_react@19.2.1__react@19.2.1/node_modules/@ark-ui/react/dist/components/tooltip/tooltip-arrow.js
│  (1:0): Module level directives cause errors when bundled, "use client"
│  in
│  "node_modules/.pnpm/@ark-ui+react@5.39.2_react-dom@19.2.1_react@19.2.1__react@19.2.1/node_modules/@ark-ui/react/dist/components/tooltip/tooltip-arrow.js"
│  was ignored.
│
▲  Vite
│  node_modules/.pnpm/@ark-ui+react@5.39.2_react-dom@19.2.1_react@19.2.1__react@19.2.1/node_modules/@ark-ui/react/dist/components/tooltip/tooltip-arrow-tip.js
│  (1:0): Module level directives cause errors when bundled, "use client"
│  in
│  "node_modules/.pnpm/@ark-ui+react@5.39.2_react-dom@19.2.1_react@19.2.1__react@19.2.1/node_modules/@ark-ui/react/dist/components/tooltip/tooltip-arrow-tip.js"
│  was ignored.
│
▲  Vite
│  node_modules/.pnpm/@ark-ui+react@5.39.2_react-dom@19.2.1_react@19.2.1__react@19.2.1/node_modules/@ark-ui/react/dist/components/tooltip/tooltip-content.js
│  (1:0): Module level directives cause errors when bundled, "use client"
│  in
│  "node_modules/.pnpm/@ark-ui+react@5.39.2_react-dom@19.2.1_react@19.2.1__react@19.2.1/node_modules/@ark-ui/react/dist/components/tooltip/tooltip-content.js"
│  was ignored.
│
▲  Vite
│  node_modules/.pnpm/@ark-ui+react@5.39.2_react-dom@19.2.1_react@19.2.1__react@19.2.1/node_modules/@ark-ui/react/dist/components/tooltip/tooltip-context.js
│  (1:0): Module level directives cause errors when bundled, "use client"
│  in
│  "node_modules/.pnpm/@ark-ui+react@5.39.2_react-dom@19.2.1_react@19.2.1__react@19.2.1/node_modules/@ark-ui/react/dist/components/tooltip/tooltip-context.js"
│  was ignored.
│
▲  Vite
│  node_modules/.pnpm/@ark-ui+react@5.39.2_react-dom@19.2.1_react@19.2.1__react@19.2.1/node_modules/@ark-ui/react/dist/components/tooltip/tooltip-positioner.js
│  (1:0): Module level directives cause errors when bundled, "use client"
│  in
│  "node_modules/.pnpm/@ark-ui+react@5.39.2_react-dom@19.2.1_react@19.2.1__react@19.2.1/node_modules/@ark-ui/react/dist/components/tooltip/tooltip-positioner.js"
│  was ignored.
│
▲  Vite
│  node_modules/.pnpm/@ark-ui+react@5.39.2_react-dom@19.2.1_react@19.2.1__react@19.2.1/node_modules/@ark-ui/react/dist/components/tooltip/tooltip-root.js
│  (1:0): Module level directives cause errors when bundled, "use client"
│  in
│  "node_modules/.pnpm/@ark-ui+react@5.39.2_react-dom@19.2.1_react@19.2.1__react@19.2.1/node_modules/@ark-ui/react/dist/components/tooltip/tooltip-root.js"
│  was ignored.
│
▲  Vite
│  node_modules/.pnpm/@ark-ui+react@5.39.2_react-dom@19.2.1_react@19.2.1__react@19.2.1/node_modules/@ark-ui/react/dist/components/tooltip/tooltip-root-provider.js
│  (1:0): Module level directives cause errors when bundled, "use client"
│  in
│  "node_modules/.pnpm/@ark-ui+react@5.39.2_react-dom@19.2.1_react@19.2.1__react@19.2.1/node_modules/@ark-ui/react/dist/components/tooltip/tooltip-root-provider.js"
│  was ignored.
│
▲  Vite
│  node_modules/.pnpm/@ark-ui+react@5.39.2_react-dom@19.2.1_react@19.2.1__react@19.2.1/node_modules/@ark-ui/react/dist/components/tooltip/tooltip-trigger.js
│  (1:0): Module level directives cause errors when bundled, "use client"
│  in
│  "node_modules/.pnpm/@ark-ui+react@5.39.2_react-dom@19.2.1_react@19.2.1__react@19.2.1/node_modules/@ark-ui/react/dist/components/tooltip/tooltip-trigger.js"
│  was ignored.
│
▲  Vite
│  node_modules/.pnpm/@ark-ui+react@5.39.2_react-dom@19.2.1_react@19.2.1__react@19.2.1/node_modules/@ark-ui/react/dist/components/tour/wait-for-event.js
│  (1:0): Module level directives cause errors when bundled, "use client"
│  in
│  "node_modules/.pnpm/@ark-ui+react@5.39.2_react-dom@19.2.1_react@19.2.1__react@19.2.1/node_modules/@ark-ui/react/dist/components/tour/wait-for-event.js"
│  was ignored.
│
▲  Vite
│  node_modules/.pnpm/@ark-ui+react@5.39.2_react-dom@19.2.1_react@19.2.1__react@19.2.1/node_modules/@ark-ui/react/dist/components/tour/use-tour-context.js
│  (1:0): Module level directives cause errors when bundled, "use client"
│  in
│  "node_modules/.pnpm/@ark-ui+react@5.39.2_react-dom@19.2.1_react@19.2.1__react@19.2.1/node_modules/@ark-ui/react/dist/components/tour/use-tour-context.js"
│  was ignored.
│
▲  Vite
│  node_modules/.pnpm/@ark-ui+react@5.39.2_react-dom@19.2.1_react@19.2.1__react@19.2.1/node_modules/@ark-ui/react/dist/components/tour/tour-action-trigger.js
│  (1:0): Module level directives cause errors when bundled, "use client"
│  in
│  "node_modules/.pnpm/@ark-ui+react@5.39.2_react-dom@19.2.1_react@19.2.1__react@19.2.1/node_modules/@ark-ui/react/dist/components/tour/tour-action-trigger.js"
│  was ignored.
│
▲  Vite
│  node_modules/.pnpm/@ark-ui+react@5.39.2_react-dom@19.2.1_react@19.2.1__react@19.2.1/node_modules/@ark-ui/react/dist/components/tour/tour-actions.js
│  (1:0): Module level directives cause errors when bundled, "use client"
│  in
│  "node_modules/.pnpm/@ark-ui+react@5.39.2_react-dom@19.2.1_react@19.2.1__react@19.2.1/node_modules/@ark-ui/react/dist/components/tour/tour-actions.js"
│  was ignored.
│
▲  Vite
│  node_modules/.pnpm/@ark-ui+react@5.39.2_react-dom@19.2.1_react@19.2.1__react@19.2.1/node_modules/@ark-ui/react/dist/components/tooltip/use-tooltip.js
│  (1:0): Module level directives cause errors when bundled, "use client"
│  in
│  "node_modules/.pnpm/@ark-ui+react@5.39.2_react-dom@19.2.1_react@19.2.1__react@19.2.1/node_modules/@ark-ui/react/dist/components/tooltip/use-tooltip.js"
│  was ignored.
│
▲  Vite
│  node_modules/.pnpm/@ark-ui+react@5.39.2_react-dom@19.2.1_react@19.2.1__react@19.2.1/node_modules/@ark-ui/react/dist/components/tour/tour-arrow.js
│  (1:0): Module level directives cause errors when bundled, "use client"
│  in
│  "node_modules/.pnpm/@ark-ui+react@5.39.2_react-dom@19.2.1_react@19.2.1__react@19.2.1/node_modules/@ark-ui/react/dist/components/tour/tour-arrow.js"
│  was ignored.
│
▲  Vite
│  node_modules/.pnpm/@ark-ui+react@5.39.2_react-dom@19.2.1_react@19.2.1__react@19.2.1/node_modules/@ark-ui/react/dist/components/tour/tour-arrow-tip.js
│  (1:0): Module level directives cause errors when bundled, "use client"
│  in
│  "node_modules/.pnpm/@ark-ui+react@5.39.2_react-dom@19.2.1_react@19.2.1__react@19.2.1/node_modules/@ark-ui/react/dist/components/tour/tour-arrow-tip.js"
│  was ignored.
│
▲  Vite
│  node_modules/.pnpm/@ark-ui+react@5.39.2_react-dom@19.2.1_react@19.2.1__react@19.2.1/node_modules/@ark-ui/react/dist/components/tour/tour-backdrop.js
│  (1:0): Module level directives cause errors when bundled, "use client"
│  in
│  "node_modules/.pnpm/@ark-ui+react@5.39.2_react-dom@19.2.1_react@19.2.1__react@19.2.1/node_modules/@ark-ui/react/dist/components/tour/tour-backdrop.js"
│  was ignored.
│
▲  Vite
│  node_modules/.pnpm/@ark-ui+react@5.39.2_react-dom@19.2.1_react@19.2.1__react@19.2.1/node_modules/@ark-ui/react/dist/components/tour/tour-close-trigger.js
│  (1:0): Module level directives cause errors when bundled, "use client"
│  in
│  "node_modules/.pnpm/@ark-ui+react@5.39.2_react-dom@19.2.1_react@19.2.1__react@19.2.1/node_modules/@ark-ui/react/dist/components/tour/tour-close-trigger.js"
│  was ignored.
│
▲  Vite
│  node_modules/.pnpm/@ark-ui+react@5.39.2_react-dom@19.2.1_react@19.2.1__react@19.2.1/node_modules/@ark-ui/react/dist/components/tour/tour-content.js
│  (1:0): Module level directives cause errors when bundled, "use client"
│  in
│  "node_modules/.pnpm/@ark-ui+react@5.39.2_react-dom@19.2.1_react@19.2.1__react@19.2.1/node_modules/@ark-ui/react/dist/components/tour/tour-content.js"
│  was ignored.
│
▲  Vite
│  node_modules/.pnpm/@ark-ui+react@5.39.2_react-dom@19.2.1_react@19.2.1__react@19.2.1/node_modules/@ark-ui/react/dist/components/tour/tour-context.js
│  (1:0): Module level directives cause errors when bundled, "use client"
│  in
│  "node_modules/.pnpm/@ark-ui+react@5.39.2_react-dom@19.2.1_react@19.2.1__react@19.2.1/node_modules/@ark-ui/react/dist/components/tour/tour-context.js"
│  was ignored.
│
▲  Vite
│  node_modules/.pnpm/@ark-ui+react@5.39.2_react-dom@19.2.1_react@19.2.1__react@19.2.1/node_modules/@ark-ui/react/dist/components/tour/tour-control.js
│  (1:0): Module level directives cause errors when bundled, "use client"
│  in
│  "node_modules/.pnpm/@ark-ui+react@5.39.2_react-dom@19.2.1_react@19.2.1__react@19.2.1/node_modules/@ark-ui/react/dist/components/tour/tour-control.js"
│  was ignored.
│
▲  Vite
│  node_modules/.pnpm/@ark-ui+react@5.39.2_react-dom@19.2.1_react@19.2.1__react@19.2.1/node_modules/@ark-ui/react/dist/components/tour/tour-description.js
│  (1:0): Module level directives cause errors when bundled, "use client"
│  in
│  "node_modules/.pnpm/@ark-ui+react@5.39.2_react-dom@19.2.1_react@19.2.1__react@19.2.1/node_modules/@ark-ui/react/dist/components/tour/tour-description.js"
│  was ignored.
│
▲  Vite
│  node_modules/.pnpm/@ark-ui+react@5.39.2_react-dom@19.2.1_react@19.2.1__react@19.2.1/node_modules/@ark-ui/react/dist/components/tour/tour-positioner.js
│  (1:0): Module level directives cause errors when bundled, "use client"
│  in
│  "node_modules/.pnpm/@ark-ui+react@5.39.2_react-dom@19.2.1_react@19.2.1__react@19.2.1/node_modules/@ark-ui/react/dist/components/tour/tour-positioner.js"
│  was ignored.
│
▲  Vite
│  node_modules/.pnpm/@ark-ui+react@5.39.2_react-dom@19.2.1_react@19.2.1__react@19.2.1/node_modules/@ark-ui/react/dist/components/tour/tour-progress-text.js
│  (1:0): Module level directives cause errors when bundled, "use client"
│  in
│  "node_modules/.pnpm/@ark-ui+react@5.39.2_react-dom@19.2.1_react@19.2.1__react@19.2.1/node_modules/@ark-ui/react/dist/components/tour/tour-progress-text.js"
│  was ignored.
│
▲  Vite
│  node_modules/.pnpm/@ark-ui+react@5.39.2_react-dom@19.2.1_react@19.2.1__react@19.2.1/node_modules/@ark-ui/react/dist/components/tour/tour-root.js
│  (1:0): Module level directives cause errors when bundled, "use client"
│  in
│  "node_modules/.pnpm/@ark-ui+react@5.39.2_react-dom@19.2.1_react@19.2.1__react@19.2.1/node_modules/@ark-ui/react/dist/components/tour/tour-root.js"
│  was ignored.
│
▲  Vite
│  node_modules/.pnpm/@ark-ui+react@5.39.2_react-dom@19.2.1_react@19.2.1__react@19.2.1/node_modules/@ark-ui/react/dist/components/tour/tour-spotlight.js
│  (1:0): Module level directives cause errors when bundled, "use client"
│  in
│  "node_modules/.pnpm/@ark-ui+react@5.39.2_react-dom@19.2.1_react@19.2.1__react@19.2.1/node_modules/@ark-ui/react/dist/components/tour/tour-spotlight.js"
│  was ignored.
│
▲  Vite
│  node_modules/.pnpm/@ark-ui+react@5.39.2_react-dom@19.2.1_react@19.2.1__react@19.2.1/node_modules/@ark-ui/react/dist/components/tour/tour-title.js
│  (1:0): Module level directives cause errors when bundled, "use client"
│  in
│  "node_modules/.pnpm/@ark-ui+react@5.39.2_react-dom@19.2.1_react@19.2.1__react@19.2.1/node_modules/@ark-ui/react/dist/components/tour/tour-title.js"
│  was ignored.
│
▲  Vite
│  node_modules/.pnpm/@ark-ui+react@5.39.2_react-dom@19.2.1_react@19.2.1__react@19.2.1/node_modules/@ark-ui/react/dist/components/tour/use-tour.js
│  (1:0): Module level directives cause errors when bundled, "use client"
│  in
│  "node_modules/.pnpm/@ark-ui+react@5.39.2_react-dom@19.2.1_react@19.2.1__react@19.2.1/node_modules/@ark-ui/react/dist/components/tour/use-tour.js"
│  was ignored.
│
▲  Vite
│  node_modules/.pnpm/@ark-ui+react@5.39.2_react-dom@19.2.1_react@19.2.1__react@19.2.1/node_modules/@ark-ui/react/dist/components/listbox/listbox-item-group-label.js
│  (1:0): Module level directives cause errors when bundled, "use client"
│  in
│  "node_modules/.pnpm/@ark-ui+react@5.39.2_react-dom@19.2.1_react@19.2.1__react@19.2.1/node_modules/@ark-ui/react/dist/components/listbox/listbox-item-group-label.js"
│  was ignored.
│
▲  Vite
│  node_modules/.pnpm/@ark-ui+react@5.39.2_react-dom@19.2.1_react@19.2.1__react@19.2.1/node_modules/@ark-ui/react/dist/components/listbox/listbox-item-group.js
│  (1:0): Module level directives cause errors when bundled, "use client"
│  in
│  "node_modules/.pnpm/@ark-ui+react@5.39.2_react-dom@19.2.1_react@19.2.1__react@19.2.1/node_modules/@ark-ui/react/dist/components/listbox/listbox-item-group.js"
│  was ignored.
│
▲  Vite
│  node_modules/.pnpm/@ark-ui+react@5.39.2_react-dom@19.2.1_react@19.2.1__react@19.2.1/node_modules/@ark-ui/react/dist/components/color-picker/use-color-picker-area-props-context.js
│  (1:0): Module level directives cause errors when bundled, "use client"
│  in
│  "node_modules/.pnpm/@ark-ui+react@5.39.2_react-dom@19.2.1_react@19.2.1__react@19.2.1/node_modules/@ark-ui/react/dist/components/color-picker/use-color-picker-area-props-context.js"
│  was ignored.
│
▲  Vite
│  node_modules/.pnpm/@ark-ui+react@5.39.2_react-dom@19.2.1_react@19.2.1__react@19.2.1/node_modules/@ark-ui/react/dist/components/color-picker/use-color-picker-channel-props-context.js
│  (1:0): Module level directives cause errors when bundled, "use client"
│  in
│  "node_modules/.pnpm/@ark-ui+react@5.39.2_react-dom@19.2.1_react@19.2.1__react@19.2.1/node_modules/@ark-ui/react/dist/components/color-picker/use-color-picker-channel-props-context.js"
│  was ignored.
│
▲  Vite
│  node_modules/.pnpm/@ark-ui+react@5.39.2_react-dom@19.2.1_react@19.2.1__react@19.2.1/node_modules/@ark-ui/react/dist/components/color-picker/use-color-picker-format-context.js
│  (1:0): Module level directives cause errors when bundled, "use client"
│  in
│  "node_modules/.pnpm/@ark-ui+react@5.39.2_react-dom@19.2.1_react@19.2.1__react@19.2.1/node_modules/@ark-ui/react/dist/components/color-picker/use-color-picker-format-context.js"
│  was ignored.
│
▲  Vite
│  node_modules/.pnpm/@ark-ui+react@5.39.2_react-dom@19.2.1_react@19.2.1__react@19.2.1/node_modules/@ark-ui/react/dist/components/presence/presence-gate.js
│  (1:0): Module level directives cause errors when bundled, "use client"
│  in
│  "node_modules/.pnpm/@ark-ui+react@5.39.2_react-dom@19.2.1_react@19.2.1__react@19.2.1/node_modules/@ark-ui/react/dist/components/presence/presence-gate.js"
│  was ignored.
│
▲  Vite
│  node_modules/.pnpm/@ark-ui+react@5.39.2_react-dom@19.2.1_react@19.2.1__react@19.2.1/node_modules/@ark-ui/react/dist/components/color-picker/use-color-picker-swatch-props-context.js
│  (1:0): Module level directives cause errors when bundled, "use client"
│  in
│  "node_modules/.pnpm/@ark-ui+react@5.39.2_react-dom@19.2.1_react@19.2.1__react@19.2.1/node_modules/@ark-ui/react/dist/components/color-picker/use-color-picker-swatch-props-context.js"
│  was ignored.
│
▲  Vite
│  node_modules/.pnpm/@ark-ui+react@5.39.2_react-dom@19.2.1_react@19.2.1__react@19.2.1/node_modules/@ark-ui/react/dist/components/date-picker/use-date-picker-view-props-context.js
│  (1:0): Module level directives cause errors when bundled, "use client"
│  in
│  "node_modules/.pnpm/@ark-ui+react@5.39.2_react-dom@19.2.1_react@19.2.1__react@19.2.1/node_modules/@ark-ui/react/dist/components/date-picker/use-date-picker-view-props-context.js"
│  was ignored.
│
▲  Vite
│  node_modules/.pnpm/@ark-ui+react@5.39.2_react-dom@19.2.1_react@19.2.1__react@19.2.1/node_modules/@ark-ui/react/dist/components/date-picker/use-date-picker-table-props-context.js
│  (1:0): Module level directives cause errors when bundled, "use client"
│  in
│  "node_modules/.pnpm/@ark-ui+react@5.39.2_react-dom@19.2.1_react@19.2.1__react@19.2.1/node_modules/@ark-ui/react/dist/components/date-picker/use-date-picker-table-props-context.js"
│  was ignored.
│
▲  Vite
│  node_modules/.pnpm/@ark-ui+react@5.39.2_react-dom@19.2.1_react@19.2.1__react@19.2.1/node_modules/@ark-ui/react/dist/components/date-picker/use-date-picker-table-cell-props-context.js
│  (1:0): Module level directives cause errors when bundled, "use client"
│  in
│  "node_modules/.pnpm/@ark-ui+react@5.39.2_react-dom@19.2.1_react@19.2.1__react@19.2.1/node_modules/@ark-ui/react/dist/components/date-picker/use-date-picker-table-cell-props-context.js"
│  was ignored.
│
▲  Vite
│  node_modules/.pnpm/@ark-ui+react@5.39.2_react-dom@19.2.1_react@19.2.1__react@19.2.1/node_modules/@ark-ui/react/dist/components/file-upload/use-file-upload-item-group-props-context.js
│  (1:0): Module level directives cause errors when bundled, "use client"
│  in
│  "node_modules/.pnpm/@ark-ui+react@5.39.2_react-dom@19.2.1_react@19.2.1__react@19.2.1/node_modules/@ark-ui/react/dist/components/file-upload/use-file-upload-item-group-props-context.js"
│  was ignored.
│
▲  Vite
│  node_modules/.pnpm/@ark-ui+react@5.39.2_react-dom@19.2.1_react@19.2.1__react@19.2.1/node_modules/@ark-ui/react/dist/components/file-upload/use-file-upload-item-props-context.js
│  (1:0): Module level directives cause errors when bundled, "use client"
│  in
│  "node_modules/.pnpm/@ark-ui+react@5.39.2_react-dom@19.2.1_react@19.2.1__react@19.2.1/node_modules/@ark-ui/react/dist/components/file-upload/use-file-upload-item-props-context.js"
│  was ignored.
│
▲  Vite
│  node_modules/.pnpm/@ark-ui+react@5.39.2_react-dom@19.2.1_react@19.2.1__react@19.2.1/node_modules/@ark-ui/react/dist/components/collection/grid-collection.js
│  (1:0): Module level directives cause errors when bundled, "use client"
│  in
│  "node_modules/.pnpm/@ark-ui+react@5.39.2_react-dom@19.2.1_react@19.2.1__react@19.2.1/node_modules/@ark-ui/react/dist/components/collection/grid-collection.js"
│  was ignored.
│
▲  Vite
│  node_modules/.pnpm/@ark-ui+react@5.39.2_react-dom@19.2.1_react@19.2.1__react@19.2.1/node_modules/@ark-ui/react/dist/components/collection/use-async-list.js
│  (1:0): Module level directives cause errors when bundled, "use client"
│  in
│  "node_modules/.pnpm/@ark-ui+react@5.39.2_react-dom@19.2.1_react@19.2.1__react@19.2.1/node_modules/@ark-ui/react/dist/components/collection/use-async-list.js"
│  was ignored.
│
▲  Vite
│  node_modules/.pnpm/@ark-ui+react@5.39.2_react-dom@19.2.1_react@19.2.1__react@19.2.1/node_modules/@ark-ui/react/dist/components/collection/use-list-selection.js
│  (1:0): Module level directives cause errors when bundled, "use client"
│  in
│  "node_modules/.pnpm/@ark-ui+react@5.39.2_react-dom@19.2.1_react@19.2.1__react@19.2.1/node_modules/@ark-ui/react/dist/components/collection/use-list-selection.js"
│  was ignored.
│
▲  Vite
│  node_modules/.pnpm/@ark-ui+react@5.39.2_react-dom@19.2.1_react@19.2.1__react@19.2.1/node_modules/@ark-ui/react/dist/utils/render-strategy.js
│  (1:0): Module level directives cause errors when bundled, "use client"
│  in
│  "node_modules/.pnpm/@ark-ui+react@5.39.2_react-dom@19.2.1_react@19.2.1__react@19.2.1/node_modules/@ark-ui/react/dist/utils/render-strategy.js"
│  was ignored.
│
▲  Vite
│  node_modules/.pnpm/@ark-ui+react@5.39.2_react-dom@19.2.1_react@19.2.1__react@19.2.1/node_modules/@ark-ui/react/dist/components/accordion/use-accordion-item-props-context.js
│  (1:0): Module level directives cause errors when bundled, "use client"
│  in
│  "node_modules/.pnpm/@ark-ui+react@5.39.2_react-dom@19.2.1_react@19.2.1__react@19.2.1/node_modules/@ark-ui/react/dist/components/accordion/use-accordion-item-props-context.js"
│  was ignored.
│
▲  Vite
│  node_modules/.pnpm/@ark-ui+react@5.39.2_react-dom@19.2.1_react@19.2.1__react@19.2.1/node_modules/@ark-ui/react/dist/components/collapsible/collapsible-gate.js
│  (1:0): Module level directives cause errors when bundled, "use client"
│  in
│  "node_modules/.pnpm/@ark-ui+react@5.39.2_react-dom@19.2.1_react@19.2.1__react@19.2.1/node_modules/@ark-ui/react/dist/components/collapsible/collapsible-gate.js"
│  was ignored.
│
▲  Vite
│  node_modules/.pnpm/@ark-ui+react@5.39.2_react-dom@19.2.1_react@19.2.1__react@19.2.1/node_modules/@ark-ui/react/dist/utils/use-safe-layout-effect.js
│  (1:0): Module level directives cause errors when bundled, "use client"
│  in
│  "node_modules/.pnpm/@ark-ui+react@5.39.2_react-dom@19.2.1_react@19.2.1__react@19.2.1/node_modules/@ark-ui/react/dist/utils/use-safe-layout-effect.js"
│  was ignored.
│
▲  Vite
│  node_modules/.pnpm/@ark-ui+react@5.39.2_react-dom@19.2.1_react@19.2.1__react@19.2.1/node_modules/@ark-ui/react/dist/providers/hotkeys/use-store-snapshot.js
│  (1:0): Module level directives cause errors when bundled, "use client"
│  in
│  "node_modules/.pnpm/@ark-ui+react@5.39.2_react-dom@19.2.1_react@19.2.1__react@19.2.1/node_modules/@ark-ui/react/dist/providers/hotkeys/use-store-snapshot.js"
│  was ignored.
│
▲  Vite
│  node_modules/.pnpm/@ark-ui+react@5.39.2_react-dom@19.2.1_react@19.2.1__react@19.2.1/node_modules/@ark-ui/react/dist/utils/use-event.js
│  (1:0): Module level directives cause errors when bundled, "use client"
│  in
│  "node_modules/.pnpm/@ark-ui+react@5.39.2_react-dom@19.2.1_react@19.2.1__react@19.2.1/node_modules/@ark-ui/react/dist/utils/use-event.js"
│  was ignored.
│
▲  Vite
│  node_modules/.pnpm/@ark-ui+react@5.39.2_react-dom@19.2.1_react@19.2.1__react@19.2.1/node_modules/@ark-ui/react/dist/utils/react-activity.js
│  (1:0): Module level directives cause errors when bundled, "use client"
│  in
│  "node_modules/.pnpm/@ark-ui+react@5.39.2_react-dom@19.2.1_react@19.2.1__react@19.2.1/node_modules/@ark-ui/react/dist/utils/react-activity.js"
│  was ignored.
│
▲  Vite
│  node_modules/.pnpm/@ark-ui+react@5.39.2_react-dom@19.2.1_react@19.2.1__react@19.2.1/node_modules/@ark-ui/react/dist/components/collapsible/split-collapsible-props.js
│  (1:0): Module level directives cause errors when bundled, "use client"
│  in
│  "node_modules/.pnpm/@ark-ui+react@5.39.2_react-dom@19.2.1_react@19.2.1__react@19.2.1/node_modules/@ark-ui/react/dist/components/collapsible/split-collapsible-props.js"
│  was ignored.
│
▲  Vite
│  node_modules/.pnpm/@ark-ui+react@5.39.2_react-dom@19.2.1_react@19.2.1__react@19.2.1/node_modules/@ark-ui/react/dist/components/drawer/use-drawer-stack-store.js
│  (1:0): Module level directives cause errors when bundled, "use client"
│  in
│  "node_modules/.pnpm/@ark-ui+react@5.39.2_react-dom@19.2.1_react@19.2.1__react@19.2.1/node_modules/@ark-ui/react/dist/components/drawer/use-drawer-stack-store.js"
│  was ignored.
│
▲  Vite
│  node_modules/.pnpm/@ark-ui+react@5.39.2_react-dom@19.2.1_react@19.2.1__react@19.2.1/node_modules/@ark-ui/react/dist/utils/use-controllable-state.js
│  (1:0): Module level directives cause errors when bundled, "use client"
│  in
│  "node_modules/.pnpm/@ark-ui+react@5.39.2_react-dom@19.2.1_react@19.2.1__react@19.2.1/node_modules/@ark-ui/react/dist/utils/use-controllable-state.js"
│  was ignored.
│
▲  Vite
│  node_modules/.pnpm/@ark-ui+react@5.39.2_react-dom@19.2.1_react@19.2.1__react@19.2.1/node_modules/@ark-ui/react/dist/components/combobox/use-combobox-item-props-context.js
│  (1:0): Module level directives cause errors when bundled, "use client"
│  in
│  "node_modules/.pnpm/@ark-ui+react@5.39.2_react-dom@19.2.1_react@19.2.1__react@19.2.1/node_modules/@ark-ui/react/dist/components/combobox/use-combobox-item-props-context.js"
│  was ignored.
│
▲  Vite
│  node_modules/.pnpm/@ark-ui+react@5.39.2_react-dom@19.2.1_react@19.2.1__react@19.2.1/node_modules/@ark-ui/react/dist/components/combobox/use-combobox-item-group-props-context.js
│  (1:0): Module level directives cause errors when bundled, "use client"
│  in
│  "node_modules/.pnpm/@ark-ui+react@5.39.2_react-dom@19.2.1_react@19.2.1__react@19.2.1/node_modules/@ark-ui/react/dist/components/combobox/use-combobox-item-group-props-context.js"
│  was ignored.
│
▲  Vite
│  node_modules/.pnpm/@ark-ui+react@5.39.2_react-dom@19.2.1_react@19.2.1__react@19.2.1/node_modules/@ark-ui/react/dist/components/date-input/use-date-input-segment-group-props-context.js
│  (1:0): Module level directives cause errors when bundled, "use client"
│  in
│  "node_modules/.pnpm/@ark-ui+react@5.39.2_react-dom@19.2.1_react@19.2.1__react@19.2.1/node_modules/@ark-ui/react/dist/components/date-input/use-date-input-segment-group-props-context.js"
│  was ignored.
│
▲  Vite
│  node_modules/.pnpm/@ark-ui+react@5.39.2_react-dom@19.2.1_react@19.2.1__react@19.2.1/node_modules/@ark-ui/react/dist/components/frame/frame-content.js
│  (1:0): Module level directives cause errors when bundled, "use client"
│  in
│  "node_modules/.pnpm/@ark-ui+react@5.39.2_react-dom@19.2.1_react@19.2.1__react@19.2.1/node_modules/@ark-ui/react/dist/components/frame/frame-content.js"
│  was ignored.
│
▲  Vite
│  node_modules/.pnpm/@ark-ui+react@5.39.2_react-dom@19.2.1_react@19.2.1__react@19.2.1/node_modules/@ark-ui/react/dist/components/tree-view/use-tree-view-node-props-context.js
│  (1:0): Module level directives cause errors when bundled, "use client"
│  in
│  "node_modules/.pnpm/@ark-ui+react@5.39.2_react-dom@19.2.1_react@19.2.1__react@19.2.1/node_modules/@ark-ui/react/dist/components/tree-view/use-tree-view-node-props-context.js"
│  was ignored.
│
▲  Vite
│  node_modules/.pnpm/@ark-ui+react@5.39.2_react-dom@19.2.1_react@19.2.1__react@19.2.1/node_modules/@ark-ui/react/dist/components/json-tree-view/get-branch-value.js
│  (1:0): Module level directives cause errors when bundled, "use client"
│  in
│  "node_modules/.pnpm/@ark-ui+react@5.39.2_react-dom@19.2.1_react@19.2.1__react@19.2.1/node_modules/@ark-ui/react/dist/components/json-tree-view/get-branch-value.js"
│  was ignored.
│
▲  Vite
│  node_modules/.pnpm/@ark-ui+react@5.39.2_react-dom@19.2.1_react@19.2.1__react@19.2.1/node_modules/@ark-ui/react/dist/components/json-tree-view/json-tree-view-props-context.js
│  (1:0): Module level directives cause errors when bundled, "use client"
│  in
│  "node_modules/.pnpm/@ark-ui+react@5.39.2_react-dom@19.2.1_react@19.2.1__react@19.2.1/node_modules/@ark-ui/react/dist/components/json-tree-view/json-tree-view-props-context.js"
│  was ignored.
│
▲  Vite
│  node_modules/.pnpm/@ark-ui+react@5.39.2_react-dom@19.2.1_react@19.2.1__react@19.2.1/node_modules/@ark-ui/react/dist/components/json-tree-view/json-tree-view-node.js
│  (1:0): Module level directives cause errors when bundled, "use client"
│  in
│  "node_modules/.pnpm/@ark-ui+react@5.39.2_react-dom@19.2.1_react@19.2.1__react@19.2.1/node_modules/@ark-ui/react/dist/components/json-tree-view/json-tree-view-node.js"
│  was ignored.
│
▲  Vite
│  node_modules/.pnpm/@ark-ui+react@5.39.2_react-dom@19.2.1_react@19.2.1__react@19.2.1/node_modules/@ark-ui/react/dist/components/listbox/use-listbox-item-props-context.js
│  (1:0): Module level directives cause errors when bundled, "use client"
│  in
│  "node_modules/.pnpm/@ark-ui+react@5.39.2_react-dom@19.2.1_react@19.2.1__react@19.2.1/node_modules/@ark-ui/react/dist/components/listbox/use-listbox-item-props-context.js"
│  was ignored.
│
▲  Vite
│  node_modules/.pnpm/@ark-ui+react@5.39.2_react-dom@19.2.1_react@19.2.1__react@19.2.1/node_modules/@ark-ui/react/dist/components/menu/use-menu-option-item-props-context.js
│  (1:0): Module level directives cause errors when bundled, "use client"
│  in
│  "node_modules/.pnpm/@ark-ui+react@5.39.2_react-dom@19.2.1_react@19.2.1__react@19.2.1/node_modules/@ark-ui/react/dist/components/menu/use-menu-option-item-props-context.js"
│  was ignored.
│
▲  Vite
│  node_modules/.pnpm/@ark-ui+react@5.39.2_react-dom@19.2.1_react@19.2.1__react@19.2.1/node_modules/@ark-ui/react/dist/components/menu/use-menu-item-group-context.js
│  (1:0): Module level directives cause errors when bundled, "use client"
│  in
│  "node_modules/.pnpm/@ark-ui+react@5.39.2_react-dom@19.2.1_react@19.2.1__react@19.2.1/node_modules/@ark-ui/react/dist/components/menu/use-menu-item-group-context.js"
│  was ignored.
│
▲  Vite
│  node_modules/.pnpm/@ark-ui+react@5.39.2_react-dom@19.2.1_react@19.2.1__react@19.2.1/node_modules/@ark-ui/react/dist/utils/use-effect-once.js
│  (1:0): Module level directives cause errors when bundled, "use client"
│  in
│  "node_modules/.pnpm/@ark-ui+react@5.39.2_react-dom@19.2.1_react@19.2.1__react@19.2.1/node_modules/@ark-ui/react/dist/utils/use-effect-once.js"
│  was ignored.
│
▲  Vite
│  node_modules/.pnpm/@ark-ui+react@5.39.2_react-dom@19.2.1_react@19.2.1__react@19.2.1/node_modules/@ark-ui/react/dist/components/menu/use-menu-machine-context.js
│  (1:0): Module level directives cause errors when bundled, "use client"
│  in
│  "node_modules/.pnpm/@ark-ui+react@5.39.2_react-dom@19.2.1_react@19.2.1__react@19.2.1/node_modules/@ark-ui/react/dist/components/menu/use-menu-machine-context.js"
│  was ignored.
│
▲  Vite
│  node_modules/.pnpm/@ark-ui+react@5.39.2_react-dom@19.2.1_react@19.2.1__react@19.2.1/node_modules/@ark-ui/react/dist/components/menu/use-menu-trigger-item-context.js
│  (1:0): Module level directives cause errors when bundled, "use client"
│  in
│  "node_modules/.pnpm/@ark-ui+react@5.39.2_react-dom@19.2.1_react@19.2.1__react@19.2.1/node_modules/@ark-ui/react/dist/components/menu/use-menu-trigger-item-context.js"
│  was ignored.
│
▲  Vite
│  node_modules/.pnpm/@ark-ui+react@5.39.2_react-dom@19.2.1_react@19.2.1__react@19.2.1/node_modules/@ark-ui/react/dist/components/navigation-menu/use-navigation-menu-item-props-context.js
│  (1:0): Module level directives cause errors when bundled, "use client"
│  in
│  "node_modules/.pnpm/@ark-ui+react@5.39.2_react-dom@19.2.1_react@19.2.1__react@19.2.1/node_modules/@ark-ui/react/dist/components/navigation-menu/use-navigation-menu-item-props-context.js"
│  was ignored.
│
▲  Vite
│  node_modules/.pnpm/@ark-ui+react@5.39.2_react-dom@19.2.1_react@19.2.1__react@19.2.1/node_modules/@ark-ui/react/dist/components/navigation-menu/use-navigation-menu-viewport-props-context.js
│  (1:0): Module level directives cause errors when bundled, "use client"
│  in
│  "node_modules/.pnpm/@ark-ui+react@5.39.2_react-dom@19.2.1_react@19.2.1__react@19.2.1/node_modules/@ark-ui/react/dist/components/navigation-menu/use-navigation-menu-viewport-props-context.js"
│  was ignored.
│
▲  Vite
│  node_modules/.pnpm/@ark-ui+react@5.39.2_react-dom@19.2.1_react@19.2.1__react@19.2.1/node_modules/@ark-ui/react/dist/components/scroll-area/use-scroll-area-scrollbar-context.js
│  (1:0): Module level directives cause errors when bundled, "use client"
│  in
│  "node_modules/.pnpm/@ark-ui+react@5.39.2_react-dom@19.2.1_react@19.2.1__react@19.2.1/node_modules/@ark-ui/react/dist/components/scroll-area/use-scroll-area-scrollbar-context.js"
│  was ignored.
│
▲  Vite
│  node_modules/.pnpm/@ark-ui+react@5.39.2_react-dom@19.2.1_react@19.2.1__react@19.2.1/node_modules/@ark-ui/react/dist/components/segment-group/use-segment-group-item-props-context.js
│  (1:0): Module level directives cause errors when bundled, "use client"
│  in
│  "node_modules/.pnpm/@ark-ui+react@5.39.2_react-dom@19.2.1_react@19.2.1__react@19.2.1/node_modules/@ark-ui/react/dist/components/segment-group/use-segment-group-item-props-context.js"
│  was ignored.
│
▲  Vite
│  node_modules/.pnpm/@ark-ui+react@5.39.2_react-dom@19.2.1_react@19.2.1__react@19.2.1/node_modules/@ark-ui/react/dist/components/select/use-select-item-props-context.js
│  (1:0): Module level directives cause errors when bundled, "use client"
│  in
│  "node_modules/.pnpm/@ark-ui+react@5.39.2_react-dom@19.2.1_react@19.2.1__react@19.2.1/node_modules/@ark-ui/react/dist/components/select/use-select-item-props-context.js"
│  was ignored.
│
▲  Vite
│  node_modules/.pnpm/@ark-ui+react@5.39.2_react-dom@19.2.1_react@19.2.1__react@19.2.1/node_modules/@ark-ui/react/dist/components/select/use-select-item-group-props.js
│  (1:0): Module level directives cause errors when bundled, "use client"
│  in
│  "node_modules/.pnpm/@ark-ui+react@5.39.2_react-dom@19.2.1_react@19.2.1__react@19.2.1/node_modules/@ark-ui/react/dist/components/select/use-select-item-group-props.js"
│  was ignored.
│
▲  Vite
│  node_modules/.pnpm/@ark-ui+react@5.39.2_react-dom@19.2.1_react@19.2.1__react@19.2.1/node_modules/@ark-ui/react/dist/components/slider/use-slider-thumb-props-context.js
│  (1:0): Module level directives cause errors when bundled, "use client"
│  in
│  "node_modules/.pnpm/@ark-ui+react@5.39.2_react-dom@19.2.1_react@19.2.1__react@19.2.1/node_modules/@ark-ui/react/dist/components/slider/use-slider-thumb-props-context.js"
│  was ignored.
│
▲  Vite
│  node_modules/.pnpm/@ark-ui+react@5.39.2_react-dom@19.2.1_react@19.2.1__react@19.2.1/node_modules/@ark-ui/react/dist/components/radio-group/use-radio-group-item-props-context.js
│  (1:0): Module level directives cause errors when bundled, "use client"
│  in
│  "node_modules/.pnpm/@ark-ui+react@5.39.2_react-dom@19.2.1_react@19.2.1__react@19.2.1/node_modules/@ark-ui/react/dist/components/radio-group/use-radio-group-item-props-context.js"
│  was ignored.
│
▲  Vite
│  node_modules/.pnpm/@ark-ui+react@5.39.2_react-dom@19.2.1_react@19.2.1__react@19.2.1/node_modules/@ark-ui/react/dist/components/splitter/use-splitter-resize-trigger-props-context.js
│  (1:0): Module level directives cause errors when bundled, "use client"
│  in
│  "node_modules/.pnpm/@ark-ui+react@5.39.2_react-dom@19.2.1_react@19.2.1__react@19.2.1/node_modules/@ark-ui/react/dist/components/splitter/use-splitter-resize-trigger-props-context.js"
│  was ignored.
│
▲  Vite
│  node_modules/.pnpm/@ark-ui+react@5.39.2_react-dom@19.2.1_react@19.2.1__react@19.2.1/node_modules/@ark-ui/react/dist/components/steps/use-steps-item-props-context.js
│  (1:0): Module level directives cause errors when bundled, "use client"
│  in
│  "node_modules/.pnpm/@ark-ui+react@5.39.2_react-dom@19.2.1_react@19.2.1__react@19.2.1/node_modules/@ark-ui/react/dist/components/steps/use-steps-item-props-context.js"
│  was ignored.
│
▲  Vite
│  node_modules/.pnpm/@ark-ui+react@5.39.2_react-dom@19.2.1_react@19.2.1__react@19.2.1/node_modules/@ark-ui/react/dist/components/tags-input/use-tags-input-item-props-context.js
│  (1:0): Module level directives cause errors when bundled, "use client"
│  in
│  "node_modules/.pnpm/@ark-ui+react@5.39.2_react-dom@19.2.1_react@19.2.1__react@19.2.1/node_modules/@ark-ui/react/dist/components/tags-input/use-tags-input-item-props-context.js"
│  was ignored.
│
▲  Vite
│  node_modules/.pnpm/@ark-ui+react@5.39.2_react-dom@19.2.1_react@19.2.1__react@19.2.1/node_modules/@ark-ui/react/dist/components/listbox/use-listbox-item-group-props.js
│  (1:0): Module level directives cause errors when bundled, "use client"
│  in
│  "node_modules/.pnpm/@ark-ui+react@5.39.2_react-dom@19.2.1_react@19.2.1__react@19.2.1/node_modules/@ark-ui/react/dist/components/listbox/use-listbox-item-group-props.js"
│  was ignored.
│
▲  Vite
│  node_modules/.pnpm/@zag-js+react@1.43.3_react-dom@19.2.1_react@19.2.1__react@19.2.1/node_modules/@zag-js/react/dist/machine.mjs
│  (1:0): Module level directives cause errors when bundled, "use client"
│  in
│  "node_modules/.pnpm/@zag-js+react@1.43.3_react-dom@19.2.1_react@19.2.1__react@19.2.1/node_modules/@zag-js/react/dist/machine.mjs"
│  was ignored.
│
▲  Vite
│  node_modules/.pnpm/@zag-js+react@1.43.3_react-dom@19.2.1_react@19.2.1__react@19.2.1/node_modules/@zag-js/react/dist/portal.mjs
│  (1:0): Module level directives cause errors when bundled, "use client"
│  in
│  "node_modules/.pnpm/@zag-js+react@1.43.3_react-dom@19.2.1_react@19.2.1__react@19.2.1/node_modules/@zag-js/react/dist/portal.mjs"
│  was ignored.
│
▲  Vite
│  node_modules/.pnpm/@ark-ui+react@5.39.2_react-dom@19.2.1_react@19.2.1__react@19.2.1/node_modules/@ark-ui/react/dist/components/json-tree-view/json-tree-view-key-node.js
│  (1:0): Module level directives cause errors when bundled, "use client"
│  in
│  "node_modules/.pnpm/@ark-ui+react@5.39.2_react-dom@19.2.1_react@19.2.1__react@19.2.1/node_modules/@ark-ui/react/dist/components/json-tree-view/json-tree-view-key-node.js"
│  was ignored.
│
▲  Vite
│  node_modules/.pnpm/@ark-ui+react@5.39.2_react-dom@19.2.1_react@19.2.1__react@19.2.1/node_modules/@ark-ui/react/dist/components/json-tree-view/json-tree-view-value-node.js
│  (1:0): Module level directives cause errors when bundled, "use client"
│  in
│  "node_modules/.pnpm/@ark-ui+react@5.39.2_react-dom@19.2.1_react@19.2.1__react@19.2.1/node_modules/@ark-ui/react/dist/components/json-tree-view/json-tree-view-value-node.js"
│  was ignored.
│
▲  Vite
│  node_modules/.pnpm/@zag-js+react@1.43.3_react-dom@19.2.1_react@19.2.1__react@19.2.1/node_modules/@zag-js/react/dist/refs.mjs
│  (1:0): Module level directives cause errors when bundled, "use client"
│  in
│  "node_modules/.pnpm/@zag-js+react@1.43.3_react-dom@19.2.1_react@19.2.1__react@19.2.1/node_modules/@zag-js/react/dist/refs.mjs"
│  was ignored.
│
▲  Vite
│  node_modules/.pnpm/@zag-js+react@1.43.3_react-dom@19.2.1_react@19.2.1__react@19.2.1/node_modules/@zag-js/react/dist/bindable.mjs
│  (1:0): Module level directives cause errors when bundled, "use client"
│  in
│  "node_modules/.pnpm/@zag-js+react@1.43.3_react-dom@19.2.1_react@19.2.1__react@19.2.1/node_modules/@zag-js/react/dist/bindable.mjs"
│  was ignored.
│
▲  Vite
│  node_modules/.pnpm/@zag-js+react@1.43.3_react-dom@19.2.1_react@19.2.1__react@19.2.1/node_modules/@zag-js/react/dist/stable.mjs
│  (1:0): Module level directives cause errors when bundled, "use client"
│  in
│  "node_modules/.pnpm/@zag-js+react@1.43.3_react-dom@19.2.1_react@19.2.1__react@19.2.1/node_modules/@zag-js/react/dist/stable.mjs"
│  was ignored.
│
▲  Vite
│  node_modules/.pnpm/@zag-js+react@1.43.3_react-dom@19.2.1_react@19.2.1__react@19.2.1/node_modules/@zag-js/react/dist/track.mjs
│  (1:0): Module level directives cause errors when bundled, "use client"
│  in
│  "node_modules/.pnpm/@zag-js+react@1.43.3_react-dom@19.2.1_react@19.2.1__react@19.2.1/node_modules/@zag-js/react/dist/track.mjs"
│  was ignored.
│
▲  Vite
│  node_modules/.pnpm/@zag-js+react@1.43.3_react-dom@19.2.1_react@19.2.1__react@19.2.1/node_modules/@zag-js/react/dist/use-layout-effect.mjs
│  (1:0): Module level directives cause errors when bundled, "use client"
│  in
│  "node_modules/.pnpm/@zag-js+react@1.43.3_react-dom@19.2.1_react@19.2.1__react@19.2.1/node_modules/@zag-js/react/dist/use-layout-effect.mjs"
│  was ignored.
│  Vite ✓ 2024 modules transformed.
│  Vite rendering chunks...
│  Vite computing gzip size...
│  Vite storybook-static/iframe.html
│  18.76 kB │ gzip:   5.25 kB
│  Vite storybook-static/assets/iframe-Co8s_7IH.css
│  0.69 kB │ gzip:   0.33 kB
│  Vite storybook-static/assets/list-collection-BDXqrQQZ.js
│  0.08 kB │ gzip:   0.09 kB
│  Vite storybook-static/assets/date-picker.parse-BzIo-RAF.js
│  0.19 kB │ gzip:   0.17 kB
│  Vite storybook-static/assets/client-only-D-hDDwYf.js
│  0.22 kB │ gzip:   0.20 kB
│  Vite storybook-static/assets/formatter-EIJCOSYU-2L06VZgm.js
│  0.26 kB │ gzip:   0.22 kB
│  Vite storybook-static/assets/presence-DMFFz4Dj.js
│  0.33 kB │ gzip:   0.25 kB
│  Vite storybook-static/assets/arkStory-BAQoeQ_l.js
│  0.43 kB │ gzip:   0.40 kB
│  Vite storybook-static/assets/focus-trap-Bk9V1HlV.js
│  0.45 kB │ gzip:   0.31 kB
│  Vite storybook-static/assets/arkAdditionsDemo-CDZ-zp5O.js
│  0.51 kB │ gzip:   0.38 kB
│  Vite storybook-static/assets/LoongArkSpinner.stories-hQgaMiPY.js
│  0.60 kB │ gzip:   0.40 kB
│  Vite storybook-static/assets/LoongArkContainer.stories-CQZnhLXA.js
│  0.67 kB │ gzip:   0.48 kB
│  Vite storybook-static/assets/LoongArkHighlight.stories-B2x6NfGK.js
│  0.68 kB │ gzip:   0.41 kB
│  Vite storybook-static/assets/LoongArkPaper.stories-OktadJU2.js
│  0.69 kB │ gzip:   0.47 kB
│  Vite storybook-static/assets/LoongArkBox.stories-Bf0E_KDy.js
│  0.70 kB │ gzip:   0.50 kB
│  Vite storybook-static/assets/conversationDemo-DgFmLi8l.js
│  0.70 kB │ gzip:   0.39 kB
│  Vite storybook-static/assets/LoongArkClientOnly.stories-DuVmsNQb.js
│  0.72 kB │ gzip:   0.43 kB
│  Vite storybook-static/assets/LoongArkSeparator.stories-QIZ6nsmM.js
│  0.74 kB │ gzip:   0.44 kB
│  Vite storybook-static/assets/LoongArkLink.stories-B76AUkQY.js
│  0.78 kB │ gzip:   0.53 kB
│  Vite storybook-static/assets/LoongArkAvatarGroup.stories-D8OAt-RD.js
│  0.78 kB │ gzip:   0.52 kB
│  Vite storybook-static/assets/LoongArkLabel.stories-BSTng0JA.js
│  0.81 kB │ gzip:   0.47 kB
│  Vite storybook-static/assets/LoongArkQRCode.stories-ByVrZ82f.js
│  0.81 kB │ gzip:   0.45 kB
│  Vite storybook-static/assets/LoongArkKbd.stories-95BQSKsV.js
│  0.82 kB │ gzip:   0.46 kB
│  Vite storybook-static/assets/LoongArkPresence.stories-8fMEvLph.js
│  0.85 kB │ gzip:   0.53 kB
│  Vite storybook-static/assets/LoongArkButtonGroup.stories-Cu7hG8rZ.js
│  0.85 kB │ gzip:   0.45 kB
│  Vite
│  storybook-static/assets/LoongArkBottomNavigation.stories-BfphO1a8.js
│  0.85 kB │ gzip:   0.58 kB
│  Vite storybook-static/assets/LoongArkList.stories-DoYwYjVt.js
│  0.87 kB │ gzip:   0.57 kB
│  Vite storybook-static/assets/mediaDemo-CDe9MMdg.js
│  0.89 kB │ gzip:   0.59 kB
│  Vite storybook-static/assets/LoongArkAlert.stories-qCPtKiEt.js
│  0.89 kB │ gzip:   0.48 kB
│  Vite
│  storybook-static/assets/LoongArkDownloadTrigger.stories-DKRBAB5c.js
│  0.92 kB │ gzip:   0.49 kB
│  Vite storybook-static/assets/LoongArkBadge.stories-CYMRat_l.js
│  0.93 kB │ gzip:   0.50 kB
│  Vite storybook-static/assets/LoongArkAppBar.stories-DQdBcWLA.js
│  0.93 kB │ gzip:   0.57 kB
│  Vite storybook-static/assets/LoongArkNativeSelect.stories-Bh_IfkHh.js
│  0.93 kB │ gzip:   0.48 kB
│  Vite storybook-static/assets/LoongArkTimeline.stories-DWnqyK3i.js
│  0.94 kB │ gzip:   0.63 kB
│  Vite storybook-static/assets/LoongArkDirection.stories-CVBZHJAp.js
│  0.95 kB │ gzip:   0.51 kB
│  Vite storybook-static/assets/LoongArkFocusTrap.stories-DcYkURCp.js
│  0.95 kB │ gzip:   0.55 kB
│  Vite storybook-static/assets/LoongArkAspectRatio.stories-zjq_7tsU.js
│  0.96 kB │ gzip:   0.52 kB
│  Vite storybook-static/assets/LoongArkInputGroup.stories-CKdas6MB.js
│  1.01 kB │ gzip:   0.52 kB
│  Vite storybook-static/assets/LoongArkSheet.stories-TSTbU82b.js
│  1.05 kB │ gzip:   0.57 kB
│  Vite storybook-static/assets/LoongArkSkeleton.stories-ODZz-OLr.js
│  1.09 kB │ gzip:   0.51 kB
│  Vite storybook-static/assets/LoongArkGrid.stories-BqDzn2iy.js
│  1.10 kB │ gzip:   0.60 kB
│  Vite storybook-static/assets/LoongArkAngleSlider.stories-PEk1IBNB.js
│  1.10 kB │ gzip:   0.53 kB
│  Vite storybook-static/assets/LoongArkField.stories-CjqJWJCC.js
│  1.12 kB │ gzip:   0.55 kB
│  Vite storybook-static/assets/LoongArkMarquee.stories-C9iU38ai.js
│  1.15 kB │ gzip:   0.55 kB
│  Vite storybook-static/assets/LoongArkSignaturePad.stories-Bi8vlopy.js
│  1.15 kB │ gzip:   0.51 kB
│  Vite storybook-static/assets/LoongArkStack.stories-BNeMJInb.js
│  1.15 kB │ gzip:   0.57 kB
│  Vite storybook-static/assets/LoongArkToggle.stories-DI-niaRG.js
│  1.16 kB │ gzip:   0.58 kB
│  Vite storybook-static/assets/LoongArkMasonry.stories-BBcK6DOJ.js
│  1.16 kB │ gzip:   0.54 kB
│  Vite storybook-static/assets/LoongArkCommand.stories-Djn1kPdJ.js
│  1.18 kB │ gzip:   0.67 kB
│  Vite storybook-static/assets/LoongArkEmpty.stories-uZ_oYjln.js
│  1.19 kB │ gzip:   0.54 kB
│  Vite storybook-static/assets/LoongArkButton.stories-DYK81xeq.js
│  1.20 kB │ gzip:   0.64 kB
│  Vite storybook-static/assets/LoongArkFieldset.stories-Do4Wt5k5.js
│  1.20 kB │ gzip:   0.55 kB
│  Vite storybook-static/assets/LoongArkItem.stories-CnKo_bGG.js
│  1.21 kB │ gzip:   0.56 kB
│  Vite storybook-static/assets/preload-helper-PPVm8Dsz.js
│  1.23 kB │ gzip:   0.71 kB
│  Vite storybook-static/assets/LoongArkBreadcrumb.stories-C3ERuJhb.js
│  1.24 kB │ gzip:   0.53 kB
│  Vite storybook-static/assets/LoongArkContextMenu.stories-Dsz7KZgM.js
│  1.28 kB │ gzip:   0.55 kB
│  Vite storybook-static/assets/LoongArkDialog.stories-CSzkeQVc.js
│  1.35 kB │ gzip:   0.75 kB
│  Vite storybook-static/assets/LoongArkBubble.stories--nPHXp59.js
│  1.36 kB │ gzip:   0.54 kB
│  Vite storybook-static/assets/LoongArkImageList.stories-DzyLIlKH.js
│  1.40 kB │ gzip:   0.62 kB
│  Vite storybook-static/assets/LoongArkCollapsible.stories-DycfVFJB.js
│  1.40 kB │ gzip:   0.67 kB
│  Vite storybook-static/assets/LoongArkSwap.stories-BEUzXz9c.js
│  1.55 kB │ gzip:   0.82 kB
│  Vite storybook-static/assets/LoongArkSwitch.stories-C8Odl8hA.js
│  1.55 kB │ gzip:   0.75 kB
│  Vite storybook-static/assets/LoongArkTransferList.stories-DpZbzwPi.js
│  1.56 kB │ gzip:   0.55 kB
│  Vite storybook-static/assets/LoongArkToggleGroup.stories-BFPIyHZT.js
│  1.57 kB │ gzip:   0.66 kB
│  Vite storybook-static/assets/download-trigger-XJdl618b.js
│  1.60 kB │ gzip:   0.89 kB
│  Vite storybook-static/assets/LoongArkTimer.stories-CRPUWmOi.js
│  1.63 kB │ gzip:   0.63 kB
│  Vite
│  storybook-static/assets/LoongArkMessageScroller.stories-BY8mIXi6.js
│  1.68 kB │ gzip:   0.77 kB
│  Vite storybook-static/assets/LoongArkCard.stories-BRkRrIm1.js
│  1.69 kB │ gzip:   0.68 kB
│  Vite storybook-static/assets/LoongArkSegmentGroup.stories-C1rgu3Ku.js
│  1.72 kB │ gzip:   0.70 kB
│  Vite storybook-static/assets/LoongArkTable.stories-BIu6VKsq.js
│  1.72 kB │ gzip:   0.67 kB
│  Vite storybook-static/assets/LoongArkFormat.stories-wfvPpeAO.js
│  1.74 kB │ gzip:   0.83 kB
│  Vite storybook-static/assets/LoongArkMessage.stories-DHqspE-e.js
│  1.74 kB │ gzip:   0.71 kB
│  Vite storybook-static/assets/LoongArkTypography.stories-C9t0LDPx.js
│  1.74 kB │ gzip:   0.70 kB
│  Vite storybook-static/assets/LoongArkFrame.stories-EfO10tSN.js
│  1.75 kB │ gzip:   0.75 kB
│  Vite storybook-static/assets/LoongArkFloatingPanel.stories-dGde-3HJ.js
│  1.76 kB │ gzip:   0.62 kB
│  Vite
│  storybook-static/assets/LoongArkNavigationMenu.stories-Cp5XNVML.js
│  1.76 kB │ gzip:   0.63 kB
│  Vite
│  storybook-static/assets/LoongArkFloatingActionButton.stories-Bvd3w80q.js
│  1.81 kB │ gzip:   0.65 kB
│  Vite storybook-static/assets/frame-CfONnkjb.js
│  1.82 kB │ gzip:   0.93 kB
│  Vite storybook-static/assets/LoongArkChip.stories-D_q070zr.js
│  1.84 kB │ gzip:   0.89 kB
│  Vite storybook-static/assets/LoongArkFilterBar.stories-eQfJNo0R.js
│  1.84 kB │ gzip:   0.85 kB
│  Vite storybook-static/assets/LoongArkAlertDialog.stories-YQ0x4Wso.js
│  1.88 kB │ gzip:   0.64 kB
│  Vite
│  storybook-static/assets/CompleteDemo.FilterBar.stories-Bsn66wtG.js
│  1.90 kB │ gzip:   1.03 kB
│  Vite storybook-static/assets/LoongArkAccordion.stories-1HPkgSwt.js
│  1.91 kB │ gzip:   0.79 kB
│  Vite storybook-static/assets/highlight-qxjxGkJ8.js
│  1.92 kB │ gzip:   0.95 kB
│  Vite storybook-static/assets/LoongArkJsonTreeView.stories-B_lZ5M9i.js
│  1.93 kB │ gzip:   0.85 kB
│  Vite storybook-static/assets/LoongArkSidebar.stories-Z_EjIlEU.js
│  1.95 kB │ gzip:   0.70 kB
│  Vite storybook-static/assets/LoongArkAttachment.stories-CEs1Vlao.js
│  1.95 kB │ gzip:   0.76 kB
│  Vite storybook-static/assets/ConversationGallery.stories-YzXWLz5D.js
│  2.03 kB │ gzip:   1.13 kB
│  Vite storybook-static/assets/LoongArkTabs.stories-CcHcWfZU.js
│  2.04 kB │ gzip:   0.90 kB
│  Vite storybook-static/assets/LoongArkTimePicker.stories-CyC1eRx2.js
│  2.04 kB │ gzip:   0.72 kB
│  Vite storybook-static/assets/NeutralGallery.stories-D4-gIMzi.js
│  2.06 kB │ gzip:   0.96 kB
│  Vite storybook-static/assets/LoongArkListbox.stories-Bmk0IqcZ.js
│  2.10 kB │ gzip:   0.92 kB
│  Vite storybook-static/assets/LoongArkMenubar.stories-Cu9FrXz-.js
│  2.17 kB │ gzip:   0.64 kB
│  Vite storybook-static/assets/LoongArkSpeedDial.stories-CRFKzmo8.js
│  2.18 kB │ gzip:   0.81 kB
│  Vite storybook-static/assets/LoongArkDateInput.stories-CXGyF_9W.js
│  2.19 kB │ gzip:   1.06 kB
│  Vite storybook-static/assets/ActionMediaGallery.stories-ByE8foac.js
│  2.23 kB │ gzip:   1.04 kB
│  Vite
│  storybook-static/assets/AdvancedSelectionOverview.stories-DRsM0MIx.js
│  2.31 kB │ gzip:   1.17 kB
│  Vite storybook-static/assets/LoongArkNumberInput.stories-CaogT96z.js
│  2.36 kB │ gzip:   0.85 kB
│  Vite storybook-static/assets/LoongArkImageCropper.stories-DD8FzOnA.js
│  2.38 kB │ gzip:   1.19 kB
│  Vite
│  storybook-static/assets/SelectionInputsGallery.stories-CXkIOmCK.js
│  2.40 kB │ gzip:   1.14 kB
│  Vite storybook-static/assets/LoongArkClipboard.stories-sW5MqCJ0.js
│  2.43 kB │ gzip:   0.83 kB
│  Vite storybook-static/assets/LoongArkRatingGroup.stories-eAAGZlsP.js
│  2.48 kB │ gzip:   0.89 kB
│  Vite storybook-static/assets/LoongArkCheckbox.stories-VWgzcNAJ.js
│  2.49 kB │ gzip:   1.06 kB
│  Vite storybook-static/assets/LoongArkScrollArea.stories-BoBT2F7h.js
│  2.50 kB │ gzip:   0.82 kB
│  Vite storybook-static/assets/LoongArkSplitter.stories-SH_pJtiF.js
│  2.50 kB │ gzip:   0.82 kB
│  Vite
│  storybook-static/assets/CompleteDemo.ButtonInputDialog.stories-CxKT9Fdj.js
│  2.52 kB │ gzip:   1.20 kB
│  Vite storybook-static/assets/LoongArkHoverCard.stories-BBywVBEM.js
│  2.55 kB │ gzip:   0.81 kB
│  Vite storybook-static/assets/LoongArkPasswordInput.stories-BfMVsuHB.js
│  2.57 kB │ gzip:   0.80 kB
│  Vite storybook-static/assets/LoongArkEditable.stories-Bdmh4yvj.js
│  2.58 kB │ gzip:   0.87 kB
│  Vite storybook-static/assets/LoongArkTooltip.stories-BgTIW9y1.js
│  2.64 kB │ gzip:   0.98 kB
│  Vite storybook-static/assets/LoongArkFileUpload.stories-CR3XOG6q.js
│  2.67 kB │ gzip:   0.96 kB
│  Vite storybook-static/assets/ChartOverview.stories-CvrFNKLO.js
│  2.71 kB │ gzip:   1.23 kB
│  Vite storybook-static/assets/LoongArkCarousel.stories-KMFrlOm3.js
│  2.76 kB │ gzip:   0.92 kB
│  Vite storybook-static/assets/LoongArkToc.stories-D_z0rVb_.js
│  2.82 kB │ gzip:   1.42 kB
│  Vite storybook-static/assets/FoundationsGallery.stories-DwIlJMhg.js
│  2.84 kB │ gzip:   1.30 kB
│  Vite storybook-static/assets/LoongArkDrawer.stories-NMAsWLah.js
│  2.85 kB │ gzip:   1.22 kB
│  Vite storybook-static/assets/LoongArkCalendar.stories-DFrv_okS.js
│  2.86 kB │ gzip:   0.92 kB
│  Vite storybook-static/assets/ProjectTablesGallery.stories-D2h78VTv.js
│  2.95 kB │ gzip:   1.23 kB
│  Vite storybook-static/assets/ArkUtilitiesOverview.stories-CJTgVahP.js
│  2.95 kB │ gzip:   1.34 kB
│  Vite storybook-static/assets/LoongArkColorPicker.stories-DWhnP0dS.js
│  2.95 kB │ gzip:   1.01 kB
│  Vite storybook-static/assets/LoongArkSteps.stories-CiYOpsAC.js
│  2.98 kB │ gzip:   0.99 kB
│  Vite storybook-static/assets/LoongArkSelect.stories-Bas0XkpR.js
│  2.98 kB │ gzip:   1.32 kB
│  Vite storybook-static/assets/LoongArkTextarea.stories-ClYx9qFl.js
│  3.03 kB │ gzip:   1.20 kB
│  Vite storybook-static/assets/LoongArkRadioGroup.stories-Dyz2mqLt.js
│  3.03 kB │ gzip:   1.12 kB
│  Vite storybook-static/assets/LoongArkTagsInput.stories-B_VUxFap.js
│  3.05 kB │ gzip:   0.99 kB
│  Vite storybook-static/assets/LoongArkProgress.stories-DpTbFui7.js
│  3.10 kB │ gzip:   1.05 kB
│  Vite storybook-static/assets/LoongArkAvatar.stories-aIU-w-1w.js
│  3.19 kB │ gzip:   1.19 kB
│  Vite storybook-static/assets/LoongArkPagination.stories-CPjsK_PU.js
│  3.23 kB │ gzip:   1.10 kB
│  Vite storybook-static/assets/LoongArkSlider.stories-Dx-jNGAe.js
│  3.36 kB │ gzip:   1.16 kB
│  Vite storybook-static/assets/LoongArkPopover.stories-DT4SEah4.js
│  3.40 kB │ gzip:   0.93 kB
│  Vite storybook-static/assets/LoongArkDatePicker.stories-D9UyulQF.js
│  3.45 kB │ gzip:   1.36 kB
│  Vite storybook-static/assets/LoongArkCombobox.stories-XiSZRxa_.js
│  3.47 kB │ gzip:   1.36 kB
│  Vite storybook-static/assets/LoongArkTreeView.stories-DGa_TjF3.js
│  3.47 kB │ gzip:   1.11 kB
│  Vite storybook-static/assets/LoongArkMenu.stories-KnsimQze.js
│  4.44 kB │ gzip:   1.28 kB
│  Vite storybook-static/assets/LoongArkToast.stories-DawTP34s.js
│  4.70 kB │ gzip:   2.07 kB
│  Vite storybook-static/assets/LoongArkQuestionnaire.stories-DI5S4rhf.js
│  4.97 kB │ gzip:   1.74 kB
│  Vite storybook-static/assets/LoongArkChart.stories-wocW4Ida.js
│  5.02 kB │ gzip:   1.79 kB
│  Vite storybook-static/assets/LoongArkDataTable.stories-CZrRyhBT.js
│  6.28 kB │ gzip:   2.42 kB
│  Vite storybook-static/assets/LoongArkPinInput.stories-C7ytNSkb.js
│  7.43 kB │ gzip:   1.39 kB
│  Vite storybook-static/assets/LoongArkInput.stories-B4Colgx3.js
│  15.95 kB │ gzip:   2.39 kB
│  Vite storybook-static/assets/LoongArkTour.stories-rDkp88SC.js
│  18.55 kB │ gzip:   6.32 kB
│  Vite storybook-static/vite-inject-mocker-entry.js
│  28.11 kB │ gzip:   9.82 kB
│  Vite storybook-static/assets/Color-FRDS63T2-TFSUnruQ.js
│  29.97 kB │ gzip:  11.37 kB
│  Vite storybook-static/assets/WithTooltip-65CFNBJE-NKVN4nSD.js
│  33.08 kB │ gzip:  11.65 kB
│  Vite storybook-static/assets/syntaxhighlighter-OH4MV7E3-D2plQohi.js
│  78.16 kB │ gzip:  27.41 kB
│  Vite storybook-static/assets/react-18-Dt-7wwvq.js
│  181.24 kB │ gzip:  57.04 kB
│  Vite storybook-static/assets/DocsRenderer-LL677BLK-DwyJW2Bn.js
│  816.42 kB │ gzip: 261.29 kB
│  Vite storybook-static/assets/iframe-CL3zjvEL.js
│  2,578.43 kB │ gzip: 658.52 kB
│
▲  Vite
│  (!) Some chunks are larger than 500 kB after minification. Consider:
│  - Using dynamic import() to code-split the application
│  - Use build.rollupOptions.output.manualChunks to improve chunking:
│  ]8;;https://rollupjs.org/configuration-options/#output-manualchunkshttps://rollupjs.org/configuration-options/#output-manualchunks]8;;
│  - Adjust chunk size limit for this warning via
│  build.chunkSizeWarningLimit.
│  Vite ✓ built in 16.93s
│
◇  Output directory: /workspace/loongark/storybook-static
│
└  Storybook build completed successfully
